solid OpenSCAD_Model
  facet normal 0 0 -1
    outer loop
      vertex 0.8265866388350593 1.5649542839651174 0
      vertex 0.5358983848622456 2 0
      vertex 1.1715728752538097 1.1715728752538097 0
    endloop
  endfacet
  facet normal 0 0 -1
    outer loop
      vertex 0.5358983848622456 2 0
      vertex 1.5649542839651174 0.8265866388350593 0
      vertex 1.1715728752538097 1.1715728752538097 0
    endloop
  endfacet
  facet normal 0 0 -1
    outer loop
      vertex 0.5358983848622456 2 0
      vertex 0.30448186995485305 2.4692662705396407 0
      vertex 0.13629669484372675 2.964723819589917 0
    endloop
  endfacet
  facet normal 0 0 -1
    outer loop
      vertex 0.5358983848622456 2 0
      vertex 0.13629669484372675 2.964723819589917 0
      vertex 0 4 0
    endloop
  endfacet
  facet normal 0 0 -1
    outer loop
      vertex 0.13629669484372675 2.964723819589917 0
      vertex 0.03422055450475847 3.4778952311197937 0
      vertex 0 4 0
    endloop
  endfacet
  facet normal 0 0 -1
    outer loop
      vertex 0.5358983848622456 2 0
      vertex 2.964723819589917 0.13629669484372675 0
      vertex 1.5649542839651174 0.8265866388350593 0
    endloop
  endfacet
  facet normal 0 0 -1
    outer loop
      vertex 1.5649542839651174 0.8265866388350593 0
      vertex 2.964723819589917 0.13629669484372675 0
      vertex 2 0.5358983848622456 0
    endloop
  endfacet
  facet normal 0 0 -1
    outer loop
      vertex 2 0.5358983848622456 0
      vertex 2.964723819589917 0.13629669484372675 0
      vertex 2.4692662705396407 0.30448186995485305 0
    endloop
  endfacet
  facet normal 0 0 -1
    outer loop
      vertex 2.964723819589917 0.13629669484372675 0
      vertex 4 0 0
      vertex 3.4778952311197937 0.03422055450475847 0
    endloop
  endfacet
  facet normal -0.8314696123025456 -0.555570233019602 0
    outer loop
      vertex 0.8265866388350593 1.5649542839651174 0
      vertex 0.8265866388350593 1.5649542839651174 17
      vertex 0.5358983848622456 2 0
    endloop
  endfacet
  facet normal -0.7518398074789777 -0.6593458151000685 0
    outer loop
      vertex 0.8265866388350593 1.5649542839651174 0
      vertex 1.1715728752538097 1.1715728752538097 0
      vertex 0.8265866388350593 1.5649542839651174 17
    endloop
  endfacet
  facet normal -0.8968727415326881 -0.4422886902190017 0
    outer loop
      vertex 0.5358983848622456 2 0
      vertex 0.5358983848622456 2 17
      vertex 0.30448186995485305 2.4692662705396407 0
    endloop
  endfacet
  facet normal -0.9807852804032307 -0.1950903220161279 0
    outer loop
      vertex 0.13629669484372675 2.964723819589917 0
      vertex 0.13629669484372675 2.964723819589917 17
      vertex 0.03422055450475847 3.4778952311197937 0
    endloop
  endfacet
  facet normal -0.9469301294951055 -0.32143946530316164 -4.962745280329653e-19
    outer loop
      vertex 0.30448186995485305 2.4692662705396407 0
      vertex 0.13629669484372675 2.964723819589917 17
      vertex 0.13629669484372675 2.964723819589917 0
    endloop
  endfacet
  facet normal -0.6593458151000685 -0.7518398074789777 2.3858607835128084e-19
    outer loop
      vertex 1.5649542839651174 0.8265866388350593 0
      vertex 1.1715728752538097 1.1715728752538097 17
      vertex 1.1715728752538097 1.1715728752538097 0
    endloop
  endfacet
  facet normal -0.555570233019602 -0.8314696123025456 1.3676265173590124e-18
    outer loop
      vertex 1.5649542839651174 0.8265866388350593 0
      vertex 2 0.5358983848622456 0
      vertex 2 0.5358983848622456 17
    endloop
  endfacet
  facet normal -0.4422886902190017 -0.8968727415326881 0
    outer loop
      vertex 2 0.5358983848622456 0
      vertex 2.4692662705396407 0.30448186995485305 0
      vertex 2 0.5358983848622456 17
    endloop
  endfacet
  facet normal -0.9978589232386036 -0.0654031292301433 1.2231030708460799e-19
    outer loop
      vertex 0.03422055450475847 3.4778952311197937 0
      vertex 0 4 17
      vertex 0 4 0
    endloop
  endfacet
  facet normal -0.32143946530316164 -0.9469301294951055 -4.962745280329653e-19
    outer loop
      vertex 2.4692662705396407 0.30448186995485305 0
      vertex 2.964723819589917 0.13629669484372675 0
      vertex 2.964723819589917 0.13629669484372675 17
    endloop
  endfacet
  facet normal -0.1950903220161279 -0.9807852804032307 0
    outer loop
      vertex 2.964723819589917 0.13629669484372675 0
      vertex 3.4778952311197937 0.03422055450475847 0
      vertex 2.964723819589917 0.13629669484372675 17
    endloop
  endfacet
  facet normal -0.0654031292301433 -0.9978589232386036 1.2231030708460799e-19
    outer loop
      vertex 3.4778952311197937 0.03422055450475847 0
      vertex 4 0 0
      vertex 4 0 17
    endloop
  endfacet
  facet normal 0 0 -1
    outer loop
      vertex 0.5358983848622456 2 0
      vertex 0 4 0
      vertex 0 113.8 0
    endloop
  endfacet
  facet normal -1 0 0
    outer loop
      vertex 0 4 0
      vertex 0 4 17
      vertex 0 80.4 5.8
    endloop
  endfacet
  facet normal 0 0 -1
    outer loop
      vertex 0.5358983848622456 2 0
      vertex 68.8 0 0
      vertex 2.964723819589917 0.13629669484372675 0
    endloop
  endfacet
  facet normal 0 0 -1
    outer loop
      vertex 2.964723819589917 0.13629669484372675 0
      vertex 68.8 0 0
      vertex 4 0 0
    endloop
  endfacet
  facet normal 0 -1 0
    outer loop
      vertex 4 0 0
      vertex 42.9 0 4.2
      vertex 29.9 0 4.2
    endloop
  endfacet
  facet normal 0 -1 0
    outer loop
      vertex 4 0 0
      vertex 29.9 0 4.2
      vertex 29.9 0 10.4
    endloop
  endfacet
  facet normal 0 0 -1
    outer loop
      vertex 0.5358983848622456 2 0
      vertex 4 117.8 0
      vertex 72.8 4 0
    endloop
  endfacet
  facet normal -0.7518398074789777 -0.6593458151000685 0
    outer loop
      vertex 1.1715728752538097 1.1715728752538097 0
      vertex 1.1715728752538097 1.1715728752538097 17
      vertex 0.8265866388350593 1.5649542839651174 17
    endloop
  endfacet
  facet normal -0.9469301294951055 -0.32143946530316164 0
    outer loop
      vertex 0.30448186995485305 2.4692662705396407 0
      vertex 0.30448186995485305 2.4692662705396407 17
      vertex 0.13629669484372675 2.964723819589917 17
    endloop
  endfacet
  facet normal -0.8968727415326881 -0.4422886902190017 0
    outer loop
      vertex 0.30448186995485305 2.4692662705396407 0
      vertex 0.5358983848622456 2 17
      vertex 0.30448186995485305 2.4692662705396407 17
    endloop
  endfacet
  facet normal -0.9807852804032307 -0.1950903220161279 0
    outer loop
      vertex 0.03422055450475847 3.4778952311197937 0
      vertex 0.13629669484372675 2.964723819589917 17
      vertex 0.03422055450475847 3.4778952311197937 17
    endloop
  endfacet
  facet normal -0.9978589232386036 -0.0654031292301433 0
    outer loop
      vertex 0.03422055450475847 3.4778952311197937 0
      vertex 0.03422055450475847 3.4778952311197937 17
      vertex 0 4 17
    endloop
  endfacet
  facet normal -0.8314696123025456 -0.555570233019602 0
    outer loop
      vertex 0.5358983848622456 2 0
      vertex 0.8265866388350593 1.5649542839651174 17
      vertex 0.5358983848622456 2 17
    endloop
  endfacet
  facet normal -0.6593458151000685 -0.7518398074789777 0
    outer loop
      vertex 1.5649542839651174 0.8265866388350593 0
      vertex 1.5649542839651174 0.8265866388350593 17
      vertex 1.1715728752538097 1.1715728752538097 17
    endloop
  endfacet
  facet normal -0.555570233019602 -0.8314696123025456 0
    outer loop
      vertex 1.5649542839651174 0.8265866388350593 0
      vertex 2 0.5358983848622456 17
      vertex 1.5649542839651174 0.8265866388350593 17
    endloop
  endfacet
  facet normal -0.4422886902190017 -0.8968727415326881 0
    outer loop
      vertex 2.4692662705396407 0.30448186995485305 0
      vertex 2.4692662705396407 0.30448186995485305 17
      vertex 2 0.5358983848622456 17
    endloop
  endfacet
  facet normal -0.32143946530316164 -0.9469301294951055 0
    outer loop
      vertex 2.4692662705396407 0.30448186995485305 0
      vertex 2.964723819589917 0.13629669484372675 17
      vertex 2.4692662705396407 0.30448186995485305 17
    endloop
  endfacet
  facet normal -0.1950903220161279 -0.9807852804032307 0
    outer loop
      vertex 3.4778952311197937 0.03422055450475847 0
      vertex 3.4778952311197937 0.03422055450475847 17
      vertex 2.964723819589917 0.13629669484372675 17
    endloop
  endfacet
  facet normal -0.0654031292301433 -0.9978589232386036 0
    outer loop
      vertex 3.4778952311197937 0.03422055450475847 0
      vertex 4 0 17
      vertex 3.4778952311197937 0.03422055450475847 17
    endloop
  endfacet
  facet normal 0 -1 0
    outer loop
      vertex 4 0 0
      vertex 29.9 0 10.4
      vertex 4 0 17
    endloop
  endfacet
  facet normal 0 0 1
    outer loop
      vertex 0.8265866388350593 1.5649542839651174 17
      vertex 1.1715728752538097 1.1715728752538097 17
      vertex 0.5358983848622456 2 17
    endloop
  endfacet
  facet normal 0 0 1
    outer loop
      vertex 0.5358983848622456 2 17
      vertex 0.13629669484372675 2.964723819589917 17
      vertex 0.30448186995485305 2.4692662705396407 17
    endloop
  endfacet
  facet normal 0 0 1
    outer loop
      vertex 0.5358983848622456 2 17
      vertex 0 4 17
      vertex 0.13629669484372675 2.964723819589917 17
    endloop
  endfacet
  facet normal 0 0 1
    outer loop
      vertex 0.13629669484372675 2.964723819589917 17
      vertex 0 4 17
      vertex 0.03422055450475847 3.4778952311197937 17
    endloop
  endfacet
  facet normal 0 0 1
    outer loop
      vertex 1.5649542839651174 0.8265866388350593 17
      vertex 2 0.5358983848622456 17
      vertex 1.1715728752538097 1.1715728752538097 17
    endloop
  endfacet
  facet normal 0 0 1
    outer loop
      vertex 0.5358983848622456 2 17
      vertex 1.1715728752538097 1.1715728752538097 17
      vertex 2 0.5358983848622456 17
    endloop
  endfacet
  facet normal 0 0 1
    outer loop
      vertex 0.5358983848622456 2 17
      vertex 2 0.5358983848622456 17
      vertex 4 0 17
    endloop
  endfacet
  facet normal 0 0 1
    outer loop
      vertex 0.5358983848622456 2 17
      vertex 2.7306346555340237 3.025981713586047 17
      vertex 2.614359353944898 3.2 17
    endloop
  endfacet
  facet normal 0 0 1
    outer loop
      vertex 0.5358983848622456 2 17
      vertex 2.8686291501015235 2.8686291501015235 17
      vertex 2.7306346555340237 3.025981713586047 17
    endloop
  endfacet
  facet normal 0 0 1
    outer loop
      vertex 0.5358983848622456 2 17
      vertex 3.2 2.614359353944898 17
      vertex 3.025981713586047 2.7306346555340237 17
    endloop
  endfacet
  facet normal 0 0 1
    outer loop
      vertex 0.5358983848622456 2 17
      vertex 3.025981713586047 2.7306346555340237 17
      vertex 2.8686291501015235 2.8686291501015235 17
    endloop
  endfacet
  facet normal 0 0 1
    outer loop
      vertex 0.5358983848622456 2 17
      vertex 2.521792747981941 3.387706508215856 17
      vertex 2.4545186779374903 3.585889527835967 17
    endloop
  endfacet
  facet normal 0 0 1
    outer loop
      vertex 0.5358983848622456 2 17
      vertex 2.4545186779374903 3.585889527835967 17
      vertex 2.4136882218019036 3.7911580924479176 17
    endloop
  endfacet
  facet normal 0 0 1
    outer loop
      vertex 0.5358983848622456 2 17
      vertex 2.614359353944898 3.2 17
      vertex 2.521792747981941 3.387706508215856 17
    endloop
  endfacet
  facet normal 0 0 1
    outer loop
      vertex 0.5358983848622456 2 17
      vertex 2.4136882218019036 3.7911580924479176 17
      vertex 2.4 4 17
    endloop
  endfacet
  facet normal 0 0 1
    outer loop
      vertex 2 0.5358983848622456 17
      vertex 2.4692662705396407 0.30448186995485305 17
      vertex 2.964723819589917 0.13629669484372675 17
    endloop
  endfacet
  facet normal 0 0 1
    outer loop
      vertex 2 0.5358983848622456 17
      vertex 2.964723819589917 0.13629669484372675 17
      vertex 4 0 17
    endloop
  endfacet
  facet normal 0 0 1
    outer loop
      vertex 0.5358983848622456 2 17
      vertex 3.387706508215856 2.521792747981941 17
      vertex 3.2 2.614359353944898 17
    endloop
  endfacet
  facet normal 0 0 1
    outer loop
      vertex 0.5358983848622456 2 17
      vertex 3.585889527835967 2.4545186779374903 17
      vertex 3.387706508215856 2.521792747981941 17
    endloop
  endfacet
  facet normal 0 0 1
    outer loop
      vertex 0.5358983848622456 2 17
      vertex 3.7911580924479176 2.4136882218019036 17
      vertex 3.585889527835967 2.4545186779374903 17
    endloop
  endfacet
  facet normal 0 0 1
    outer loop
      vertex 0.5358983848622456 2 17
      vertex 4 2.4 17
      vertex 3.7911580924479176 2.4136882218019036 17
    endloop
  endfacet
  facet normal 0 0 1
    outer loop
      vertex 2.964723819589917 0.13629669484372675 17
      vertex 3.4778952311197937 0.03422055450475847 17
      vertex 4 0 17
    endloop
  endfacet
  facet normal -1 0 0
    outer loop
      vertex 0 4 17
      vertex 0 80.4 13
      vertex 0 80.4 5.8
    endloop
  endfacet
  facet normal 0 0 1
    outer loop
      vertex 0.5358983848622456 2 17
      vertex 0 113.8 17
      vertex 0 4 17
    endloop
  endfacet
  facet normal 0 0 1
    outer loop
      vertex 0.5358983848622456 2 17
      vertex 2.4 4 17
      vertex 2.4 113.80000000000001 17
    endloop
  endfacet
  facet normal 0 -1 0
    outer loop
      vertex 4 0 17
      vertex 29.9 0 10.4
      vertex 42.9 0 10.4
    endloop
  endfacet
  facet normal 0 0 1
    outer loop
      vertex 0.5358983848622456 2 17
      vertex 68.80000000000001 2.4 17
      vertex 4 2.4 17
    endloop
  endfacet
  facet normal 0 0 1
    outer loop
      vertex 0.5358983848622456 2 17
      vertex 4 0 17
      vertex 72.26410161513775 2 17
    endloop
  endfacet
  facet normal -1 0 0
    outer loop
      vertex 0 4 0
      vertex 0 80.4 5.8
      vertex 0 113.8 0
    endloop
  endfacet
  facet normal 0 0 -1
    outer loop
      vertex 0.5358983848622456 2 0
      vertex 0 113.8 0
      vertex 4 117.8 0
    endloop
  endfacet
  facet normal -1 0 0
    outer loop
      vertex 0 113.8 0
      vertex 0 80.4 5.8
      vertex 0 106.4 5.8
    endloop
  endfacet
  facet normal 0 0 -1
    outer loop
      vertex 0 113.8 0
      vertex 0.03422055450475847 114.32210476888021 0
      vertex 0.13629669484372675 114.83527618041008 0
    endloop
  endfacet
  facet normal 0 0 -1
    outer loop
      vertex 0 113.8 0
      vertex 0.13629669484372675 114.83527618041008 0
      vertex 0.30448186995485305 115.33073372946036 0
    endloop
  endfacet
  facet normal 0 0 -1
    outer loop
      vertex 0 113.8 0
      vertex 0.30448186995485305 115.33073372946036 0
      vertex 1.1715728752538097 116.62842712474618 0
    endloop
  endfacet
  facet normal 0 0 -1
    outer loop
      vertex 0.30448186995485305 115.33073372946036 0
      vertex 0.5358983848622456 115.8 0
      vertex 1.1715728752538097 116.62842712474618 0
    endloop
  endfacet
  facet normal 0 0 -1
    outer loop
      vertex 0.5358983848622456 115.8 0
      vertex 0.8265866388350593 116.23504571603488 0
      vertex 1.1715728752538097 116.62842712474618 0
    endloop
  endfacet
  facet normal 0 0 -1
    outer loop
      vertex 0 113.8 0
      vertex 1.1715728752538097 116.62842712474618 0
      vertex 4 117.8 0
    endloop
  endfacet
  facet normal 0 0 -1
    outer loop
      vertex 1.1715728752538097 116.62842712474618 0
      vertex 1.5649542839651174 116.97341336116494 0
      vertex 2.4692662705396407 117.49551813004514 0
    endloop
  endfacet
  facet normal 0 0 -1
    outer loop
      vertex 1.5649542839651174 116.97341336116494 0
      vertex 2 117.26410161513775 0
      vertex 2.4692662705396407 117.49551813004514 0
    endloop
  endfacet
  facet normal 0 0 -1
    outer loop
      vertex 1.1715728752538097 116.62842712474618 0
      vertex 2.4692662705396407 117.49551813004514 0
      vertex 4 117.8 0
    endloop
  endfacet
  facet normal 0 0 -1
    outer loop
      vertex 2.4692662705396407 117.49551813004514 0
      vertex 2.964723819589917 117.66370330515628 0
      vertex 3.4778952311197937 117.76577944549524 0
    endloop
  endfacet
  facet normal 0 0 -1
    outer loop
      vertex 2.4692662705396407 117.49551813004514 0
      vertex 3.4778952311197937 117.76577944549524 0
      vertex 4 117.8 0
    endloop
  endfacet
  facet normal -1 0 0
    outer loop
      vertex 0 113.8 0
      vertex 0 106.4 5.8
      vertex 0 106.4 13
    endloop
  endfacet
  facet normal -0.9978589232386036 0.06540312923014263 9.720008237422122e-20
    outer loop
      vertex 0 113.8 0
      vertex 0.03422055450475847 114.32210476888021 17
      vertex 0.03422055450475847 114.32210476888021 0
    endloop
  endfacet
  facet normal -0.9807852804032299 0.19509032201613113 0
    outer loop
      vertex 0.03422055450475847 114.32210476888021 0
      vertex 0.03422055450475847 114.32210476888021 17
      vertex 0.13629669484372675 114.83527618041008 0
    endloop
  endfacet
  facet normal -0.9469301294951075 0.3214394653031559 0
    outer loop
      vertex 0.13629669484372675 114.83527618041008 0
      vertex 0.13629669484372675 114.83527618041008 17
      vertex 0.30448186995485305 115.33073372946036 0
    endloop
  endfacet
  facet normal -0.8968727415326858 0.4422886902190064 -4.486447442287212e-19
    outer loop
      vertex 0.30448186995485305 115.33073372946036 0
      vertex 0.5358983848622456 115.8 17
      vertex 0.5358983848622456 115.8 0
    endloop
  endfacet
  facet normal -0.8314696123025429 0.5555702330196058 1.6100196721804036e-19
    outer loop
      vertex 0.5358983848622456 115.8 0
      vertex 0.8265866388350593 116.23504571603488 17
      vertex 0.8265866388350593 116.23504571603488 0
    endloop
  endfacet
  facet normal -0.7518398074789766 0.6593458151000697 0
    outer loop
      vertex 0.8265866388350593 116.23504571603488 0
      vertex 0.8265866388350593 116.23504571603488 17
      vertex 1.1715728752538097 116.62842712474618 0
    endloop
  endfacet
  facet normal -0.6593458151000815 0.7518398074789664 -4.23412931520074e-19
    outer loop
      vertex 1.1715728752538097 116.62842712474618 0
      vertex 1.5649542839651174 116.97341336116494 17
      vertex 1.5649542839651174 116.97341336116494 0
    endloop
  endfacet
  facet normal -0.5555702330195879 0.8314696123025549 -1.5472220539444031e-18
    outer loop
      vertex 1.5649542839651174 116.97341336116494 0
      vertex 2 117.26410161513775 17
      vertex 2 117.26410161513775 0
    endloop
  endfacet
  facet normal -0.4422886902190044 0.8968727415326867 0
    outer loop
      vertex 2 117.26410161513775 0
      vertex 2 117.26410161513775 17
      vertex 2.4692662705396407 117.49551813004514 0
    endloop
  endfacet
  facet normal -0.32143946530317463 0.9469301294951011 0
    outer loop
      vertex 2.4692662705396407 117.49551813004514 0
      vertex 2.4692662705396407 117.49551813004514 17
      vertex 2.964723819589917 117.66370330515628 0
    endloop
  endfacet
  facet normal -0.19509032201612295 0.9807852804032314 0
    outer loop
      vertex 2.964723819589917 117.66370330515628 0
      vertex 2.964723819589917 117.66370330515628 17
      vertex 3.4778952311197937 117.76577944549524 0
    endloop
  endfacet
  facet normal -0.06540312923013908 0.9978589232386038 0
    outer loop
      vertex 3.4778952311197937 117.76577944549524 0
      vertex 3.4778952311197937 117.76577944549524 17
      vertex 4 117.8 0
    endloop
  endfacet
  facet normal 0 1 0
    outer loop
      vertex 4 117.8 0
      vertex 4 117.8 17
      vertex 29.4 117.8 6
    endloop
  endfacet
  facet normal 0 1 0
    outer loop
      vertex 4 117.8 0
      vertex 29.4 117.8 6
      vertex 45.4 117.8 6
    endloop
  endfacet
  facet normal -1 0 0
    outer loop
      vertex 0 4 17
      vertex 0 113.8 17
      vertex 0 80.4 13
    endloop
  endfacet
  facet normal 0 0 1
    outer loop
      vertex 0.5358983848622456 2 17
      vertex 0.5358983848622456 115.8 17
      vertex 0 113.8 17
    endloop
  endfacet
  facet normal 0 0 1
    outer loop
      vertex 0.5358983848622456 2 17
      vertex 2.4 113.80000000000001 17
      vertex 0.5358983848622456 115.8 17
    endloop
  endfacet
  facet normal -1 0 0
    outer loop
      vertex 0 113.8 0
      vertex 0 106.4 13
      vertex 0 113.8 17
    endloop
  endfacet
  facet normal -0.9978589232386036 0.06540312923014263 0
    outer loop
      vertex 0 113.8 0
      vertex 0 113.8 17
      vertex 0.03422055450475847 114.32210476888021 17
    endloop
  endfacet
  facet normal -0.9807852804032299 0.19509032201613113 0
    outer loop
      vertex 0.13629669484372675 114.83527618041008 0
      vertex 0.03422055450475847 114.32210476888021 17
      vertex 0.13629669484372675 114.83527618041008 17
    endloop
  endfacet
  facet normal -0.9469301294951075 0.3214394653031559 0
    outer loop
      vertex 0.30448186995485305 115.33073372946036 0
      vertex 0.13629669484372675 114.83527618041008 17
      vertex 0.30448186995485305 115.33073372946036 17
    endloop
  endfacet
  facet normal -0.8968727415326858 0.4422886902190064 0
    outer loop
      vertex 0.30448186995485305 115.33073372946036 0
      vertex 0.30448186995485305 115.33073372946036 17
      vertex 0.5358983848622456 115.8 17
    endloop
  endfacet
  facet normal -0.8314696123025429 0.5555702330196058 0
    outer loop
      vertex 0.5358983848622456 115.8 0
      vertex 0.5358983848622456 115.8 17
      vertex 0.8265866388350593 116.23504571603488 17
    endloop
  endfacet
  facet normal -0.7518398074789766 0.6593458151000697 0
    outer loop
      vertex 1.1715728752538097 116.62842712474618 0
      vertex 0.8265866388350593 116.23504571603488 17
      vertex 1.1715728752538097 116.62842712474618 17
    endloop
  endfacet
  facet normal -0.6593458151000815 0.7518398074789664 0
    outer loop
      vertex 1.1715728752538097 116.62842712474618 0
      vertex 1.1715728752538097 116.62842712474618 17
      vertex 1.5649542839651174 116.97341336116494 17
    endloop
  endfacet
  facet normal -0.5555702330195879 0.8314696123025549 0
    outer loop
      vertex 1.5649542839651174 116.97341336116494 0
      vertex 1.5649542839651174 116.97341336116494 17
      vertex 2 117.26410161513775 17
    endloop
  endfacet
  facet normal -0.4422886902190044 0.8968727415326867 0
    outer loop
      vertex 2.4692662705396407 117.49551813004514 0
      vertex 2 117.26410161513775 17
      vertex 2.4692662705396407 117.49551813004514 17
    endloop
  endfacet
  facet normal -0.32143946530317463 0.9469301294951011 0
    outer loop
      vertex 2.964723819589917 117.66370330515628 0
      vertex 2.4692662705396407 117.49551813004514 17
      vertex 2.964723819589917 117.66370330515628 17
    endloop
  endfacet
  facet normal -0.19509032201612295 0.9807852804032314 0
    outer loop
      vertex 3.4778952311197937 117.76577944549524 0
      vertex 2.964723819589917 117.66370330515628 17
      vertex 3.4778952311197937 117.76577944549524 17
    endloop
  endfacet
  facet normal -0.06540312923013908 0.9978589232386038 0
    outer loop
      vertex 4 117.8 0
      vertex 3.4778952311197937 117.76577944549524 17
      vertex 4 117.8 17
    endloop
  endfacet
  facet normal -1 0 0
    outer loop
      vertex 0 113.8 17
      vertex 0 106.4 13
      vertex 0 80.4 13
    endloop
  endfacet
  facet normal 0 0 1
    outer loop
      vertex 0 113.8 17
      vertex 0.13629669484372675 114.83527618041008 17
      vertex 0.03422055450475847 114.32210476888021 17
    endloop
  endfacet
  facet normal 0 0 1
    outer loop
      vertex 0 113.8 17
      vertex 0.5358983848622456 115.8 17
      vertex 0.13629669484372675 114.83527618041008 17
    endloop
  endfacet
  facet normal 0 0 1
    outer loop
      vertex 0.13629669484372675 114.83527618041008 17
      vertex 0.5358983848622456 115.8 17
      vertex 0.30448186995485305 115.33073372946036 17
    endloop
  endfacet
  facet normal 0 0 1
    outer loop
      vertex 0.5358983848622456 115.8 17
      vertex 1.1715728752538097 116.62842712474618 17
      vertex 0.8265866388350593 116.23504571603488 17
    endloop
  endfacet
  facet normal 0 0 1
    outer loop
      vertex 0.5358983848622456 115.8 17
      vertex 2.4 113.80000000000001 17
      vertex 2.4136882218019036 114.0088419075521 17
    endloop
  endfacet
  facet normal 0 0 1
    outer loop
      vertex 0.5358983848622456 115.8 17
      vertex 2.4136882218019036 114.0088419075521 17
      vertex 2.4545186779374903 114.21411047216404 17
    endloop
  endfacet
  facet normal 0 0 1
    outer loop
      vertex 0.5358983848622456 115.8 17
      vertex 2.4545186779374903 114.21411047216404 17
      vertex 2.521792747981941 114.41229349178415 17
    endloop
  endfacet
  facet normal 0 0 1
    outer loop
      vertex 0.5358983848622456 115.8 17
      vertex 2.521792747981941 114.41229349178415 17
      vertex 2.614359353944898 114.60000000000001 17
    endloop
  endfacet
  facet normal 0 0 1
    outer loop
      vertex 0.5358983848622456 115.8 17
      vertex 2.614359353944898 114.60000000000001 17
      vertex 2.7306346555340237 114.77401828641396 17
    endloop
  endfacet
  facet normal 0 0 1
    outer loop
      vertex 0.5358983848622456 115.8 17
      vertex 2.7306346555340237 114.77401828641396 17
      vertex 2.8686291501015235 114.93137084989849 17
    endloop
  endfacet
  facet normal 0 0 1
    outer loop
      vertex 0.5358983848622456 115.8 17
      vertex 2.8686291501015235 114.93137084989849 17
      vertex 3.025981713586047 115.069365344466 17
    endloop
  endfacet
  facet normal 0 0 1
    outer loop
      vertex 0.5358983848622456 115.8 17
      vertex 3.025981713586047 115.069365344466 17
      vertex 3.2 115.18564064605512 17
    endloop
  endfacet
  facet normal 0 0 1
    outer loop
      vertex 0.5358983848622456 115.8 17
      vertex 2 117.26410161513775 17
      vertex 1.1715728752538097 116.62842712474618 17
    endloop
  endfacet
  facet normal 0 0 1
    outer loop
      vertex 1.1715728752538097 116.62842712474618 17
      vertex 2 117.26410161513775 17
      vertex 1.5649542839651174 116.97341336116494 17
    endloop
  endfacet
  facet normal 0 0 1
    outer loop
      vertex 0.5358983848622456 115.8 17
      vertex 4 117.8 17
      vertex 2 117.26410161513775 17
    endloop
  endfacet
  facet normal 0 0 1
    outer loop
      vertex 0.5358983848622456 115.8 17
      vertex 3.2 115.18564064605512 17
      vertex 3.387706508215856 115.27820725201806 17
    endloop
  endfacet
  facet normal 0 0 1
    outer loop
      vertex 0.5358983848622456 115.8 17
      vertex 3.387706508215856 115.27820725201806 17
      vertex 3.585889527835967 115.34548132206253 17
    endloop
  endfacet
  facet normal 0 0 1
    outer loop
      vertex 0.5358983848622456 115.8 17
      vertex 3.585889527835967 115.34548132206253 17
      vertex 3.7911580924479176 115.3863117781981 17
    endloop
  endfacet
  facet normal 0 0 1
    outer loop
      vertex 0.5358983848622456 115.8 17
      vertex 3.7911580924479176 115.3863117781981 17
      vertex 4 115.4 17
    endloop
  endfacet
  facet normal 0 0 1
    outer loop
      vertex 2 117.26410161513775 17
      vertex 2.964723819589917 117.66370330515628 17
      vertex 2.4692662705396407 117.49551813004514 17
    endloop
  endfacet
  facet normal 0 0 1
    outer loop
      vertex 2 117.26410161513775 17
      vertex 4 117.8 17
      vertex 2.964723819589917 117.66370330515628 17
    endloop
  endfacet
  facet normal 0 0 1
    outer loop
      vertex 2.964723819589917 117.66370330515628 17
      vertex 4 117.8 17
      vertex 3.4778952311197937 117.76577944549524 17
    endloop
  endfacet
  facet normal 0 1 0
    outer loop
      vertex 4 117.8 17
      vertex 29.4 117.8 14.100000000000001
      vertex 29.4 117.8 6
    endloop
  endfacet
  facet normal 0 1 0
    outer loop
      vertex 4 117.8 17
      vertex 45.4 117.8 14.100000000000001
      vertex 29.4 117.8 14.100000000000001
    endloop
  endfacet
  facet normal 0 0 1
    outer loop
      vertex 0.5358983848622456 115.8 17
      vertex 4 115.4 17
      vertex 72.26410161513775 115.8 17
    endloop
  endfacet
  facet normal 0 0 1
    outer loop
      vertex 0.5358983848622456 115.8 17
      vertex 72.26410161513775 115.8 17
      vertex 4 117.8 17
    endloop
  endfacet
  facet normal 0 -1 0
    outer loop
      vertex 4 0 0
      vertex 68.8 0 0
      vertex 42.9 0 4.2
    endloop
  endfacet
  facet normal 0 0 -1
    outer loop
      vertex 0.5358983848622456 2 0
      vertex 72.8 4 0
      vertex 68.8 0 0
    endloop
  endfacet
  facet normal 0 0 -1
    outer loop
      vertex 68.8 0 0
      vertex 69.83527618041008 0.13629669484372675 0
      vertex 69.32210476888021 0.03422055450475847 0
    endloop
  endfacet
  facet normal 0 0 -1
    outer loop
      vertex 68.8 0 0
      vertex 70.8 0.5358983848622456 0
      vertex 69.83527618041008 0.13629669484372675 0
    endloop
  endfacet
  facet normal 0 0 -1
    outer loop
      vertex 69.83527618041008 0.13629669484372675 0
      vertex 70.8 0.5358983848622456 0
      vertex 70.33073372946036 0.30448186995485305 0
    endloop
  endfacet
  facet normal 0 0 -1
    outer loop
      vertex 68.8 0 0
      vertex 71.62842712474618 1.1715728752538097 0
      vertex 70.8 0.5358983848622456 0
    endloop
  endfacet
  facet normal 0 0 -1
    outer loop
      vertex 68.8 0 0
      vertex 72.8 4 0
      vertex 71.62842712474618 1.1715728752538097 0
    endloop
  endfacet
  facet normal 0 0 -1
    outer loop
      vertex 70.8 0.5358983848622456 0
      vertex 71.62842712474618 1.1715728752538097 0
      vertex 71.23504571603488 0.8265866388350593 0
    endloop
  endfacet
  facet normal 0 0 -1
    outer loop
      vertex 71.62842712474618 1.1715728752538097 0
      vertex 72.49551813004514 2.4692662705396407 0
      vertex 71.97341336116494 1.5649542839651174 0
    endloop
  endfacet
  facet normal 0 0 -1
    outer loop
      vertex 71.97341336116494 1.5649542839651174 0
      vertex 72.49551813004514 2.4692662705396407 0
      vertex 72.26410161513775 2 0
    endloop
  endfacet
  facet normal 0 0 -1
    outer loop
      vertex 71.62842712474618 1.1715728752538097 0
      vertex 72.8 4 0
      vertex 72.49551813004514 2.4692662705396407 0
    endloop
  endfacet
  facet normal 0 0 -1
    outer loop
      vertex 72.49551813004514 2.4692662705396407 0
      vertex 72.8 4 0
      vertex 72.66370330515628 2.964723819589917 0
    endloop
  endfacet
  facet normal 0 0 -1
    outer loop
      vertex 72.66370330515628 2.964723819589917 0
      vertex 72.8 4 0
      vertex 72.76577944549524 3.4778952311197937 0
    endloop
  endfacet
  facet normal 0 -1 0
    outer loop
      vertex 68.8 0 0
      vertex 68.8 0 17
      vertex 42.9 0 4.2
    endloop
  endfacet
  facet normal 0.06540312923014263 -0.9978589232386036 9.720008237422122e-20
    outer loop
      vertex 68.8 0 0
      vertex 69.32210476888021 0.03422055450475847 0
      vertex 69.32210476888021 0.03422055450475847 17
    endloop
  endfacet
  facet normal 0.19509032201613113 -0.9807852804032299 0
    outer loop
      vertex 69.32210476888021 0.03422055450475847 0
      vertex 69.83527618041008 0.13629669484372675 0
      vertex 69.32210476888021 0.03422055450475847 17
    endloop
  endfacet
  facet normal 0.3214394653031559 -0.9469301294951075 0
    outer loop
      vertex 69.83527618041008 0.13629669484372675 0
      vertex 70.33073372946036 0.30448186995485305 0
      vertex 69.83527618041008 0.13629669484372675 17
    endloop
  endfacet
  facet normal 0.4422886902190064 -0.8968727415326858 -4.486447442287212e-19
    outer loop
      vertex 70.33073372946036 0.30448186995485305 0
      vertex 70.8 0.5358983848622456 0
      vertex 70.8 0.5358983848622456 17
    endloop
  endfacet
  facet normal 0.5555702330196058 -0.8314696123025429 1.6100196721804036e-19
    outer loop
      vertex 70.8 0.5358983848622456 0
      vertex 71.23504571603488 0.8265866388350593 0
      vertex 71.23504571603488 0.8265866388350593 17
    endloop
  endfacet
  facet normal 0.6593458151000697 -0.7518398074789766 0
    outer loop
      vertex 71.23504571603488 0.8265866388350593 0
      vertex 71.62842712474618 1.1715728752538097 0
      vertex 71.23504571603488 0.8265866388350593 17
    endloop
  endfacet
  facet normal 0.7518398074789664 -0.6593458151000815 0
    outer loop
      vertex 71.62842712474618 1.1715728752538097 0
      vertex 71.97341336116494 1.5649542839651174 0
      vertex 71.62842712474618 1.1715728752538097 17
    endloop
  endfacet
  facet normal 0.8314696123025549 -0.5555702330195879 -1.5472220539444031e-18
    outer loop
      vertex 71.97341336116494 1.5649542839651174 0
      vertex 72.26410161513775 2 0
      vertex 72.26410161513775 2 17
    endloop
  endfacet
  facet normal 0.8968727415326867 -0.4422886902190044 0
    outer loop
      vertex 72.26410161513775 2 0
      vertex 72.49551813004514 2.4692662705396407 0
      vertex 72.26410161513775 2 17
    endloop
  endfacet
  facet normal 0.9469301294951011 -0.32143946530317463 -2.3872955167583503e-19
    outer loop
      vertex 72.49551813004514 2.4692662705396407 0
      vertex 72.66370330515628 2.964723819589917 0
      vertex 72.66370330515628 2.964723819589917 17
    endloop
  endfacet
  facet normal 0.9807852804032314 -0.19509032201612295 0
    outer loop
      vertex 72.66370330515628 2.964723819589917 0
      vertex 72.76577944549524 3.4778952311197937 0
      vertex 72.66370330515628 2.964723819589917 17
    endloop
  endfacet
  facet normal 0.9978589232386038 -0.06540312923013908 0
    outer loop
      vertex 72.76577944549524 3.4778952311197937 0
      vertex 72.8 4 0
      vertex 72.76577944549524 3.4778952311197937 17
    endloop
  endfacet
  facet normal 1 0 0
    outer loop
      vertex 72.8 4 0
      vertex 72.8 113.8 0
      vertex 72.8 4 17
    endloop
  endfacet
  facet normal 0 -1 0
    outer loop
      vertex 68.8 0 17
      vertex 42.9 0 10.4
      vertex 42.9 0 4.2
    endloop
  endfacet
  facet normal 0 -1 0
    outer loop
      vertex 4 0 17
      vertex 42.9 0 10.4
      vertex 68.8 0 17
    endloop
  endfacet
  facet normal 0 0 1
    outer loop
      vertex 0.5358983848622456 2 17
      vertex 72.26410161513775 2 17
      vertex 68.80000000000001 2.4 17
    endloop
  endfacet
  facet normal 0 0 1
    outer loop
      vertex 4 0 17
      vertex 68.8 0 17
      vertex 72.26410161513775 2 17
    endloop
  endfacet
  facet normal 0.06540312923014263 -0.9978589232386036 0
    outer loop
      vertex 68.8 0 0
      vertex 69.32210476888021 0.03422055450475847 17
      vertex 68.8 0 17
    endloop
  endfacet
  facet normal 0.19509032201613113 -0.9807852804032299 0
    outer loop
      vertex 69.83527618041008 0.13629669484372675 0
      vertex 69.83527618041008 0.13629669484372675 17
      vertex 69.32210476888021 0.03422055450475847 17
    endloop
  endfacet
  facet normal 0.3214394653031559 -0.9469301294951075 0
    outer loop
      vertex 70.33073372946036 0.30448186995485305 0
      vertex 70.33073372946036 0.30448186995485305 17
      vertex 69.83527618041008 0.13629669484372675 17
    endloop
  endfacet
  facet normal 0.4422886902190064 -0.8968727415326858 0
    outer loop
      vertex 70.33073372946036 0.30448186995485305 0
      vertex 70.8 0.5358983848622456 17
      vertex 70.33073372946036 0.30448186995485305 17
    endloop
  endfacet
  facet normal 0.5555702330196058 -0.8314696123025429 0
    outer loop
      vertex 70.8 0.5358983848622456 0
      vertex 71.23504571603488 0.8265866388350593 17
      vertex 70.8 0.5358983848622456 17
    endloop
  endfacet
  facet normal 0.6593458151000697 -0.7518398074789766 0
    outer loop
      vertex 71.62842712474618 1.1715728752538097 0
      vertex 71.62842712474618 1.1715728752538097 17
      vertex 71.23504571603488 0.8265866388350593 17
    endloop
  endfacet
  facet normal 0.7518398074789664 -0.6593458151000815 0
    outer loop
      vertex 71.97341336116494 1.5649542839651174 0
      vertex 71.97341336116494 1.5649542839651174 17
      vertex 71.62842712474618 1.1715728752538097 17
    endloop
  endfacet
  facet normal 0.8314696123025549 -0.5555702330195879 0
    outer loop
      vertex 71.97341336116494 1.5649542839651174 0
      vertex 72.26410161513775 2 17
      vertex 71.97341336116494 1.5649542839651174 17
    endloop
  endfacet
  facet normal 0.8968727415326867 -0.4422886902190044 0
    outer loop
      vertex 72.49551813004514 2.4692662705396407 0
      vertex 72.49551813004514 2.4692662705396407 17
      vertex 72.26410161513775 2 17
    endloop
  endfacet
  facet normal 0.9469301294951011 -0.32143946530317463 0
    outer loop
      vertex 72.49551813004514 2.4692662705396407 0
      vertex 72.66370330515628 2.964723819589917 17
      vertex 72.49551813004514 2.4692662705396407 17
    endloop
  endfacet
  facet normal 0.9807852804032314 -0.19509032201612295 0
    outer loop
      vertex 72.76577944549524 3.4778952311197937 0
      vertex 72.76577944549524 3.4778952311197937 17
      vertex 72.66370330515628 2.964723819589917 17
    endloop
  endfacet
  facet normal 0.9978589232386038 -0.06540312923013908 0
    outer loop
      vertex 72.8 4 0
      vertex 72.8 4 17
      vertex 72.76577944549524 3.4778952311197937 17
    endloop
  endfacet
  facet normal 0 0 1
    outer loop
      vertex 68.8 0 17
      vertex 69.32210476888021 0.03422055450475847 17
      vertex 69.83527618041008 0.13629669484372675 17
    endloop
  endfacet
  facet normal 0 0 1
    outer loop
      vertex 68.8 0 17
      vertex 69.83527618041008 0.13629669484372675 17
      vertex 70.8 0.5358983848622456 17
    endloop
  endfacet
  facet normal 0 0 1
    outer loop
      vertex 69.83527618041008 0.13629669484372675 17
      vertex 70.33073372946036 0.30448186995485305 17
      vertex 70.8 0.5358983848622456 17
    endloop
  endfacet
  facet normal 0 0 1
    outer loop
      vertex 68.80000000000001 2.4 17
      vertex 72.26410161513775 2 17
      vertex 69.0088419075521 2.4136882218019036 17
    endloop
  endfacet
  facet normal 0 0 1
    outer loop
      vertex 69.0088419075521 2.4136882218019036 17
      vertex 72.26410161513775 2 17
      vertex 69.21411047216404 2.4545186779374903 17
    endloop
  endfacet
  facet normal 0 0 1
    outer loop
      vertex 69.21411047216404 2.4545186779374903 17
      vertex 72.26410161513775 2 17
      vertex 69.41229349178415 2.521792747981941 17
    endloop
  endfacet
  facet normal 0 0 1
    outer loop
      vertex 69.41229349178415 2.521792747981941 17
      vertex 72.26410161513775 2 17
      vertex 69.60000000000001 2.614359353944898 17
    endloop
  endfacet
  facet normal 0 0 1
    outer loop
      vertex 68.8 0 17
      vertex 70.8 0.5358983848622456 17
      vertex 72.26410161513775 2 17
    endloop
  endfacet
  facet normal 0 0 1
    outer loop
      vertex 70.8 0.5358983848622456 17
      vertex 71.23504571603488 0.8265866388350593 17
      vertex 71.62842712474618 1.1715728752538097 17
    endloop
  endfacet
  facet normal 0 0 1
    outer loop
      vertex 70.8 0.5358983848622456 17
      vertex 71.62842712474618 1.1715728752538097 17
      vertex 72.26410161513775 2 17
    endloop
  endfacet
  facet normal 0 0 1
    outer loop
      vertex 69.60000000000001 2.614359353944898 17
      vertex 72.26410161513775 2 17
      vertex 69.77401828641396 2.7306346555340237 17
    endloop
  endfacet
  facet normal 0 0 1
    outer loop
      vertex 69.77401828641396 2.7306346555340237 17
      vertex 72.26410161513775 2 17
      vertex 69.93137084989849 2.8686291501015235 17
    endloop
  endfacet
  facet normal 0 0 1
    outer loop
      vertex 69.93137084989849 2.8686291501015235 17
      vertex 72.26410161513775 2 17
      vertex 70.069365344466 3.025981713586047 17
    endloop
  endfacet
  facet normal 0 0 1
    outer loop
      vertex 70.069365344466 3.025981713586047 17
      vertex 72.26410161513775 2 17
      vertex 70.18564064605512 3.2 17
    endloop
  endfacet
  facet normal 0 0 1
    outer loop
      vertex 70.18564064605512 3.2 17
      vertex 72.26410161513775 2 17
      vertex 70.27820725201806 3.387706508215856 17
    endloop
  endfacet
  facet normal 0 0 1
    outer loop
      vertex 70.27820725201806 3.387706508215856 17
      vertex 72.26410161513775 2 17
      vertex 70.34548132206253 3.585889527835967 17
    endloop
  endfacet
  facet normal 0 0 1
    outer loop
      vertex 70.34548132206253 3.585889527835967 17
      vertex 72.26410161513775 2 17
      vertex 70.3863117781981 3.7911580924479176 17
    endloop
  endfacet
  facet normal 0 0 1
    outer loop
      vertex 70.3863117781981 3.7911580924479176 17
      vertex 72.26410161513775 2 17
      vertex 70.4 4 17
    endloop
  endfacet
  facet normal 0 0 1
    outer loop
      vertex 71.62842712474618 1.1715728752538097 17
      vertex 71.97341336116494 1.5649542839651174 17
      vertex 72.26410161513775 2 17
    endloop
  endfacet
  facet normal 0 0 1
    outer loop
      vertex 72.26410161513775 2 17
      vertex 72.49551813004514 2.4692662705396407 17
      vertex 72.66370330515628 2.964723819589917 17
    endloop
  endfacet
  facet normal 0 0 1
    outer loop
      vertex 72.26410161513775 2 17
      vertex 72.66370330515628 2.964723819589917 17
      vertex 72.8 4 17
    endloop
  endfacet
  facet normal 0 0 1
    outer loop
      vertex 72.66370330515628 2.964723819589917 17
      vertex 72.76577944549524 3.4778952311197937 17
      vertex 72.8 4 17
    endloop
  endfacet
  facet normal 0 0 1
    outer loop
      vertex 70.4 4 17
      vertex 72.26410161513775 2 17
      vertex 72.26410161513775 115.8 17
    endloop
  endfacet
  facet normal 0 0 1
    outer loop
      vertex 72.26410161513775 2 17
      vertex 72.8 4 17
      vertex 72.26410161513775 115.8 17
    endloop
  endfacet
  facet normal 0 0 -1
    outer loop
      vertex 4 117.8 0
      vertex 72.26410161513775 115.8 0
      vertex 72.8 4 0
    endloop
  endfacet
  facet normal 0 1 0
    outer loop
      vertex 4 117.8 0
      vertex 45.4 117.8 6
      vertex 68.8 117.8 0
    endloop
  endfacet
  facet normal 0 0 -1
    outer loop
      vertex 4 117.8 0
      vertex 68.8 117.8 0
      vertex 72.26410161513775 115.8 0
    endloop
  endfacet
  facet normal 0 1 0
    outer loop
      vertex 68.8 117.8 0
      vertex 45.4 117.8 6
      vertex 45.4 117.8 14.100000000000001
    endloop
  endfacet
  facet normal 0 0 -1
    outer loop
      vertex 72.8 4 0
      vertex 72.26410161513775 115.8 0
      vertex 72.8 113.8 0
    endloop
  endfacet
  facet normal 0 0 -1
    outer loop
      vertex 68.8 117.8 0
      vertex 69.32210476888021 117.76577944549524 0
      vertex 69.83527618041008 117.66370330515628 0
    endloop
  endfacet
  facet normal 0 0 -1
    outer loop
      vertex 68.8 117.8 0
      vertex 69.83527618041008 117.66370330515628 0
      vertex 70.8 117.26410161513775 0
    endloop
  endfacet
  facet normal 0 0 -1
    outer loop
      vertex 69.83527618041008 117.66370330515628 0
      vertex 70.33073372946036 117.49551813004514 0
      vertex 70.8 117.26410161513775 0
    endloop
  endfacet
  facet normal 0 0 -1
    outer loop
      vertex 68.8 117.8 0
      vertex 70.8 117.26410161513775 0
      vertex 72.26410161513775 115.8 0
    endloop
  endfacet
  facet normal 0 0 -1
    outer loop
      vertex 70.8 117.26410161513775 0
      vertex 71.62842712474618 116.62842712474618 0
      vertex 72.26410161513775 115.8 0
    endloop
  endfacet
  facet normal 0 0 -1
    outer loop
      vertex 70.8 117.26410161513775 0
      vertex 71.23504571603488 116.97341336116494 0
      vertex 71.62842712474618 116.62842712474618 0
    endloop
  endfacet
  facet normal 0 0 -1
    outer loop
      vertex 72.8 113.8 0
      vertex 72.66370330515628 114.83527618041008 0
      vertex 72.76577944549524 114.32210476888021 0
    endloop
  endfacet
  facet normal 0 0 -1
    outer loop
      vertex 72.8 113.8 0
      vertex 72.26410161513775 115.8 0
      vertex 72.66370330515628 114.83527618041008 0
    endloop
  endfacet
  facet normal 0 0 -1
    outer loop
      vertex 72.66370330515628 114.83527618041008 0
      vertex 72.26410161513775 115.8 0
      vertex 72.49551813004514 115.33073372946036 0
    endloop
  endfacet
  facet normal 0 0 -1
    outer loop
      vertex 71.62842712474618 116.62842712474618 0
      vertex 71.97341336116494 116.23504571603488 0
      vertex 72.26410161513775 115.8 0
    endloop
  endfacet
  facet normal 0.06540312923013841 0.9978589232386038 0
    outer loop
      vertex 68.8 117.8 0
      vertex 68.8 117.8 17
      vertex 69.32210476888021 117.76577944549524 0
    endloop
  endfacet
  facet normal 0.19509032201612622 0.9807852804032309 -2.748291205129727e-19
    outer loop
      vertex 69.32210476888021 117.76577944549524 0
      vertex 69.83527618041008 117.66370330515628 17
      vertex 69.83527618041008 117.66370330515628 0
    endloop
  endfacet
  facet normal 0.3214394653031689 0.9469301294951031 0
    outer loop
      vertex 69.83527618041008 117.66370330515628 0
      vertex 69.83527618041008 117.66370330515628 17
      vertex 70.33073372946036 117.49551813004514 0
    endloop
  endfacet
  facet normal 0.4422886902190091 0.8968727415326844 3.455420249795442e-19
    outer loop
      vertex 70.33073372946036 117.49551813004514 0
      vertex 70.8 117.26410161513775 17
      vertex 70.8 117.26410161513775 0
    endloop
  endfacet
  facet normal 0.5555702330195917 0.8314696123025523 0
    outer loop
      vertex 70.8 117.26410161513775 0
      vertex 70.8 117.26410161513775 17
      vertex 71.23504571603488 116.97341336116494 0
    endloop
  endfacet
  facet normal 0.6593458151000827 0.7518398074789652 0
    outer loop
      vertex 71.62842712474618 116.62842712474618 0
      vertex 71.23504571603488 116.97341336116494 0
      vertex 71.62842712474618 116.62842712474618 17
    endloop
  endfacet
  facet normal 0.8314696123025523 0.5555702330195917 0
    outer loop
      vertex 72.26410161513775 115.8 0
      vertex 71.97341336116494 116.23504571603488 0
      vertex 72.26410161513775 115.8 17
    endloop
  endfacet
  facet normal 0.9978589232386038 0.06540312923013841 -3.984208271615771e-20
    outer loop
      vertex 72.8 113.8 0
      vertex 72.76577944549524 114.32210476888021 0
      vertex 72.76577944549524 114.32210476888021 17
    endloop
  endfacet
  facet normal 0.9807852804032309 0.19509032201612622 -2.748291205129727e-19
    outer loop
      vertex 72.76577944549524 114.32210476888021 0
      vertex 72.66370330515628 114.83527618041008 0
      vertex 72.66370330515628 114.83527618041008 17
    endloop
  endfacet
  facet normal 0.8968727415326844 0.4422886902190091 3.455420249795442e-19
    outer loop
      vertex 72.49551813004514 115.33073372946036 0
      vertex 72.26410161513775 115.8 0
      vertex 72.26410161513775 115.8 17
    endloop
  endfacet
  facet normal 0.9469301294951031 0.3214394653031689 -3.8904129664219214e-19
    outer loop
      vertex 72.66370330515628 114.83527618041008 0
      vertex 72.49551813004514 115.33073372946036 0
      vertex 72.49551813004514 115.33073372946036 17
    endloop
  endfacet
  facet normal 0.7518398074789652 0.6593458151000827 0
    outer loop
      vertex 71.62842712474618 116.62842712474618 0
      vertex 71.62842712474618 116.62842712474618 17
      vertex 71.97341336116494 116.23504571603488 0
    endloop
  endfacet
  facet normal 0 1 0
    outer loop
      vertex 4 117.8 17
      vertex 68.8 117.8 17
      vertex 45.4 117.8 14.100000000000001
    endloop
  endfacet
  facet normal 0 0 1
    outer loop
      vertex 4 115.4 17
      vertex 68.80000000000001 115.4 17
      vertex 72.26410161513775 115.8 17
    endloop
  endfacet
  facet normal 0 0 1
    outer loop
      vertex 4 117.8 17
      vertex 72.26410161513775 115.8 17
      vertex 68.8 117.8 17
    endloop
  endfacet
  facet normal 1 0 0
    outer loop
      vertex 72.8 4 17
      vertex 72.8 113.8 0
      vertex 72.8 113.8 17
    endloop
  endfacet
  facet normal 0 0 1
    outer loop
      vertex 70.4 4 17
      vertex 72.26410161513775 115.8 17
      vertex 70.4 113.80000000000001 17
    endloop
  endfacet
  facet normal 0 0 1
    outer loop
      vertex 72.8 4 17
      vertex 72.8 113.8 17
      vertex 72.26410161513775 115.8 17
    endloop
  endfacet
  facet normal 0 1 0
    outer loop
      vertex 68.8 117.8 0
      vertex 45.4 117.8 14.100000000000001
      vertex 68.8 117.8 17
    endloop
  endfacet
  facet normal 0.06540312923013841 0.9978589232386038 0
    outer loop
      vertex 69.32210476888021 117.76577944549524 0
      vertex 68.8 117.8 17
      vertex 69.32210476888021 117.76577944549524 17
    endloop
  endfacet
  facet normal 0.19509032201612622 0.9807852804032309 0
    outer loop
      vertex 69.32210476888021 117.76577944549524 0
      vertex 69.32210476888021 117.76577944549524 17
      vertex 69.83527618041008 117.66370330515628 17
    endloop
  endfacet
  facet normal 0.3214394653031689 0.9469301294951031 0
    outer loop
      vertex 70.33073372946036 117.49551813004514 0
      vertex 69.83527618041008 117.66370330515628 17
      vertex 70.33073372946036 117.49551813004514 17
    endloop
  endfacet
  facet normal 0.4422886902190091 0.8968727415326844 0
    outer loop
      vertex 70.33073372946036 117.49551813004514 0
      vertex 70.33073372946036 117.49551813004514 17
      vertex 70.8 117.26410161513775 17
    endloop
  endfacet
  facet normal 0.9978589232386038 0.06540312923013841 0
    outer loop
      vertex 72.8 113.8 0
      vertex 72.76577944549524 114.32210476888021 17
      vertex 72.8 113.8 17
    endloop
  endfacet
  facet normal 0.5555702330195917 0.8314696123025523 0
    outer loop
      vertex 71.23504571603488 116.97341336116494 0
      vertex 70.8 117.26410161513775 17
      vertex 71.23504571603488 116.97341336116494 17
    endloop
  endfacet
  facet normal 0.6593458151000827 0.7518398074789652 0
    outer loop
      vertex 71.23504571603488 116.97341336116494 0
      vertex 71.23504571603488 116.97341336116494 17
      vertex 71.62842712474618 116.62842712474618 17
    endloop
  endfacet
  facet normal 0.9807852804032309 0.19509032201612622 0
    outer loop
      vertex 72.76577944549524 114.32210476888021 0
      vertex 72.66370330515628 114.83527618041008 17
      vertex 72.76577944549524 114.32210476888021 17
    endloop
  endfacet
  facet normal 0.9469301294951031 0.3214394653031689 0
    outer loop
      vertex 72.66370330515628 114.83527618041008 0
      vertex 72.49551813004514 115.33073372946036 17
      vertex 72.66370330515628 114.83527618041008 17
    endloop
  endfacet
  facet normal 0.8968727415326844 0.4422886902190091 0
    outer loop
      vertex 72.49551813004514 115.33073372946036 0
      vertex 72.26410161513775 115.8 17
      vertex 72.49551813004514 115.33073372946036 17
    endloop
  endfacet
  facet normal 0.7518398074789652 0.6593458151000827 0
    outer loop
      vertex 71.97341336116494 116.23504571603488 0
      vertex 71.62842712474618 116.62842712474618 17
      vertex 71.97341336116494 116.23504571603488 17
    endloop
  endfacet
  facet normal 0.8314696123025523 0.5555702330195917 0
    outer loop
      vertex 71.97341336116494 116.23504571603488 0
      vertex 71.97341336116494 116.23504571603488 17
      vertex 72.26410161513775 115.8 17
    endloop
  endfacet
  facet normal 0 0 1
    outer loop
      vertex 68.8 117.8 17
      vertex 69.83527618041008 117.66370330515628 17
      vertex 69.32210476888021 117.76577944549524 17
    endloop
  endfacet
  facet normal 0 0 1
    outer loop
      vertex 68.80000000000001 115.4 17
      vertex 69.0088419075521 115.3863117781981 17
      vertex 72.26410161513775 115.8 17
    endloop
  endfacet
  facet normal 0 0 1
    outer loop
      vertex 69.0088419075521 115.3863117781981 17
      vertex 69.21411047216404 115.34548132206253 17
      vertex 72.26410161513775 115.8 17
    endloop
  endfacet
  facet normal 0 0 1
    outer loop
      vertex 69.21411047216404 115.34548132206253 17
      vertex 69.41229349178415 115.27820725201806 17
      vertex 72.26410161513775 115.8 17
    endloop
  endfacet
  facet normal 0 0 1
    outer loop
      vertex 69.41229349178415 115.27820725201806 17
      vertex 69.60000000000001 115.18564064605512 17
      vertex 72.26410161513775 115.8 17
    endloop
  endfacet
  facet normal 0 0 1
    outer loop
      vertex 68.8 117.8 17
      vertex 70.8 117.26410161513775 17
      vertex 69.83527618041008 117.66370330515628 17
    endloop
  endfacet
  facet normal 0 0 1
    outer loop
      vertex 69.83527618041008 117.66370330515628 17
      vertex 70.8 117.26410161513775 17
      vertex 70.33073372946036 117.49551813004514 17
    endloop
  endfacet
  facet normal 0 0 1
    outer loop
      vertex 70.4 113.80000000000001 17
      vertex 72.26410161513775 115.8 17
      vertex 70.3863117781981 114.0088419075521 17
    endloop
  endfacet
  facet normal 0 0 1
    outer loop
      vertex 70.18564064605512 114.60000000000001 17
      vertex 70.27820725201806 114.41229349178415 17
      vertex 72.26410161513775 115.8 17
    endloop
  endfacet
  facet normal 0 0 1
    outer loop
      vertex 70.3863117781981 114.0088419075521 17
      vertex 72.26410161513775 115.8 17
      vertex 70.34548132206253 114.21411047216404 17
    endloop
  endfacet
  facet normal 0 0 1
    outer loop
      vertex 70.34548132206253 114.21411047216404 17
      vertex 72.26410161513775 115.8 17
      vertex 70.27820725201806 114.41229349178415 17
    endloop
  endfacet
  facet normal 0 0 1
    outer loop
      vertex 69.93137084989849 114.93137084989849 17
      vertex 72.26410161513775 115.8 17
      vertex 69.77401828641396 115.069365344466 17
    endloop
  endfacet
  facet normal 0 0 1
    outer loop
      vertex 69.60000000000001 115.18564064605512 17
      vertex 69.77401828641396 115.069365344466 17
      vertex 72.26410161513775 115.8 17
    endloop
  endfacet
  facet normal 0 0 1
    outer loop
      vertex 69.93137084989849 114.93137084989849 17
      vertex 70.069365344466 114.77401828641396 17
      vertex 72.26410161513775 115.8 17
    endloop
  endfacet
  facet normal 0 0 1
    outer loop
      vertex 70.069365344466 114.77401828641396 17
      vertex 70.18564064605512 114.60000000000001 17
      vertex 72.26410161513775 115.8 17
    endloop
  endfacet
  facet normal 0 0 1
    outer loop
      vertex 68.8 117.8 17
      vertex 72.26410161513775 115.8 17
      vertex 70.8 117.26410161513775 17
    endloop
  endfacet
  facet normal 0 0 1
    outer loop
      vertex 70.8 117.26410161513775 17
      vertex 72.26410161513775 115.8 17
      vertex 71.62842712474618 116.62842712474618 17
    endloop
  endfacet
  facet normal 0 0 1
    outer loop
      vertex 70.8 117.26410161513775 17
      vertex 71.62842712474618 116.62842712474618 17
      vertex 71.23504571603488 116.97341336116494 17
    endloop
  endfacet
  facet normal 0 0 1
    outer loop
      vertex 72.8 113.8 17
      vertex 72.76577944549524 114.32210476888021 17
      vertex 72.26410161513775 115.8 17
    endloop
  endfacet
  facet normal 0 0 1
    outer loop
      vertex 72.76577944549524 114.32210476888021 17
      vertex 72.66370330515628 114.83527618041008 17
      vertex 72.26410161513775 115.8 17
    endloop
  endfacet
  facet normal 0 0 1
    outer loop
      vertex 72.66370330515628 114.83527618041008 17
      vertex 72.49551813004514 115.33073372946036 17
      vertex 72.26410161513775 115.8 17
    endloop
  endfacet
  facet normal 0 0 1
    outer loop
      vertex 71.62842712474618 116.62842712474618 17
      vertex 72.26410161513775 115.8 17
      vertex 71.97341336116494 116.23504571603488 17
    endloop
  endfacet
  facet normal 0 0 1
    outer loop
      vertex 2.521792747981941 3.387706508215856 2
      vertex 2.614359353944898 3.2 2
      vertex 2.4545186779374903 3.585889527835967 2
    endloop
  endfacet
  facet normal 0 0 1
    outer loop
      vertex 2.4545186779374903 3.585889527835967 2
      vertex 2.614359353944898 3.2 2
      vertex 2.4 4 2
    endloop
  endfacet
  facet normal 0 0 1
    outer loop
      vertex 2.614359353944898 3.2 2
      vertex 2.8686291501015235 2.8686291501015235 2
      vertex 3.025981713586047 2.7306346555340237 2
    endloop
  endfacet
  facet normal 0 0 1
    outer loop
      vertex 2.614359353944898 3.2 2
      vertex 2.7306346555340237 3.025981713586047 2
      vertex 2.8686291501015235 2.8686291501015235 2
    endloop
  endfacet
  facet normal 0 0 1
    outer loop
      vertex 3.025981713586047 2.7306346555340237 2
      vertex 3.2 2.614359353944898 2
      vertex 3.387706508215856 2.521792747981941 2
    endloop
  endfacet
  facet normal 0 0 1
    outer loop
      vertex 3.025981713586047 2.7306346555340237 2
      vertex 3.387706508215856 2.521792747981941 2
      vertex 3.585889527835967 2.4545186779374903 2
    endloop
  endfacet
  facet normal 0 0 1
    outer loop
      vertex 2.614359353944898 3.2 2
      vertex 3.025981713586047 2.7306346555340237 2
      vertex 3.585889527835967 2.4545186779374903 2
    endloop
  endfacet
  facet normal 0 0 1
    outer loop
      vertex 2.614359353944898 3.2 2
      vertex 3.178610647184542 3.6954679987755825 2
      vertex 2.9751288694035725 4 2
    endloop
  endfacet
  facet normal 0 0 1
    outer loop
      vertex 2.614359353944898 3.2 2
      vertex 3.420101012677667 3.420101012677667 2
      vertex 3.178610647184542 3.6954679987755825 2
    endloop
  endfacet
  facet normal 0 0 1
    outer loop
      vertex 2.614359353944898 3.2 2
      vertex 3.585889527835967 2.4545186779374903 2
      vertex 3.6954679987755825 3.178610647184542 2
    endloop
  endfacet
  facet normal 0 0 1
    outer loop
      vertex 2.614359353944898 3.2 2
      vertex 3.6954679987755825 3.178610647184542 2
      vertex 3.420101012677667 3.420101012677667 2
    endloop
  endfacet
  facet normal 0 0 1
    outer loop
      vertex 3.585889527835967 2.4545186779374903 2
      vertex 3.7911580924479176 2.4136882218019036 2
      vertex 4 2.4 2
    endloop
  endfacet
  facet normal 0 0 1
    outer loop
      vertex 3.585889527835967 2.4545186779374903 2
      vertex 4.328486389377749 2.8131373089683978 2
      vertex 4 2.9751288694035725 2
    endloop
  endfacet
  facet normal 0 0 1
    outer loop
      vertex 3.585889527835967 2.4545186779374903 2
      vertex 4 2.9751288694035725 2
      vertex 3.6954679987755825 3.178610647184542 2
    endloop
  endfacet
  facet normal 0 0 1
    outer loop
      vertex 3.585889527835967 2.4545186779374903 2
      vertex 4.675306673712942 2.695407686390609 2
      vertex 4.328486389377749 2.8131373089683978 2
    endloop
  endfacet
  facet normal 0 0 1
    outer loop
      vertex 3.585889527835967 2.4545186779374903 2
      vertex 5.034526661783856 2.6239543881533316 2
      vertex 4.675306673712942 2.695407686390609 2
    endloop
  endfacet
  facet normal 0 0 1
    outer loop
      vertex 2.4545186779374903 3.585889527835967 2
      vertex 2.4 4 2
      vertex 2.4136882218019036 3.7911580924479176 2
    endloop
  endfacet
  facet normal 0 0 1
    outer loop
      vertex 2.614359353944898 3.2 2
      vertex 2.6239543881533316 5.034526661783856 2
      vertex 2.4 4 2
    endloop
  endfacet
  facet normal 0 0 1
    outer loop
      vertex 2.614359353944898 3.2 2
      vertex 2.9751288694035725 4 2
      vertex 2.8131373089683978 4.328486389377749 2
    endloop
  endfacet
  facet normal 0 0 1
    outer loop
      vertex 2.614359353944898 3.2 2
      vertex 2.8131373089683978 4.328486389377749 2
      vertex 2.695407686390609 4.675306673712942 2
    endloop
  endfacet
  facet normal 0 0 1
    outer loop
      vertex 2.614359353944898 3.2 2
      vertex 2.695407686390609 4.675306673712942 2
      vertex 2.6239543881533316 5.034526661783856 2
    endloop
  endfacet
  facet normal 0 0 1
    outer loop
      vertex 2.4 4 2
      vertex 2.6239543881533316 5.034526661783856 2
      vertex 2.6000000000000005 5.4 2
    endloop
  endfacet
  facet normal 0 0 1
    outer loop
      vertex 2.6239543881533316 5.765473338216145 2
      vertex 2.695407686390609 6.124693326287058 2
      vertex 2.9751288694035725 32 2
    endloop
  endfacet
  facet normal 0 0 1
    outer loop
      vertex 3.585889527835967 2.4545186779374903 2
      vertex 5.4 2.6000000000000005 2
      vertex 5.034526661783856 2.6239543881533316 2
    endloop
  endfacet
  facet normal 0 0 1
    outer loop
      vertex 3.585889527835967 2.4545186779374903 2
      vertex 5.765473338216145 2.6239543881533316 2
      vertex 5.4 2.6000000000000005 2
    endloop
  endfacet
  facet normal 0 0 1
    outer loop
      vertex 7.104532001224419 3.178610647184542 2
      vertex 8.799999999999999 3.4 2
      vertex 7.379898987322333 3.420101012677667 2
    endloop
  endfacet
  facet normal 0 0 1
    outer loop
      vertex 7.379898987322333 3.420101012677667 2
      vertex 8.799999999999999 3.4 2
      vertex 7.621389352815459 3.6954679987755825 2
    endloop
  endfacet
  facet normal 0 0 1
    outer loop
      vertex 7.104532001224419 3.178610647184542 2
      vertex 10.399999999999999 3.4 2
      vertex 8.799999999999999 3.4 2
    endloop
  endfacet
  facet normal 0 0 1
    outer loop
      vertex 8.799999999999999 3.4 2
      vertex 7.824871130596428 4 2
      vertex 7.621389352815459 3.6954679987755825 2
    endloop
  endfacet
  facet normal 0 0 1
    outer loop
      vertex 8.799999999999999 3.4 2
      vertex 7.986862691031603 4.328486389377749 2
      vertex 7.824871130596428 4 2
    endloop
  endfacet
  facet normal 0 0 1
    outer loop
      vertex 8.799999999999999 3.4 2
      vertex 8.104592313609391 4.675306673712942 2
      vertex 7.986862691031603 4.328486389377749 2
    endloop
  endfacet
  facet normal 0 0 1
    outer loop
      vertex 8.799999999999999 3.4 2
      vertex 8.17604561184667 5.034526661783856 2
      vertex 8.104592313609391 4.675306673712942 2
    endloop
  endfacet
  facet normal 0 0 1
    outer loop
      vertex 8.799999999999999 3.4 2
      vertex 8.2 5.4 2
      vertex 8.17604561184667 5.034526661783856 2
    endloop
  endfacet
  facet normal 0 0 1
    outer loop
      vertex 8.799999999999999 3.4 2
      vertex 8.17604561184667 5.765473338216145 2
      vertex 8.2 5.4 2
    endloop
  endfacet
  facet normal 0 0 1
    outer loop
      vertex 8.799999999999999 3.4 2
      vertex 8.104592313609391 6.124693326287058 2
      vertex 8.17604561184667 5.765473338216145 2
    endloop
  endfacet
  facet normal 0 0 1
    outer loop
      vertex 8.104592313609391 6.124693326287058 2
      vertex 8.799999999999999 31.4 2
      vertex 7.986862691031603 6.471513610622251 2
    endloop
  endfacet
  facet normal 0 0 1
    outer loop
      vertex 8.799999999999999 3.4 2
      vertex 8.799999999999999 31.4 2
      vertex 8.104592313609391 6.124693326287058 2
    endloop
  endfacet
  facet normal 0 0 1
    outer loop
      vertex 2.695407686390609 6.124693326287058 2
      vertex 2.8131373089683978 6.471513610622251 2
      vertex 2.9751288694035725 32 2
    endloop
  endfacet
  facet normal 0 0 1
    outer loop
      vertex 2.8131373089683978 6.471513610622251 2
      vertex 2.9751288694035725 6.800000000000001 2
      vertex 2.9751288694035725 32 2
    endloop
  endfacet
  facet normal 0 0 1
    outer loop
      vertex 2.9751288694035725 6.800000000000001 2
      vertex 3.178610647184542 7.104532001224419 2
      vertex 3.178610647184542 31.69546799877558 2
    endloop
  endfacet
  facet normal 0 0 1
    outer loop
      vertex 3.178610647184542 7.104532001224419 2
      vertex 3.420101012677667 7.379898987322333 2
      vertex 3.178610647184542 31.69546799877558 2
    endloop
  endfacet
  facet normal 0 0 1
    outer loop
      vertex 3.420101012677667 7.379898987322333 2
      vertex 3.6954679987755825 7.621389352815459 2
      vertex 3.6954679987755825 31.17861064718454 2
    endloop
  endfacet
  facet normal 0 0 1
    outer loop
      vertex 3.6954679987755825 7.621389352815459 2
      vertex 4 7.824871130596428 2
      vertex 4 30.97512886940357 2
    endloop
  endfacet
  facet normal 0 0 1
    outer loop
      vertex 4 7.824871130596428 2
      vertex 4.328486389377749 7.986862691031603 2
      vertex 4.328486389377749 30.813137308968397 2
    endloop
  endfacet
  facet normal 0 0 1
    outer loop
      vertex 2.6239543881533316 5.765473338216145 2
      vertex 2.9751288694035725 32 2
      vertex 2.8131373089683978 32.328486389377744 2
    endloop
  endfacet
  facet normal 0 0 1
    outer loop
      vertex 2.6239543881533316 5.765473338216145 2
      vertex 2.695407686390609 32.67530667371294 2
      vertex 2.6239543881533316 33.03452666178386 2
    endloop
  endfacet
  facet normal 0 0 1
    outer loop
      vertex 2.6239543881533316 5.765473338216145 2
      vertex 2.8131373089683978 32.328486389377744 2
      vertex 2.695407686390609 32.67530667371294 2
    endloop
  endfacet
  facet normal 0 0 1
    outer loop
      vertex 2.9751288694035725 6.800000000000001 2
      vertex 3.178610647184542 31.69546799877558 2
      vertex 2.9751288694035725 32 2
    endloop
  endfacet
  facet normal 0 0 1
    outer loop
      vertex 3.420101012677667 7.379898987322333 2
      vertex 3.420101012677667 31.420101012677666 2
      vertex 3.178610647184542 31.69546799877558 2
    endloop
  endfacet
  facet normal 0 0 1
    outer loop
      vertex 2.6239543881533316 5.765473338216145 2
      vertex 2.6239543881533316 33.03452666178386 2
      vertex 2.6000000000000005 33.4 2
    endloop
  endfacet
  facet normal 0 0 1
    outer loop
      vertex 3.420101012677667 7.379898987322333 2
      vertex 3.6954679987755825 31.17861064718454 2
      vertex 3.420101012677667 31.420101012677666 2
    endloop
  endfacet
  facet normal 0 0 1
    outer loop
      vertex 3.6954679987755825 7.621389352815459 2
      vertex 4 30.97512886940357 2
      vertex 3.6954679987755825 31.17861064718454 2
    endloop
  endfacet
  facet normal 0 0 1
    outer loop
      vertex 4 7.824871130596428 2
      vertex 4.328486389377749 30.813137308968397 2
      vertex 4 30.97512886940357 2
    endloop
  endfacet
  facet normal 0 0 1
    outer loop
      vertex 4.328486389377749 7.986862691031603 2
      vertex 4.675306673712942 30.695407686390606 2
      vertex 4.328486389377749 30.813137308968397 2
    endloop
  endfacet
  facet normal 0 0 1
    outer loop
      vertex 4.328486389377749 7.986862691031603 2
      vertex 4.675306673712942 8.104592313609391 2
      vertex 4.675306673712942 30.695407686390606 2
    endloop
  endfacet
  facet normal 0 0 1
    outer loop
      vertex 4.675306673712942 8.104592313609391 2
      vertex 5.034526661783856 8.17604561184667 2
      vertex 5.034526661783856 30.62395438815333 2
    endloop
  endfacet
  facet normal 0 0 1
    outer loop
      vertex 5.034526661783856 8.17604561184667 2
      vertex 5.4 8.2 2
      vertex 5.4 30.599999999999998 2
    endloop
  endfacet
  facet normal 0 0 1
    outer loop
      vertex 5.4 8.2 2
      vertex 5.765473338216145 8.17604561184667 2
      vertex 5.4 30.599999999999998 2
    endloop
  endfacet
  facet normal 0 0 1
    outer loop
      vertex 6.124693326287058 8.104592313609391 2
      vertex 6.471513610622251 7.986862691031603 2
      vertex 6.124693326287058 30.695407686390606 2
    endloop
  endfacet
  facet normal 0 0 1
    outer loop
      vertex 5.765473338216145 8.17604561184667 2
      vertex 6.124693326287058 8.104592313609391 2
      vertex 6.124693326287058 30.695407686390606 2
    endloop
  endfacet
  facet normal 0 0 1
    outer loop
      vertex 6.471513610622251 7.986862691031603 2
      vertex 6.800000000000001 7.824871130596428 2
      vertex 6.800000000000001 30.97512886940357 2
    endloop
  endfacet
  facet normal 0 0 1
    outer loop
      vertex 6.800000000000001 7.824871130596428 2
      vertex 7.104532001224419 7.621389352815459 2
      vertex 6.800000000000001 30.97512886940357 2
    endloop
  endfacet
  facet normal 0 0 1
    outer loop
      vertex 7.104532001224419 7.621389352815459 2
      vertex 7.379898987322333 7.379898987322333 2
      vertex 7.379898987322333 31.420101012677666 2
    endloop
  endfacet
  facet normal 0 0 1
    outer loop
      vertex 7.621389352815459 7.104532001224419 2
      vertex 7.621389352815459 31.69546799877558 2
      vertex 7.379898987322333 7.379898987322333 2
    endloop
  endfacet
  facet normal 0 0 1
    outer loop
      vertex 7.621389352815459 7.104532001224419 2
      vertex 7.824871130596428 6.800000000000001 2
      vertex 7.621389352815459 31.69546799877558 2
    endloop
  endfacet
  facet normal 0 0 1
    outer loop
      vertex 7.824871130596428 6.800000000000001 2
      vertex 7.986862691031603 6.471513610622251 2
      vertex 7.986862691031603 32.328486389377744 2
    endloop
  endfacet
  facet normal 0 0 1
    outer loop
      vertex 4.675306673712942 8.104592313609391 2
      vertex 5.034526661783856 30.62395438815333 2
      vertex 4.675306673712942 30.695407686390606 2
    endloop
  endfacet
  facet normal 0 0 1
    outer loop
      vertex 5.034526661783856 8.17604561184667 2
      vertex 5.4 30.599999999999998 2
      vertex 5.034526661783856 30.62395438815333 2
    endloop
  endfacet
  facet normal 0 0 1
    outer loop
      vertex 5.765473338216145 8.17604561184667 2
      vertex 5.765473338216145 30.62395438815333 2
      vertex 5.4 30.599999999999998 2
    endloop
  endfacet
  facet normal 0 0 1
    outer loop
      vertex 5.765473338216145 8.17604561184667 2
      vertex 6.124693326287058 30.695407686390606 2
      vertex 5.765473338216145 30.62395438815333 2
    endloop
  endfacet
  facet normal 0 0 1
    outer loop
      vertex 6.471513610622251 7.986862691031603 2
      vertex 6.471513610622251 30.813137308968397 2
      vertex 6.124693326287058 30.695407686390606 2
    endloop
  endfacet
  facet normal 0 0 1
    outer loop
      vertex 6.471513610622251 7.986862691031603 2
      vertex 6.800000000000001 30.97512886940357 2
      vertex 6.471513610622251 30.813137308968397 2
    endloop
  endfacet
  facet normal 0 0 1
    outer loop
      vertex 7.104532001224419 7.621389352815459 2
      vertex 7.104532001224419 31.17861064718454 2
      vertex 6.800000000000001 30.97512886940357 2
    endloop
  endfacet
  facet normal 0 0 1
    outer loop
      vertex 7.104532001224419 7.621389352815459 2
      vertex 7.379898987322333 31.420101012677666 2
      vertex 7.104532001224419 31.17861064718454 2
    endloop
  endfacet
  facet normal 0 0 1
    outer loop
      vertex 7.379898987322333 7.379898987322333 2
      vertex 7.621389352815459 31.69546799877558 2
      vertex 7.379898987322333 31.420101012677666 2
    endloop
  endfacet
  facet normal 0 0 1
    outer loop
      vertex 7.824871130596428 6.800000000000001 2
      vertex 7.824871130596428 32 2
      vertex 7.621389352815459 31.69546799877558 2
    endloop
  endfacet
  facet normal 0 0 1
    outer loop
      vertex 7.824871130596428 6.800000000000001 2
      vertex 7.986862691031603 32.328486389377744 2
      vertex 7.824871130596428 32 2
    endloop
  endfacet
  facet normal 0 0 1
    outer loop
      vertex 7.986862691031603 6.471513610622251 2
      vertex 8.799999999999999 31.4 2
      vertex 7.986862691031603 32.328486389377744 2
    endloop
  endfacet
  facet normal 0 0 1
    outer loop
      vertex 7.104532001224419 3.178610647184542 2
      vertex 13.399999999999999 3.4 2
      vertex 10.399999999999999 3.4 2
    endloop
  endfacet
  facet normal 0.8968727415326873 0.4422886902190032 0
    outer loop
      vertex 2.521792747981941 3.387706508215856 2
      vertex 2.521792747981941 3.387706508215856 17
      vertex 2.614359353944898 3.2 2
    endloop
  endfacet
  facet normal 0.9469301294951057 0.32143946530316153 -5.0603309675788833e-20
    outer loop
      vertex 2.521792747981941 3.387706508215856 2
      vertex 2.4545186779374903 3.585889527835967 2
      vertex 2.4545186779374903 3.585889527835967 17
    endloop
  endfacet
  facet normal 0.8314696123025455 0.5555702330196018 0
    outer loop
      vertex 2.614359353944898 3.2 2
      vertex 2.614359353944898 3.2 17
      vertex 2.7306346555340237 3.025981713586047 2
    endloop
  endfacet
  facet normal 0.7518398074789793 0.6593458151000667 0
    outer loop
      vertex 2.7306346555340237 3.025981713586047 2
      vertex 2.7306346555340237 3.025981713586047 17
      vertex 2.8686291501015235 2.8686291501015235 2
    endloop
  endfacet
  facet normal 0.5555702330196018 0.8314696123025455 0
    outer loop
      vertex 3.025981713586047 2.7306346555340237 2
      vertex 3.025981713586047 2.7306346555340237 17
      vertex 3.2 2.614359353944898 2
    endloop
  endfacet
  facet normal 0.4422886902190032 0.8968727415326873 0
    outer loop
      vertex 3.2 2.614359353944898 2
      vertex 3.2 2.614359353944898 17
      vertex 3.387706508215856 2.521792747981941 2
    endloop
  endfacet
  facet normal 0.6593458151000667 0.7518398074789793 -3.0929271087383535e-19
    outer loop
      vertex 3.025981713586047 2.7306346555340237 2
      vertex 2.8686291501015235 2.8686291501015235 2
      vertex 2.8686291501015235 2.8686291501015235 17
    endloop
  endfacet
  facet normal 0.32143946530316153 0.9469301294951057 0
    outer loop
      vertex 3.387706508215856 2.521792747981941 2
      vertex 3.387706508215856 2.521792747981941 17
      vertex 3.585889527835967 2.4545186779374903 2
    endloop
  endfacet
  facet normal 0.19509032201612533 0.980785280403231 0
    outer loop
      vertex 3.585889527835967 2.4545186779374903 2
      vertex 3.585889527835967 2.4545186779374903 17
      vertex 3.7911580924479176 2.4136882218019036 2
    endloop
  endfacet
  facet normal 0.06540312923014459 0.9978589232386034 0
    outer loop
      vertex 3.7911580924479176 2.4136882218019036 2
      vertex 3.7911580924479176 2.4136882218019036 17
      vertex 4 2.4 2
    endloop
  endfacet
  facet normal 0.9978589232386034 0.06540312923014459 5.142457591059704e-20
    outer loop
      vertex 2.4136882218019036 3.7911580924479176 2
      vertex 2.4 4 2
      vertex 2.4 4 17
    endloop
  endfacet
  facet normal 0.980785280403231 0.19509032201612533 1.7943894059527768e-19
    outer loop
      vertex 2.4545186779374903 3.585889527835967 2
      vertex 2.4136882218019036 3.7911580924479176 2
      vertex 2.4136882218019036 3.7911580924479176 17
    endloop
  endfacet
  facet normal 0 0 1
    outer loop
      vertex 2.4 4 2
      vertex 2.6000000000000005 5.4 2
      vertex 2.4 113.80000000000001 2
    endloop
  endfacet
  facet normal 0 0 1
    outer loop
      vertex 2.6000000000000005 5.4 2
      vertex 2.6239543881533316 5.765473338216145 2
      vertex 2.4 113.80000000000001 2
    endloop
  endfacet
  facet normal 0 0 1
    outer loop
      vertex 7.986862691031603 32.328486389377744 2
      vertex 8.799999999999999 31.4 2
      vertex 8.104592313609391 32.67530667371294 2
    endloop
  endfacet
  facet normal 0 0 1
    outer loop
      vertex 8.104592313609391 32.67530667371294 2
      vertex 8.799999999999999 31.4 2
      vertex 8.17604561184667 33.03452666178386 2
    endloop
  endfacet
  facet normal 0 0 1
    outer loop
      vertex 8.17604561184667 33.03452666178386 2
      vertex 8.799999999999999 31.4 2
      vertex 9.399999999999999 33.8 2
    endloop
  endfacet
  facet normal 0 0 1
    outer loop
      vertex 7.104532001224419 35.621389352815456 2
      vertex 7.379898987322333 35.379898987322335 2
      vertex 9.399999999999999 35.4 2
    endloop
  endfacet
  facet normal 0 0 1
    outer loop
      vertex 8.104592313609391 34.12469332628706 2
      vertex 9.399999999999999 35.4 2
      vertex 7.986862691031603 34.47151361062225 2
    endloop
  endfacet
  facet normal 0 0 1
    outer loop
      vertex 7.824871130596428 34.8 2
      vertex 7.986862691031603 34.47151361062225 2
      vertex 9.399999999999999 35.4 2
    endloop
  endfacet
  facet normal 0 0 1
    outer loop
      vertex 8.17604561184667 33.03452666178386 2
      vertex 9.399999999999999 33.8 2
      vertex 8.2 33.4 2
    endloop
  endfacet
  facet normal 0 0 1
    outer loop
      vertex 8.2 33.4 2
      vertex 9.399999999999999 33.8 2
      vertex 8.17604561184667 33.76547333821614 2
    endloop
  endfacet
  facet normal 0 0 1
    outer loop
      vertex 8.17604561184667 33.76547333821614 2
      vertex 9.399999999999999 33.8 2
      vertex 8.104592313609391 34.12469332628706 2
    endloop
  endfacet
  facet normal 0 0 1
    outer loop
      vertex 8.104592313609391 34.12469332628706 2
      vertex 9.399999999999999 33.8 2
      vertex 9.399999999999999 35.4 2
    endloop
  endfacet
  facet normal 0 0 1
    outer loop
      vertex 7.379898987322333 35.379898987322335 2
      vertex 7.621389352815459 35.10453200122441 2
      vertex 9.399999999999999 35.4 2
    endloop
  endfacet
  facet normal 0 0 1
    outer loop
      vertex 7.824871130596428 34.8 2
      vertex 9.399999999999999 35.4 2
      vertex 7.621389352815459 35.10453200122441 2
    endloop
  endfacet
  facet normal 0 0 1
    outer loop
      vertex 2.6239543881533316 5.765473338216145 2
      vertex 2.6000000000000005 33.4 2
      vertex 2.4 113.80000000000001 2
    endloop
  endfacet
  facet normal 0 0 1
    outer loop
      vertex 2.9751288694035725 34.8 2
      vertex 3.178610647184542 35.10453200122441 2
      vertex 9.399999999999999 72 2
    endloop
  endfacet
  facet normal 0 0 1
    outer loop
      vertex 3.178610647184542 35.10453200122441 2
      vertex 3.420101012677667 35.379898987322335 2
      vertex 9.399999999999999 70.4 2
    endloop
  endfacet
  facet normal 0 0 1
    outer loop
      vertex 3.420101012677667 35.379898987322335 2
      vertex 3.6954679987755825 35.621389352815456 2
      vertex 9.399999999999999 70.4 2
    endloop
  endfacet
  facet normal 0 0 1
    outer loop
      vertex 3.6954679987755825 35.621389352815456 2
      vertex 4 35.82487113059643 2
      vertex 9.399999999999999 70.4 2
    endloop
  endfacet
  facet normal 0 0 1
    outer loop
      vertex 4 35.82487113059643 2
      vertex 4.328486389377749 35.986862691031604 2
      vertex 9.399999999999999 70.4 2
    endloop
  endfacet
  facet normal 0 0 1
    outer loop
      vertex 4.328486389377749 35.986862691031604 2
      vertex 4.675306673712942 36.10459231360939 2
      vertex 9.399999999999999 70.4 2
    endloop
  endfacet
  facet normal 0 0 1
    outer loop
      vertex 4.675306673712942 36.10459231360939 2
      vertex 5.034526661783856 36.17604561184667 2
      vertex 9.399999999999999 70.4 2
    endloop
  endfacet
  facet normal 0 0 1
    outer loop
      vertex 5.034526661783856 36.17604561184667 2
      vertex 5.4 36.199999999999996 2
      vertex 9.399999999999999 70.4 2
    endloop
  endfacet
  facet normal 0 0 1
    outer loop
      vertex 5.4 36.199999999999996 2
      vertex 5.765473338216145 36.17604561184667 2
      vertex 9.399999999999999 70.4 2
    endloop
  endfacet
  facet normal 0 0 1
    outer loop
      vertex 5.765473338216145 36.17604561184667 2
      vertex 6.124693326287058 36.10459231360939 2
      vertex 9.399999999999999 70.4 2
    endloop
  endfacet
  facet normal 0 0 1
    outer loop
      vertex 6.124693326287058 36.10459231360939 2
      vertex 6.471513610622251 35.986862691031604 2
      vertex 9.399999999999999 70.4 2
    endloop
  endfacet
  facet normal 0 0 1
    outer loop
      vertex 6.800000000000001 35.82487113059643 2
      vertex 9.399999999999999 70.4 2
      vertex 6.471513610622251 35.986862691031604 2
    endloop
  endfacet
  facet normal 0 0 1
    outer loop
      vertex 6.800000000000001 35.82487113059643 2
      vertex 7.104532001224419 35.621389352815456 2
      vertex 9.399999999999999 70.4 2
    endloop
  endfacet
  facet normal 0 0 1
    outer loop
      vertex 7.104532001224419 35.621389352815456 2
      vertex 9.399999999999999 35.4 2
      vertex 9.399999999999999 70.4 2
    endloop
  endfacet
  facet normal 0 0 1
    outer loop
      vertex 8.799999999999999 31.4 2
      vertex 10.399999999999999 31.4 2
      vertex 9.399999999999999 33.8 2
    endloop
  endfacet
  facet normal 0 0 1
    outer loop
      vertex 10.399999999999999 31.4 2
      vertex 13.399999999999999 31.4 2
      vertex 9.399999999999999 33.8 2
    endloop
  endfacet
  facet normal 1 0 0
    outer loop
      vertex 2.4 4 2
      vertex 2.4 80.4 5.8
      vertex 2.4 80.4 13
    endloop
  endfacet
  facet normal 0 0 1
    outer loop
      vertex 3.585889527835967 2.4545186779374903 2
      vertex 4 2.4 2
      vertex 68.80000000000001 2.4 2
    endloop
  endfacet
  facet normal 0 0 1
    outer loop
      vertex 3.585889527835967 2.4545186779374903 2
      vertex 68.80000000000001 2.4 2
      vertex 5.765473338216145 2.6239543881533316 2
    endloop
  endfacet
  facet normal 0 0 1
    outer loop
      vertex 7.104532001224419 3.178610647184542 2
      vertex 59.4 3.4 2
      vertex 13.399999999999999 3.4 2
    endloop
  endfacet
  facet normal 0 0 1
    outer loop
      vertex 5.765473338216145 2.6239543881533316 2
      vertex 68.80000000000001 2.4 2
      vertex 6.124693326287058 2.695407686390609 2
    endloop
  endfacet
  facet normal 0 0 1
    outer loop
      vertex 6.124693326287058 2.695407686390609 2
      vertex 68.80000000000001 2.4 2
      vertex 6.471513610622251 2.8131373089683978 2
    endloop
  endfacet
  facet normal 0 0 1
    outer loop
      vertex 13.399999999999999 3.4 2
      vertex 52.63770197486536 33.8 2
      vertex 13.399999999999999 31.4 2
    endloop
  endfacet
  facet normal 0 0 1
    outer loop
      vertex 6.471513610622251 2.8131373089683978 2
      vertex 68.80000000000001 2.4 2
      vertex 6.800000000000001 2.9751288694035725 2
    endloop
  endfacet
  facet normal 0 0 1
    outer loop
      vertex 6.800000000000001 2.9751288694035725 2
      vertex 68.80000000000001 2.4 2
      vertex 7.104532001224419 3.178610647184542 2
    endloop
  endfacet
  facet normal 0 1 0
    outer loop
      vertex 4 2.4 2
      vertex 29.9 2.4 4.2
      vertex 68.80000000000001 2.4 2
    endloop
  endfacet
  facet normal 0 1 0
    outer loop
      vertex 4 2.4 2
      vertex 29.9 2.4 10.4
      vertex 29.9 2.4 4.2
    endloop
  endfacet
  facet normal 0 0 1
    outer loop
      vertex 9.399999999999999 33.8 2
      vertex 13.399999999999999 31.4 2
      vertex 52.63770197486536 33.8 2
    endloop
  endfacet
  facet normal 0 0 1
    outer loop
      vertex 9.399999999999999 35.4 2
      vertex 63.4 70.4 2
      vertex 9.399999999999999 70.4 2
    endloop
  endfacet
  facet normal 0.980785280403231 0.19509032201612533 0
    outer loop
      vertex 2.4545186779374903 3.585889527835967 2
      vertex 2.4136882218019036 3.7911580924479176 17
      vertex 2.4545186779374903 3.585889527835967 17
    endloop
  endfacet
  facet normal 0.9469301294951057 0.32143946530316153 0
    outer loop
      vertex 2.521792747981941 3.387706508215856 2
      vertex 2.4545186779374903 3.585889527835967 17
      vertex 2.521792747981941 3.387706508215856 17
    endloop
  endfacet
  facet normal 0.8314696123025455 0.5555702330196018 0
    outer loop
      vertex 2.7306346555340237 3.025981713586047 2
      vertex 2.614359353944898 3.2 17
      vertex 2.7306346555340237 3.025981713586047 17
    endloop
  endfacet
  facet normal 0.7518398074789793 0.6593458151000667 0
    outer loop
      vertex 2.8686291501015235 2.8686291501015235 2
      vertex 2.7306346555340237 3.025981713586047 17
      vertex 2.8686291501015235 2.8686291501015235 17
    endloop
  endfacet
  facet normal 0.8968727415326873 0.4422886902190032 0
    outer loop
      vertex 2.614359353944898 3.2 2
      vertex 2.521792747981941 3.387706508215856 17
      vertex 2.614359353944898 3.2 17
    endloop
  endfacet
  facet normal 0.5555702330196018 0.8314696123025455 0
    outer loop
      vertex 3.2 2.614359353944898 2
      vertex 3.025981713586047 2.7306346555340237 17
      vertex 3.2 2.614359353944898 17
    endloop
  endfacet
  facet normal 0.4422886902190032 0.8968727415326873 0
    outer loop
      vertex 3.387706508215856 2.521792747981941 2
      vertex 3.2 2.614359353944898 17
      vertex 3.387706508215856 2.521792747981941 17
    endloop
  endfacet
  facet normal 0.6593458151000667 0.7518398074789793 0
    outer loop
      vertex 3.025981713586047 2.7306346555340237 2
      vertex 2.8686291501015235 2.8686291501015235 17
      vertex 3.025981713586047 2.7306346555340237 17
    endloop
  endfacet
  facet normal 0.32143946530316153 0.9469301294951057 0
    outer loop
      vertex 3.585889527835967 2.4545186779374903 2
      vertex 3.387706508215856 2.521792747981941 17
      vertex 3.585889527835967 2.4545186779374903 17
    endloop
  endfacet
  facet normal 0.19509032201612533 0.980785280403231 0
    outer loop
      vertex 3.7911580924479176 2.4136882218019036 2
      vertex 3.585889527835967 2.4545186779374903 17
      vertex 3.7911580924479176 2.4136882218019036 17
    endloop
  endfacet
  facet normal 0.06540312923014459 0.9978589232386034 0
    outer loop
      vertex 4 2.4 2
      vertex 3.7911580924479176 2.4136882218019036 17
      vertex 4 2.4 17
    endloop
  endfacet
  facet normal 0.9978589232386034 0.06540312923014459 0
    outer loop
      vertex 2.4136882218019036 3.7911580924479176 2
      vertex 2.4 4 17
      vertex 2.4136882218019036 3.7911580924479176 17
    endloop
  endfacet
  facet normal 0 1 0
    outer loop
      vertex 4 2.4 2
      vertex 4 2.4 17
      vertex 29.9 2.4 10.4
    endloop
  endfacet
  facet normal 1 0 0
    outer loop
      vertex 2.4 4 2
      vertex 2.4 80.4 13
      vertex 2.4 4 17
    endloop
  endfacet
  facet normal 0 1 0
    outer loop
      vertex 4 2.4 17
      vertex 42.9 2.4 10.4
      vertex 29.9 2.4 10.4
    endloop
  endfacet
  facet normal 0 0 1
    outer loop
      vertex 2.6000000000000005 33.4 2
      vertex 2.6239543881533316 33.76547333821614 2
      vertex 2.4 113.80000000000001 2
    endloop
  endfacet
  facet normal 0 0 1
    outer loop
      vertex 2.6239543881533316 33.76547333821614 2
      vertex 2.695407686390609 34.12469332628706 2
      vertex 2.6239543881533316 112.03452666178384 2
    endloop
  endfacet
  facet normal 0 0 1
    outer loop
      vertex 2.695407686390609 34.12469332628706 2
      vertex 2.8131373089683978 34.47151361062225 2
      vertex 2.8131373089683978 111.32848638937774 2
    endloop
  endfacet
  facet normal 0 0 1
    outer loop
      vertex 2.8131373089683978 34.47151361062225 2
      vertex 2.9751288694035725 34.8 2
      vertex 2.9751288694035725 110.99999999999999 2
    endloop
  endfacet
  facet normal 0 0 1
    outer loop
      vertex 3.178610647184542 35.10453200122441 2
      vertex 9.399999999999999 70.4 2
      vertex 9.399999999999999 72 2
    endloop
  endfacet
  facet normal 0 0 1
    outer loop
      vertex 2.9751288694035725 34.8 2
      vertex 9.399999999999999 72 2
      vertex 9.62836140246614 77.25194970290474 2
    endloop
  endfacet
  facet normal 0 0 1
    outer loop
      vertex 2.9751288694035725 34.8 2
      vertex 9.62836140246614 77.25194970290474 2
      vertex 9.502222521132795 77.62354286469244 2
    endloop
  endfacet
  facet normal 0 0 1
    outer loop
      vertex 2.9751288694035725 34.8 2
      vertex 9.502222521132795 77.62354286469244 2
      vertex 9.42566541587857 78.00842142333985 2
    endloop
  endfacet
  facet normal 0 0 1
    outer loop
      vertex 2.9751288694035725 34.8 2
      vertex 9.42566541587857 78.00842142333985 2
      vertex 9.4 78.4 2
    endloop
  endfacet
  facet normal 0 0 1
    outer loop
      vertex 2.9751288694035725 34.8 2
      vertex 9.4 78.4 2
      vertex 9.42566541587857 78.79157857666016 2
    endloop
  endfacet
  facet normal 0 0 1
    outer loop
      vertex 2.695407686390609 34.12469332628706 2
      vertex 2.695407686390609 111.67530667371294 2
      vertex 2.6239543881533316 112.03452666178384 2
    endloop
  endfacet
  facet normal 0 0 1
    outer loop
      vertex 2.695407686390609 34.12469332628706 2
      vertex 2.8131373089683978 111.32848638937774 2
      vertex 2.695407686390609 111.67530667371294 2
    endloop
  endfacet
  facet normal 0 0 1
    outer loop
      vertex 2.9751288694035725 34.8 2
      vertex 3.178610647184542 110.69546799877557 2
      vertex 2.9751288694035725 110.99999999999999 2
    endloop
  endfacet
  facet normal 0 0 1
    outer loop
      vertex 2.9751288694035725 34.8 2
      vertex 3.420101012677667 110.42010101267766 2
      vertex 3.178610647184542 110.69546799877557 2
    endloop
  endfacet
  facet normal 0 0 1
    outer loop
      vertex 2.9751288694035725 34.8 2
      vertex 3.6954679987755825 110.17861064718453 2
      vertex 3.420101012677667 110.42010101267766 2
    endloop
  endfacet
  facet normal 0 0 1
    outer loop
      vertex 2.8131373089683978 34.47151361062225 2
      vertex 2.9751288694035725 110.99999999999999 2
      vertex 2.8131373089683978 111.32848638937774 2
    endloop
  endfacet
  facet normal 0 0 1
    outer loop
      vertex 2.6239543881533316 33.76547333821614 2
      vertex 2.6239543881533316 112.03452666178384 2
      vertex 2.4 113.80000000000001 2
    endloop
  endfacet
  facet normal 0 0 1
    outer loop
      vertex 2.9751288694035725 34.8 2
      vertex 4 109.97512886940356 2
      vertex 3.6954679987755825 110.17861064718453 2
    endloop
  endfacet
  facet normal 0 0 1
    outer loop
      vertex 2.9751288694035725 34.8 2
      vertex 9.42566541587857 78.79157857666016 2
      vertex 4 109.97512886940356 2
    endloop
  endfacet
  facet normal 1 0 0
    outer loop
      vertex 2.4 4 2
      vertex 2.4 113.80000000000001 2
      vertex 2.4 106.4 5.8
    endloop
  endfacet
  facet normal 0 0 1
    outer loop
      vertex 9.399999999999999 72 2
      vertex 29.868581687612213 72 2
      vertex 13.9 75.80192378864669 2
    endloop
  endfacet
  facet normal 0 0 1
    outer loop
      vertex 9.399999999999999 72 2
      vertex 9.801923788646684 76.9 2
      vertex 9.62836140246614 77.25194970290474 2
    endloop
  endfacet
  facet normal 0 0 1
    outer loop
      vertex 9.399999999999999 72 2
      vertex 10.278679656440357 76.27867965644036 2
      vertex 10.019939979126296 76.57371571297385 2
    endloop
  endfacet
  facet normal 0 0 1
    outer loop
      vertex 9.399999999999999 72 2
      vertex 10.019939979126296 76.57371571297385 2
      vertex 9.801923788646684 76.9 2
    endloop
  endfacet
  facet normal 0 0 1
    outer loop
      vertex 9.399999999999999 72 2
      vertex 10.573715712973838 76.0199399791263 2
      vertex 10.278679656440357 76.27867965644036 2
    endloop
  endfacet
  facet normal 0 0 1
    outer loop
      vertex 9.399999999999999 72 2
      vertex 11.251949702904732 75.62836140246614 2
      vertex 10.9 75.80192378864669 2
    endloop
  endfacet
  facet normal 0 0 1
    outer loop
      vertex 9.399999999999999 72 2
      vertex 11.623542864692439 75.50222252113281 2
      vertex 11.251949702904732 75.62836140246614 2
    endloop
  endfacet
  facet normal 0 0 1
    outer loop
      vertex 9.399999999999999 72 2
      vertex 10.9 75.80192378864669 2
      vertex 10.573715712973838 76.0199399791263 2
    endloop
  endfacet
  facet normal 0 0 1
    outer loop
      vertex 9.399999999999999 72 2
      vertex 12.008421423339845 75.42566541587857 2
      vertex 11.623542864692439 75.50222252113281 2
    endloop
  endfacet
  facet normal 0 0 1
    outer loop
      vertex 9.399999999999999 72 2
      vertex 12.4 75.4 2
      vertex 12.008421423339845 75.42566541587857 2
    endloop
  endfacet
  facet normal 0 0 1
    outer loop
      vertex 9.399999999999999 72 2
      vertex 12.791578576660156 75.42566541587857 2
      vertex 12.4 75.4 2
    endloop
  endfacet
  facet normal 0 0 1
    outer loop
      vertex 9.399999999999999 72 2
      vertex 13.176457135307562 75.50222252113281 2
      vertex 12.791578576660156 75.42566541587857 2
    endloop
  endfacet
  facet normal 0 0 1
    outer loop
      vertex 9.399999999999999 72 2
      vertex 13.54805029709527 75.62836140246614 2
      vertex 13.176457135307562 75.50222252113281 2
    endloop
  endfacet
  facet normal 0 0 1
    outer loop
      vertex 9.399999999999999 72 2
      vertex 13.9 75.80192378864669 2
      vertex 13.54805029709527 75.62836140246614 2
    endloop
  endfacet
  facet normal 0 0 1
    outer loop
      vertex 15.297777478867205 79.17645713530757 2
      vertex 29.868581687612213 72 2
      vertex 7.379898987322333 110.42010101267766 2
    endloop
  endfacet
  facet normal 1 0 0
    outer loop
      vertex 2.4 4 2
      vertex 2.4 106.4 5.8
      vertex 2.4 80.4 5.8
    endloop
  endfacet
  facet normal 0 0 1
    outer loop
      vertex 9.42566541587857 78.79157857666016 2
      vertex 9.502222521132795 79.17645713530757 2
      vertex 4 109.97512886940356 2
    endloop
  endfacet
  facet normal 0 0 1
    outer loop
      vertex 9.502222521132795 79.17645713530757 2
      vertex 9.62836140246614 79.54805029709527 2
      vertex 4 109.97512886940356 2
    endloop
  endfacet
  facet normal 0 0 1
    outer loop
      vertex 9.62836140246614 79.54805029709527 2
      vertex 9.801923788646684 79.9 2
      vertex 4 109.97512886940356 2
    endloop
  endfacet
  facet normal 0 0 1
    outer loop
      vertex 9.801923788646684 79.9 2
      vertex 10.019939979126296 80.22628428702616 2
      vertex 4 109.97512886940356 2
    endloop
  endfacet
  facet normal 0 0 1
    outer loop
      vertex 10.019939979126296 80.22628428702616 2
      vertex 10.278679656440357 80.52132034355965 2
      vertex 4.328486389377749 109.8131373089684 2
    endloop
  endfacet
  facet normal 0 0 1
    outer loop
      vertex 10.278679656440357 80.52132034355965 2
      vertex 10.573715712973838 80.7800600208737 2
      vertex 4.675306673712942 109.6954076863906 2
    endloop
  endfacet
  facet normal 0 0 1
    outer loop
      vertex 10.573715712973838 80.7800600208737 2
      vertex 10.9 80.99807621135332 2
      vertex 5.034526661783856 109.62395438815332 2
    endloop
  endfacet
  facet normal 0 0 1
    outer loop
      vertex 10.019939979126296 80.22628428702616 2
      vertex 4.328486389377749 109.8131373089684 2
      vertex 4 109.97512886940356 2
    endloop
  endfacet
  facet normal 0 0 1
    outer loop
      vertex 10.278679656440357 80.52132034355965 2
      vertex 4.675306673712942 109.6954076863906 2
      vertex 4.328486389377749 109.8131373089684 2
    endloop
  endfacet
  facet normal 0 0 1
    outer loop
      vertex 10.573715712973838 80.7800600208737 2
      vertex 5.034526661783856 109.62395438815332 2
      vertex 4.675306673712942 109.6954076863906 2
    endloop
  endfacet
  facet normal 0 0 1
    outer loop
      vertex 10.9 80.99807621135332 2
      vertex 5.4 109.6 2
      vertex 5.034526661783856 109.62395438815332 2
    endloop
  endfacet
  facet normal 0 0 1
    outer loop
      vertex 11.251949702904732 81.17163859753387 2
      vertex 5.765473338216145 109.62395438815332 2
      vertex 5.4 109.6 2
    endloop
  endfacet
  facet normal 0 0 1
    outer loop
      vertex 11.623542864692439 81.2977774788672 2
      vertex 6.124693326287058 109.6954076863906 2
      vertex 5.765473338216145 109.62395438815332 2
    endloop
  endfacet
  facet normal 0 0 1
    outer loop
      vertex 12.008421423339845 81.37433458412144 2
      vertex 6.471513610622251 109.8131373089684 2
      vertex 6.124693326287058 109.6954076863906 2
    endloop
  endfacet
  facet normal 0 0 1
    outer loop
      vertex 12.4 81.4 2
      vertex 6.800000000000001 109.97512886940356 2
      vertex 6.471513610622251 109.8131373089684 2
    endloop
  endfacet
  facet normal 0 0 1
    outer loop
      vertex 12.791578576660156 81.37433458412144 2
      vertex 7.104532001224419 110.17861064718453 2
      vertex 6.800000000000001 109.97512886940356 2
    endloop
  endfacet
  facet normal 0 0 1
    outer loop
      vertex 12.791578576660156 81.37433458412144 2
      vertex 7.379898987322333 110.42010101267766 2
      vertex 7.104532001224419 110.17861064718453 2
    endloop
  endfacet
  facet normal 0 0 1
    outer loop
      vertex 2.6239543881533316 112.03452666178384 2
      vertex 2.6000000000000005 112.39999999999999 2
      vertex 2.4 113.80000000000001 2
    endloop
  endfacet
  facet normal 0 0 1
    outer loop
      vertex 2.6000000000000005 112.39999999999999 2
      vertex 2.6239543881533316 112.76547333821614 2
      vertex 2.4 113.80000000000001 2
    endloop
  endfacet
  facet normal 0 0 1
    outer loop
      vertex 2.4 113.80000000000001 2
      vertex 2.521792747981941 114.41229349178415 2
      vertex 2.4136882218019036 114.0088419075521 2
    endloop
  endfacet
  facet normal 0 0 1
    outer loop
      vertex 2.6239543881533316 112.76547333821614 2
      vertex 2.695407686390609 113.12469332628704 2
      vertex 2.4 113.80000000000001 2
    endloop
  endfacet
  facet normal 0 0 1
    outer loop
      vertex 2.695407686390609 113.12469332628704 2
      vertex 2.8131373089683978 113.47151361062224 2
      vertex 2.4 113.80000000000001 2
    endloop
  endfacet
  facet normal 0 0 1
    outer loop
      vertex 2.4 113.80000000000001 2
      vertex 2.8131373089683978 113.47151361062224 2
      vertex 2.9751288694035725 113.8 2
    endloop
  endfacet
  facet normal 0 0 1
    outer loop
      vertex 2.4 113.80000000000001 2
      vertex 2.9751288694035725 113.8 2
      vertex 3.178610647184542 114.10453200122441 2
    endloop
  endfacet
  facet normal 0 0 1
    outer loop
      vertex 2.4 113.80000000000001 2
      vertex 3.178610647184542 114.10453200122441 2
      vertex 3.420101012677667 114.37989898732232 2
    endloop
  endfacet
  facet normal 0 0 1
    outer loop
      vertex 2.4136882218019036 114.0088419075521 2
      vertex 2.521792747981941 114.41229349178415 2
      vertex 2.4545186779374903 114.21411047216404 2
    endloop
  endfacet
  facet normal 0 0 1
    outer loop
      vertex 2.4 113.80000000000001 2
      vertex 2.8686291501015235 114.93137084989849 2
      vertex 2.521792747981941 114.41229349178415 2
    endloop
  endfacet
  facet normal 0 0 1
    outer loop
      vertex 2.521792747981941 114.41229349178415 2
      vertex 2.8686291501015235 114.93137084989849 2
      vertex 2.614359353944898 114.60000000000001 2
    endloop
  endfacet
  facet normal 0 0 1
    outer loop
      vertex 2.614359353944898 114.60000000000001 2
      vertex 2.8686291501015235 114.93137084989849 2
      vertex 2.7306346555340237 114.77401828641396 2
    endloop
  endfacet
  facet normal 0 0 1
    outer loop
      vertex 2.4 113.80000000000001 2
      vertex 4 115.4 2
      vertex 2.8686291501015235 114.93137084989849 2
    endloop
  endfacet
  facet normal 0 0 1
    outer loop
      vertex 2.4 113.80000000000001 2
      vertex 3.420101012677667 114.37989898732232 2
      vertex 4 115.4 2
    endloop
  endfacet
  facet normal 0 0 1
    outer loop
      vertex 2.8686291501015235 114.93137084989849 2
      vertex 3.2 115.18564064605512 2
      vertex 3.025981713586047 115.069365344466 2
    endloop
  endfacet
  facet normal 0 0 1
    outer loop
      vertex 2.8686291501015235 114.93137084989849 2
      vertex 4 115.4 2
      vertex 3.2 115.18564064605512 2
    endloop
  endfacet
  facet normal 0 0 1
    outer loop
      vertex 3.2 115.18564064605512 2
      vertex 3.585889527835967 115.34548132206253 2
      vertex 3.387706508215856 115.27820725201806 2
    endloop
  endfacet
  facet normal 0 0 1
    outer loop
      vertex 3.420101012677667 114.37989898732232 2
      vertex 3.6954679987755825 114.62138935281546 2
      vertex 4 115.4 2
    endloop
  endfacet
  facet normal 0 0 1
    outer loop
      vertex 3.6954679987755825 114.62138935281546 2
      vertex 4 114.82487113059642 2
      vertex 4 115.4 2
    endloop
  endfacet
  facet normal 0 0 1
    outer loop
      vertex 3.2 115.18564064605512 2
      vertex 4 115.4 2
      vertex 3.585889527835967 115.34548132206253 2
    endloop
  endfacet
  facet normal 0 0 1
    outer loop
      vertex 3.585889527835967 115.34548132206253 2
      vertex 4 115.4 2
      vertex 3.7911580924479176 115.3863117781981 2
    endloop
  endfacet
  facet normal 0 0 1
    outer loop
      vertex 4 114.82487113059642 2
      vertex 4.328486389377749 114.98686269103159 2
      vertex 4 115.4 2
    endloop
  endfacet
  facet normal 0 0 1
    outer loop
      vertex 4.328486389377749 114.98686269103159 2
      vertex 4.675306673712942 115.10459231360939 2
      vertex 4 115.4 2
    endloop
  endfacet
  facet normal 0 0 1
    outer loop
      vertex 8.104592313609391 111.67530667371294 2
      vertex 9.62836140246614 109.25194970290474 2
      vertex 9.502222521132795 109.62354286469244 2
    endloop
  endfacet
  facet normal 0 0 1
    outer loop
      vertex 8.104592313609391 111.67530667371294 2
      vertex 9.502222521132795 109.62354286469244 2
      vertex 9.42566541587857 110.00842142333985 2
    endloop
  endfacet
  facet normal 0 0 1
    outer loop
      vertex 4 115.4 2
      vertex 4.675306673712942 115.10459231360939 2
      vertex 5.034526661783856 115.17604561184666 2
    endloop
  endfacet
  facet normal 0 0 1
    outer loop
      vertex 4 115.4 2
      vertex 5.034526661783856 115.17604561184666 2
      vertex 5.4 115.19999999999999 2
    endloop
  endfacet
  facet normal 0 0 1
    outer loop
      vertex 8.104592313609391 111.67530667371294 2
      vertex 9.42566541587857 110.00842142333985 2
      vertex 9.4 110.4 2
    endloop
  endfacet
  facet normal 0 0 1
    outer loop
      vertex 8.104592313609391 111.67530667371294 2
      vertex 9.4 110.4 2
      vertex 9.42566541587857 110.79157857666016 2
    endloop
  endfacet
  facet normal 0 0 1
    outer loop
      vertex 8.104592313609391 111.67530667371294 2
      vertex 9.42566541587857 110.79157857666016 2
      vertex 9.502222521132795 111.17645713530757 2
    endloop
  endfacet
  facet normal 0 0 1
    outer loop
      vertex 8.104592313609391 111.67530667371294 2
      vertex 9.62836140246614 111.54805029709527 2
      vertex 8.17604561184667 112.03452666178384 2
    endloop
  endfacet
  facet normal 0 0 1
    outer loop
      vertex 8.17604561184667 112.03452666178384 2
      vertex 9.801923788646684 111.9 2
      vertex 8.2 112.39999999999999 2
    endloop
  endfacet
  facet normal 0 0 1
    outer loop
      vertex 8.104592313609391 111.67530667371294 2
      vertex 9.502222521132795 111.17645713530757 2
      vertex 9.62836140246614 111.54805029709527 2
    endloop
  endfacet
  facet normal 0 0 1
    outer loop
      vertex 8.2 112.39999999999999 2
      vertex 10.019939979126296 112.22628428702616 2
      vertex 8.17604561184667 112.76547333821614 2
    endloop
  endfacet
  facet normal 0 0 1
    outer loop
      vertex 8.104592313609391 113.12469332628704 2
      vertex 8.17604561184667 112.76547333821614 2
      vertex 10.278679656440357 112.52132034355965 2
    endloop
  endfacet
  facet normal 0 0 1
    outer loop
      vertex 8.104592313609391 113.12469332628704 2
      vertex 10.573715712973838 112.7800600208737 2
      vertex 7.986862691031603 113.47151361062224 2
    endloop
  endfacet
  facet normal 0 0 1
    outer loop
      vertex 10.9 80.99807621135332 2
      vertex 11.251949702904732 81.17163859753387 2
      vertex 5.4 109.6 2
    endloop
  endfacet
  facet normal 0 0 1
    outer loop
      vertex 11.251949702904732 81.17163859753387 2
      vertex 11.623542864692439 81.2977774788672 2
      vertex 5.765473338216145 109.62395438815332 2
    endloop
  endfacet
  facet normal 0 0 1
    outer loop
      vertex 11.623542864692439 81.2977774788672 2
      vertex 12.008421423339845 81.37433458412144 2
      vertex 6.124693326287058 109.6954076863906 2
    endloop
  endfacet
  facet normal 0 0 1
    outer loop
      vertex 12.008421423339845 81.37433458412144 2
      vertex 12.4 81.4 2
      vertex 6.471513610622251 109.8131373089684 2
    endloop
  endfacet
  facet normal 0 0 1
    outer loop
      vertex 12.4 81.4 2
      vertex 12.791578576660156 81.37433458412144 2
      vertex 6.800000000000001 109.97512886940356 2
    endloop
  endfacet
  facet normal 0 0 1
    outer loop
      vertex 12.791578576660156 81.37433458412144 2
      vertex 13.176457135307562 81.2977774788672 2
      vertex 7.379898987322333 110.42010101267766 2
    endloop
  endfacet
  facet normal 0 0 1
    outer loop
      vertex 13.176457135307562 81.2977774788672 2
      vertex 13.54805029709527 81.17163859753387 2
      vertex 7.379898987322333 110.42010101267766 2
    endloop
  endfacet
  facet normal 0 0 1
    outer loop
      vertex 14.780060020873705 80.22628428702616 2
      vertex 14.998076211353316 79.9 2
      vertex 7.379898987322333 110.42010101267766 2
    endloop
  endfacet
  facet normal 0 0 1
    outer loop
      vertex 13.54805029709527 81.17163859753387 2
      vertex 13.9 80.99807621135332 2
      vertex 7.379898987322333 110.42010101267766 2
    endloop
  endfacet
  facet normal 0 0 1
    outer loop
      vertex 14.226284287026163 80.7800600208737 2
      vertex 7.379898987322333 110.42010101267766 2
      vertex 13.9 80.99807621135332 2
    endloop
  endfacet
  facet normal 0 0 1
    outer loop
      vertex 14.226284287026163 80.7800600208737 2
      vertex 14.521320343559644 80.52132034355965 2
      vertex 7.379898987322333 110.42010101267766 2
    endloop
  endfacet
  facet normal 0 0 1
    outer loop
      vertex 14.521320343559644 80.52132034355965 2
      vertex 14.780060020873705 80.22628428702616 2
      vertex 7.379898987322333 110.42010101267766 2
    endloop
  endfacet
  facet normal 0 0 1
    outer loop
      vertex 15.17163859753386 79.54805029709527 2
      vertex 15.297777478867205 79.17645713530757 2
      vertex 7.379898987322333 110.42010101267766 2
    endloop
  endfacet
  facet normal 0 0 1
    outer loop
      vertex 14.998076211353316 79.9 2
      vertex 15.17163859753386 79.54805029709527 2
      vertex 7.379898987322333 110.42010101267766 2
    endloop
  endfacet
  facet normal 0 0 1
    outer loop
      vertex 7.379898987322333 110.42010101267766 2
      vertex 29.868581687612213 72 2
      vertex 7.621389352815459 110.69546799877557 2
    endloop
  endfacet
  facet normal 0 0 1
    outer loop
      vertex 7.621389352815459 110.69546799877557 2
      vertex 29.868581687612213 72 2
      vertex 7.824871130596428 110.99999999999999 2
    endloop
  endfacet
  facet normal 0 0 1
    outer loop
      vertex 7.824871130596428 110.99999999999999 2
      vertex 29.868581687612213 72 2
      vertex 7.986862691031603 111.32848638937774 2
    endloop
  endfacet
  facet normal 0 0 1
    outer loop
      vertex 7.986862691031603 111.32848638937774 2
      vertex 29.868581687612213 72 2
      vertex 8.104592313609391 111.67530667371294 2
    endloop
  endfacet
  facet normal 0 0 1
    outer loop
      vertex 8.104592313609391 111.67530667371294 2
      vertex 29.868581687612213 72 2
      vertex 9.801923788646684 108.9 2
    endloop
  endfacet
  facet normal 0 0 1
    outer loop
      vertex 10.019939979126296 108.57371571297385 2
      vertex 9.801923788646684 108.9 2
      vertex 29.868581687612213 72 2
    endloop
  endfacet
  facet normal 0 0 1
    outer loop
      vertex 10.019939979126296 108.57371571297385 2
      vertex 29.868581687612213 72 2
      vertex 10.278679656440357 108.27867965644036 2
    endloop
  endfacet
  facet normal 0 0 1
    outer loop
      vertex 10.278679656440357 108.27867965644036 2
      vertex 29.868581687612213 72 2
      vertex 10.573715712973838 108.0199399791263 2
    endloop
  endfacet
  facet normal 0 0 1
    outer loop
      vertex 10.573715712973838 108.0199399791263 2
      vertex 29.868581687612213 72 2
      vertex 10.9 107.80192378864669 2
    endloop
  endfacet
  facet normal 0 0 1
    outer loop
      vertex 8.104592313609391 111.67530667371294 2
      vertex 9.801923788646684 108.9 2
      vertex 9.62836140246614 109.25194970290474 2
    endloop
  endfacet
  facet normal 0 0 1
    outer loop
      vertex 8.17604561184667 112.03452666178384 2
      vertex 9.62836140246614 111.54805029709527 2
      vertex 9.801923788646684 111.9 2
    endloop
  endfacet
  facet normal 0 0 1
    outer loop
      vertex 8.2 112.39999999999999 2
      vertex 9.801923788646684 111.9 2
      vertex 10.019939979126296 112.22628428702616 2
    endloop
  endfacet
  facet normal 0 0 1
    outer loop
      vertex 8.17604561184667 112.76547333821614 2
      vertex 10.019939979126296 112.22628428702616 2
      vertex 10.278679656440357 112.52132034355965 2
    endloop
  endfacet
  facet normal 0 0 1
    outer loop
      vertex 8.104592313609391 113.12469332628704 2
      vertex 10.278679656440357 112.52132034355965 2
      vertex 10.573715712973838 112.7800600208737 2
    endloop
  endfacet
  facet normal 0 0 1
    outer loop
      vertex 7.986862691031603 113.47151361062224 2
      vertex 10.573715712973838 112.7800600208737 2
      vertex 10.9 112.99807621135332 2
    endloop
  endfacet
  facet normal 0 0 1
    outer loop
      vertex 7.986862691031603 113.47151361062224 2
      vertex 10.9 112.99807621135332 2
      vertex 11.251949702904732 113.17163859753387 2
    endloop
  endfacet
  facet normal 0 0 1
    outer loop
      vertex 7.986862691031603 113.47151361062224 2
      vertex 11.251949702904732 113.17163859753387 2
      vertex 11.623542864692439 113.2977774788672 2
    endloop
  endfacet
  facet normal 0 0 1
    outer loop
      vertex 7.986862691031603 113.47151361062224 2
      vertex 11.623542864692439 113.2977774788672 2
      vertex 12.008421423339845 113.37433458412144 2
    endloop
  endfacet
  facet normal 0 0 1
    outer loop
      vertex 7.986862691031603 113.47151361062224 2
      vertex 12.008421423339845 113.37433458412144 2
      vertex 12.4 113.4 2
    endloop
  endfacet
  facet normal 0.9978589232386036 -0.06540312923014391 -3.986256805635329e-20
    outer loop
      vertex 2.4 113.80000000000001 2
      vertex 2.4136882218019036 114.0088419075521 2
      vertex 2.4136882218019036 114.0088419075521 17
    endloop
  endfacet
  facet normal 0.9807852804032293 -0.19509032201613385 9.434371977359249e-20
    outer loop
      vertex 2.4136882218019036 114.0088419075521 2
      vertex 2.4545186779374903 114.21411047216404 2
      vertex 2.4545186779374903 114.21411047216404 17
    endloop
  endfacet
  facet normal 0.946930129495109 -0.3214394653031519 2.3429493445566303e-19
    outer loop
      vertex 2.4545186779374903 114.21411047216404 2
      vertex 2.521792747981941 114.41229349178415 2
      vertex 2.521792747981941 114.41229349178415 17
    endloop
  endfacet
  facet normal 0.8968727415326851 -0.44228869021900735 2.5620108996256274e-19
    outer loop
      vertex 2.521792747981941 114.41229349178415 2
      vertex 2.614359353944898 114.60000000000001 2
      vertex 2.614359353944898 114.60000000000001 17
    endloop
  endfacet
  facet normal 0.8314696123025468 -0.5555702330195998 -1.6175121199412877e-19
    outer loop
      vertex 2.614359353944898 114.60000000000001 2
      vertex 2.7306346555340237 114.77401828641396 2
      vertex 2.7306346555340237 114.77401828641396 17
    endloop
  endfacet
  facet normal 0.7518398074789774 -0.6593458151000688 -5.16382845924484e-20
    outer loop
      vertex 2.7306346555340237 114.77401828641396 2
      vertex 2.8686291501015235 114.93137084989849 2
      vertex 2.8686291501015235 114.93137084989849 17
    endloop
  endfacet
  facet normal 0.6593458151000883 -0.7518398074789603 -1.9873694908102982e-19
    outer loop
      vertex 2.8686291501015235 114.93137084989849 2
      vertex 3.025981713586047 115.069365344466 2
      vertex 3.025981713586047 115.069365344466 17
    endloop
  endfacet
  facet normal 0.5555702330196062 -0.8314696123025426 -9.926085935873875e-20
    outer loop
      vertex 3.025981713586047 115.069365344466 2
      vertex 3.2 115.18564064605512 2
      vertex 3.2 115.18564064605512 17
    endloop
  endfacet
  facet normal 0.4422886902189503 -0.8968727415327135 -3.8124478752512334e-19
    outer loop
      vertex 3.2 115.18564064605512 2
      vertex 3.387706508215856 115.27820725201806 2
      vertex 3.387706508215856 115.27820725201806 17
    endloop
  endfacet
  facet normal 0.321439465303211 -0.9469301294950888 1.0927484465359815e-19
    outer loop
      vertex 3.387706508215856 115.27820725201806 2
      vertex 3.585889527835967 115.34548132206253 2
      vertex 3.585889527835967 115.34548132206253 17
    endloop
  endfacet
  facet normal 0.19509032201609677 -0.9807852804032366 -4.016332341112874e-21
    outer loop
      vertex 3.585889527835967 115.34548132206253 2
      vertex 3.7911580924479176 115.3863117781981 2
      vertex 3.7911580924479176 115.3863117781981 17
    endloop
  endfacet
  facet normal 0.06540312923012558 -0.9978589232386047 -8.18841887093755e-21
    outer loop
      vertex 3.7911580924479176 115.3863117781981 2
      vertex 4 115.4 2
      vertex 4 115.4 17
    endloop
  endfacet
  facet normal 1 0 0
    outer loop
      vertex 2.4 113.80000000000001 2
      vertex 2.4 113.80000000000001 17
      vertex 2.4 106.4 5.8
    endloop
  endfacet
  facet normal 0 0 1
    outer loop
      vertex 13.9 75.80192378864669 2
      vertex 29.868581687612213 72 2
      vertex 14.226284287026163 76.0199399791263 2
    endloop
  endfacet
  facet normal 0 0 1
    outer loop
      vertex 14.226284287026163 76.0199399791263 2
      vertex 29.868581687612213 72 2
      vertex 14.521320343559644 76.27867965644036 2
    endloop
  endfacet
  facet normal 0 0 1
    outer loop
      vertex 14.521320343559644 76.27867965644036 2
      vertex 29.868581687612213 72 2
      vertex 14.780060020873705 76.57371571297385 2
    endloop
  endfacet
  facet normal 0 0 1
    outer loop
      vertex 14.780060020873705 76.57371571297385 2
      vertex 29.868581687612213 72 2
      vertex 14.998076211353316 76.9 2
    endloop
  endfacet
  facet normal 0 0 1
    outer loop
      vertex 14.998076211353316 76.9 2
      vertex 29.868581687612213 72 2
      vertex 15.17163859753386 77.25194970290474 2
    endloop
  endfacet
  facet normal 0 0 1
    outer loop
      vertex 15.17163859753386 77.25194970290474 2
      vertex 29.868581687612213 72 2
      vertex 15.297777478867205 77.62354286469244 2
    endloop
  endfacet
  facet normal 0 0 1
    outer loop
      vertex 15.297777478867205 77.62354286469244 2
      vertex 29.868581687612213 72 2
      vertex 15.374334584121431 78.00842142333985 2
    endloop
  endfacet
  facet normal 0 0 1
    outer loop
      vertex 15.374334584121431 78.00842142333985 2
      vertex 29.868581687612213 72 2
      vertex 15.4 78.4 2
    endloop
  endfacet
  facet normal 0 0 1
    outer loop
      vertex 15.374334584121431 78.79157857666016 2
      vertex 29.868581687612213 72 2
      vertex 15.297777478867205 79.17645713530757 2
    endloop
  endfacet
  facet normal 0 0 1
    outer loop
      vertex 15.4 78.4 2
      vertex 29.868581687612213 72 2
      vertex 15.374334584121431 78.79157857666016 2
    endloop
  endfacet
  facet normal 0 0 1
    outer loop
      vertex 10.9 107.80192378864669 2
      vertex 29.868581687612213 72 2
      vertex 58.57371571297384 76.0199399791263 2
    endloop
  endfacet
  facet normal 0 0 1
    outer loop
      vertex 11.251949702904732 107.62836140246614 2
      vertex 10.9 107.80192378864669 2
      vertex 58.57371571297384 76.0199399791263 2
    endloop
  endfacet
  facet normal 0 0 1
    outer loop
      vertex 11.251949702904732 107.62836140246614 2
      vertex 58.27867965644036 76.27867965644036 2
      vertex 11.623542864692439 107.50222252113281 2
    endloop
  endfacet
  facet normal 0 0 1
    outer loop
      vertex 11.623542864692439 107.50222252113281 2
      vertex 58.0199399791263 76.57371571297385 2
      vertex 12.008421423339845 107.42566541587857 2
    endloop
  endfacet
  facet normal 0 0 1
    outer loop
      vertex 4 115.4 2
      vertex 5.4 115.19999999999999 2
      vertex 64.8131373089684 113.47151361062224 2
    endloop
  endfacet
  facet normal 0 0 1
    outer loop
      vertex 7.621389352815459 114.10453200122441 2
      vertex 64.8131373089684 113.47151361062224 2
      vertex 7.379898987322333 114.37989898732232 2
    endloop
  endfacet
  facet normal 0 0 1
    outer loop
      vertex 7.986862691031603 113.47151361062224 2
      vertex 12.4 113.4 2
      vertex 60.008421423339854 113.37433458412144 2
    endloop
  endfacet
  facet normal 0 0 1
    outer loop
      vertex 7.824871130596428 113.8 2
      vertex 7.986862691031603 113.47151361062224 2
      vertex 64.8131373089684 113.47151361062224 2
    endloop
  endfacet
  facet normal 0 0 1
    outer loop
      vertex 7.621389352815459 114.10453200122441 2
      vertex 7.824871130596428 113.8 2
      vertex 64.8131373089684 113.47151361062224 2
    endloop
  endfacet
  facet normal 0 0 1
    outer loop
      vertex 5.4 115.19999999999999 2
      vertex 5.765473338216145 115.17604561184666 2
      vertex 64.8131373089684 113.47151361062224 2
    endloop
  endfacet
  facet normal 0 0 1
    outer loop
      vertex 5.765473338216145 115.17604561184666 2
      vertex 6.124693326287058 115.10459231360939 2
      vertex 64.8131373089684 113.47151361062224 2
    endloop
  endfacet
  facet normal 0 0 1
    outer loop
      vertex 6.124693326287058 115.10459231360939 2
      vertex 6.471513610622251 114.98686269103159 2
      vertex 64.8131373089684 113.47151361062224 2
    endloop
  endfacet
  facet normal 0 0 1
    outer loop
      vertex 6.471513610622251 114.98686269103159 2
      vertex 6.800000000000001 114.82487113059642 2
      vertex 64.8131373089684 113.47151361062224 2
    endloop
  endfacet
  facet normal 0 0 1
    outer loop
      vertex 6.800000000000001 114.82487113059642 2
      vertex 7.104532001224419 114.62138935281546 2
      vertex 64.8131373089684 113.47151361062224 2
    endloop
  endfacet
  facet normal 0 0 1
    outer loop
      vertex 7.104532001224419 114.62138935281546 2
      vertex 7.379898987322333 114.37989898732232 2
      vertex 64.8131373089684 113.47151361062224 2
    endloop
  endfacet
  facet normal 0 0 1
    outer loop
      vertex 12.008421423339845 107.42566541587857 2
      vertex 57.80192378864669 76.9 2
      vertex 12.4 107.4 2
    endloop
  endfacet
  facet normal 0 0 1
    outer loop
      vertex 12.4 107.4 2
      vertex 57.62836140246615 77.25194970290474 2
      vertex 12.791578576660156 107.42566541587857 2
    endloop
  endfacet
  facet normal 0 0 1
    outer loop
      vertex 12.791578576660156 107.42566541587857 2
      vertex 57.5022225211328 77.62354286469244 2
      vertex 13.176457135307562 107.50222252113281 2
    endloop
  endfacet
  facet normal 0 0 1
    outer loop
      vertex 13.176457135307562 107.50222252113281 2
      vertex 57.425665415878576 78.00842142333985 2
      vertex 13.54805029709527 107.62836140246614 2
    endloop
  endfacet
  facet normal 0 0 1
    outer loop
      vertex 13.54805029709527 107.62836140246614 2
      vertex 57.400000000000006 78.4 2
      vertex 13.9 107.80192378864669 2
    endloop
  endfacet
  facet normal 0 0 1
    outer loop
      vertex 13.9 107.80192378864669 2
      vertex 57.425665415878576 78.79157857666016 2
      vertex 14.226284287026163 108.0199399791263 2
    endloop
  endfacet
  facet normal 0 0 1
    outer loop
      vertex 14.226284287026163 108.0199399791263 2
      vertex 57.5022225211328 79.17645713530757 2
      vertex 14.521320343559644 108.27867965644036 2
    endloop
  endfacet
  facet normal 0 0 1
    outer loop
      vertex 14.521320343559644 108.27867965644036 2
      vertex 57.80192378864669 79.9 2
      vertex 14.780060020873705 108.57371571297385 2
    endloop
  endfacet
  facet normal 0 0 1
    outer loop
      vertex 14.780060020873705 108.57371571297385 2
      vertex 58.0199399791263 108.57371571297385 2
      vertex 14.998076211353316 108.9 2
    endloop
  endfacet
  facet normal 0 0 1
    outer loop
      vertex 14.998076211353316 108.9 2
      vertex 57.80192378864669 108.9 2
      vertex 15.17163859753386 109.25194970290474 2
    endloop
  endfacet
  facet normal 0 0 1
    outer loop
      vertex 15.17163859753386 109.25194970290474 2
      vertex 57.5022225211328 109.62354286469244 2
      vertex 15.297777478867205 109.62354286469244 2
    endloop
  endfacet
  facet normal 0 0 1
    outer loop
      vertex 15.297777478867205 109.62354286469244 2
      vertex 57.5022225211328 109.62354286469244 2
      vertex 15.374334584121431 110.00842142333985 2
    endloop
  endfacet
  facet normal 0 0 1
    outer loop
      vertex 15.374334584121431 110.00842142333985 2
      vertex 57.400000000000006 110.4 2
      vertex 15.4 110.4 2
    endloop
  endfacet
  facet normal 0 0 1
    outer loop
      vertex 12.4 113.4 2
      vertex 12.791578576660156 113.37433458412144 2
      vertex 60.008421423339854 113.37433458412144 2
    endloop
  endfacet
  facet normal 0 0 1
    outer loop
      vertex 15.4 110.4 2
      vertex 57.400000000000006 110.4 2
      vertex 15.374334584121431 110.79157857666016 2
    endloop
  endfacet
  facet normal 0 0 1
    outer loop
      vertex 15.297777478867205 111.17645713530757 2
      vertex 15.374334584121431 110.79157857666016 2
      vertex 57.5022225211328 111.17645713530757 2
    endloop
  endfacet
  facet normal 0 0 1
    outer loop
      vertex 15.297777478867205 111.17645713530757 2
      vertex 57.5022225211328 111.17645713530757 2
      vertex 15.17163859753386 111.54805029709527 2
    endloop
  endfacet
  facet normal 0 0 1
    outer loop
      vertex 14.780060020873705 112.22628428702616 2
      vertex 14.998076211353316 111.9 2
      vertex 58.0199399791263 112.22628428702616 2
    endloop
  endfacet
  facet normal 0 0 1
    outer loop
      vertex 14.998076211353316 111.9 2
      vertex 15.17163859753386 111.54805029709527 2
      vertex 57.80192378864669 111.9 2
    endloop
  endfacet
  facet normal 0 0 1
    outer loop
      vertex 13.54805029709527 113.17163859753387 2
      vertex 13.9 112.99807621135332 2
      vertex 58.900000000000006 112.99807621135332 2
    endloop
  endfacet
  facet normal 0 0 1
    outer loop
      vertex 13.9 112.99807621135332 2
      vertex 14.226284287026163 112.7800600208737 2
      vertex 58.57371571297384 112.7800600208737 2
    endloop
  endfacet
  facet normal 0 0 1
    outer loop
      vertex 12.791578576660156 113.37433458412144 2
      vertex 13.176457135307562 113.2977774788672 2
      vertex 59.623542864692446 113.2977774788672 2
    endloop
  endfacet
  facet normal 0 0 1
    outer loop
      vertex 13.54805029709527 113.17163859753387 2
      vertex 59.25194970290474 113.17163859753387 2
      vertex 13.176457135307562 113.2977774788672 2
    endloop
  endfacet
  facet normal 0 0 1
    outer loop
      vertex 14.780060020873705 112.22628428702616 2
      vertex 58.0199399791263 112.22628428702616 2
      vertex 14.521320343559644 112.52132034355965 2
    endloop
  endfacet
  facet normal 0 0 1
    outer loop
      vertex 14.226284287026163 112.7800600208737 2
      vertex 14.521320343559644 112.52132034355965 2
      vertex 58.27867965644036 112.52132034355965 2
    endloop
  endfacet
  facet normal 0 -1 0
    outer loop
      vertex 4 115.4 2
      vertex 45.4 115.4 6
      vertex 29.4 115.4 6
    endloop
  endfacet
  facet normal 0 -1 0
    outer loop
      vertex 4 115.4 2
      vertex 29.4 115.4 6
      vertex 29.4 115.4 14.100000000000001
    endloop
  endfacet
  facet normal 1 0 0
    outer loop
      vertex 2.4 4 17
      vertex 2.4 80.4 13
      vertex 2.4 106.4 13
    endloop
  endfacet
  facet normal 1 0 0
    outer loop
      vertex 2.4 4 17
      vertex 2.4 106.4 13
      vertex 2.4 113.80000000000001 17
    endloop
  endfacet
  facet normal 1 0 0
    outer loop
      vertex 2.4 113.80000000000001 17
      vertex 2.4 106.4 13
      vertex 2.4 106.4 5.8
    endloop
  endfacet
  facet normal 0.9978589232386036 -0.06540312923014391 0
    outer loop
      vertex 2.4 113.80000000000001 2
      vertex 2.4136882218019036 114.0088419075521 17
      vertex 2.4 113.80000000000001 17
    endloop
  endfacet
  facet normal 0.9807852804032293 -0.19509032201613385 0
    outer loop
      vertex 2.4136882218019036 114.0088419075521 2
      vertex 2.4545186779374903 114.21411047216404 17
      vertex 2.4136882218019036 114.0088419075521 17
    endloop
  endfacet
  facet normal 0.946930129495109 -0.3214394653031519 0
    outer loop
      vertex 2.4545186779374903 114.21411047216404 2
      vertex 2.521792747981941 114.41229349178415 17
      vertex 2.4545186779374903 114.21411047216404 17
    endloop
  endfacet
  facet normal 0.8968727415326851 -0.44228869021900735 0
    outer loop
      vertex 2.521792747981941 114.41229349178415 2
      vertex 2.614359353944898 114.60000000000001 17
      vertex 2.521792747981941 114.41229349178415 17
    endloop
  endfacet
  facet normal 0.8314696123025468 -0.5555702330195998 0
    outer loop
      vertex 2.614359353944898 114.60000000000001 2
      vertex 2.7306346555340237 114.77401828641396 17
      vertex 2.614359353944898 114.60000000000001 17
    endloop
  endfacet
  facet normal 0.7518398074789774 -0.6593458151000688 0
    outer loop
      vertex 2.7306346555340237 114.77401828641396 2
      vertex 2.8686291501015235 114.93137084989849 17
      vertex 2.7306346555340237 114.77401828641396 17
    endloop
  endfacet
  facet normal 0.6593458151000883 -0.7518398074789603 0
    outer loop
      vertex 2.8686291501015235 114.93137084989849 2
      vertex 3.025981713586047 115.069365344466 17
      vertex 2.8686291501015235 114.93137084989849 17
    endloop
  endfacet
  facet normal 0.5555702330196062 -0.8314696123025426 0
    outer loop
      vertex 3.025981713586047 115.069365344466 2
      vertex 3.2 115.18564064605512 17
      vertex 3.025981713586047 115.069365344466 17
    endloop
  endfacet
  facet normal 0.4422886902189503 -0.8968727415327135 0
    outer loop
      vertex 3.2 115.18564064605512 2
      vertex 3.387706508215856 115.27820725201806 17
      vertex 3.2 115.18564064605512 17
    endloop
  endfacet
  facet normal 0.321439465303211 -0.9469301294950888 0
    outer loop
      vertex 3.387706508215856 115.27820725201806 2
      vertex 3.585889527835967 115.34548132206253 17
      vertex 3.387706508215856 115.27820725201806 17
    endloop
  endfacet
  facet normal 0.19509032201609677 -0.9807852804032366 0
    outer loop
      vertex 3.585889527835967 115.34548132206253 2
      vertex 3.7911580924479176 115.3863117781981 17
      vertex 3.585889527835967 115.34548132206253 17
    endloop
  endfacet
  facet normal 0.06540312923012558 -0.9978589232386047 0
    outer loop
      vertex 3.7911580924479176 115.3863117781981 2
      vertex 4 115.4 17
      vertex 3.7911580924479176 115.3863117781981 17
    endloop
  endfacet
  facet normal 0 -1 0
    outer loop
      vertex 4 115.4 2
      vertex 29.4 115.4 14.100000000000001
      vertex 4 115.4 17
    endloop
  endfacet
  facet normal 0 -1 0
    outer loop
      vertex 4 115.4 17
      vertex 29.4 115.4 14.100000000000001
      vertex 45.4 115.4 14.100000000000001
    endloop
  endfacet
  facet normal 0 0 1
    outer loop
      vertex 7.104532001224419 3.178610647184542 2
      vertex 62.4 3.4 2
      vertex 59.4 3.4 2
    endloop
  endfacet
  facet normal 0 0 1
    outer loop
      vertex 7.104532001224419 3.178610647184542 2
      vertex 64 3.4 2
      vertex 62.4 3.4 2
    endloop
  endfacet
  facet normal 0 0 1
    outer loop
      vertex 13.399999999999999 3.4 2
      vertex 59.4 3.4 2
      vertex 52.63770197486536 33.8 2
    endloop
  endfacet
  facet normal 0 0 1
    outer loop
      vertex 7.104532001224419 3.178610647184542 2
      vertex 65.99999999999999 2.9751288694035725 2
      vertex 64 3.4 2
    endloop
  endfacet
  facet normal 0 0 1
    outer loop
      vertex 7.104532001224419 3.178610647184542 2
      vertex 66.32848638937774 2.8131373089683978 2
      vertex 65.99999999999999 2.9751288694035725 2
    endloop
  endfacet
  facet normal 0 0 1
    outer loop
      vertex 7.104532001224419 3.178610647184542 2
      vertex 66.67530667371294 2.695407686390609 2
      vertex 66.32848638937774 2.8131373089683978 2
    endloop
  endfacet
  facet normal 0 0 1
    outer loop
      vertex 7.104532001224419 3.178610647184542 2
      vertex 67.03452666178384 2.6239543881533316 2
      vertex 66.67530667371294 2.695407686390609 2
    endloop
  endfacet
  facet normal 0 0 1
    outer loop
      vertex 7.104532001224419 3.178610647184542 2
      vertex 67.39999999999999 2.6000000000000005 2
      vertex 67.03452666178384 2.6239543881533316 2
    endloop
  endfacet
  facet normal 0 0 1
    outer loop
      vertex 7.104532001224419 3.178610647184542 2
      vertex 68.80000000000001 2.4 2
      vertex 67.39999999999999 2.6000000000000005 2
    endloop
  endfacet
  facet normal 0 1 0
    outer loop
      vertex 68.80000000000001 2.4 2
      vertex 29.9 2.4 4.2
      vertex 42.9 2.4 4.2
    endloop
  endfacet
  facet normal 0 1 0
    outer loop
      vertex 68.80000000000001 2.4 2
      vertex 42.9 2.4 4.2
      vertex 42.9 2.4 10.4
    endloop
  endfacet
  facet normal 0 0 1
    outer loop
      vertex 9.399999999999999 35.4 2
      vertex 63.4 35.4 2
      vertex 63.4 70.4 2
    endloop
  endfacet
  facet normal 0 0 1
    outer loop
      vertex 52.63770197486536 33.8 2
      vertex 59.4 3.4 2
      vertex 59.4 31.4 2
    endloop
  endfacet
  facet normal 0 0 1
    outer loop
      vertex 64 3.4 2
      vertex 65.42010101267766 3.420101012677667 2
      vertex 65.17861064718453 3.6954679987755825 2
    endloop
  endfacet
  facet normal 0 0 1
    outer loop
      vertex 64 3.4 2
      vertex 65.69546799877557 3.178610647184542 2
      vertex 65.42010101267766 3.420101012677667 2
    endloop
  endfacet
  facet normal 0 0 1
    outer loop
      vertex 64 3.4 2
      vertex 65.99999999999999 2.9751288694035725 2
      vertex 65.69546799877557 3.178610647184542 2
    endloop
  endfacet
  facet normal 0 0 1
    outer loop
      vertex 64 3.4 2
      vertex 64.8131373089684 4.328486389377749 2
      vertex 64.6954076863906 4.675306673712942 2
    endloop
  endfacet
  facet normal 0 0 1
    outer loop
      vertex 64 3.4 2
      vertex 64.6954076863906 4.675306673712942 2
      vertex 64.62395438815332 5.034526661783856 2
    endloop
  endfacet
  facet normal 0 0 1
    outer loop
      vertex 64 3.4 2
      vertex 64.97512886940356 4 2
      vertex 64.8131373089684 4.328486389377749 2
    endloop
  endfacet
  facet normal 0 0 1
    outer loop
      vertex 64 3.4 2
      vertex 65.17861064718453 3.6954679987755825 2
      vertex 64.97512886940356 4 2
    endloop
  endfacet
  facet normal 0 0 1
    outer loop
      vertex 64 3.4 2
      vertex 64.62395438815332 5.034526661783856 2
      vertex 64.6 5.4 2
    endloop
  endfacet
  facet normal 0 0 1
    outer loop
      vertex 67.39999999999999 2.6000000000000005 2
      vertex 68.80000000000001 2.4 2
      vertex 67.76547333821614 2.6239543881533316 2
    endloop
  endfacet
  facet normal 0 0 1
    outer loop
      vertex 67.76547333821614 2.6239543881533316 2
      vertex 68.80000000000001 2.4 2
      vertex 68.12469332628704 2.695407686390609 2
    endloop
  endfacet
  facet normal 0 0 1
    outer loop
      vertex 64 3.4 2
      vertex 64.6 5.4 2
      vertex 64 31.4 2
    endloop
  endfacet
  facet normal 0 0 1
    outer loop
      vertex 64.6 5.4 2
      vertex 64.62395438815332 5.765473338216145 2
      vertex 64 31.4 2
    endloop
  endfacet
  facet normal 0 0 1
    outer loop
      vertex 64.62395438815332 5.765473338216145 2
      vertex 64.6954076863906 6.124693326287058 2
      vertex 64 31.4 2
    endloop
  endfacet
  facet normal 0 0 1
    outer loop
      vertex 64.6954076863906 6.124693326287058 2
      vertex 64.8131373089684 6.471513610622251 2
      vertex 64 31.4 2
    endloop
  endfacet
  facet normal 0 0 1
    outer loop
      vertex 70.10459231360939 6.124693326287058 2
      vertex 64 31.4 2
      vertex 69.98686269103159 6.471513610622251 2
    endloop
  endfacet
  facet normal 0 0 1
    outer loop
      vertex 68.12469332628704 2.695407686390609 2
      vertex 68.80000000000001 2.4 2
      vertex 68.47151361062224 2.8131373089683978 2
    endloop
  endfacet
  facet normal 0 0 1
    outer loop
      vertex 68.80000000000001 2.4 2
      vertex 68.8 2.9751288694035725 2
      vertex 68.47151361062224 2.8131373089683978 2
    endloop
  endfacet
  facet normal 0 0 1
    outer loop
      vertex 68.80000000000001 2.4 2
      vertex 69.0088419075521 2.4136882218019036 2
      vertex 69.21411047216404 2.4545186779374903 2
    endloop
  endfacet
  facet normal 0 0 1
    outer loop
      vertex 68.80000000000001 2.4 2
      vertex 69.21411047216404 2.4545186779374903 2
      vertex 69.60000000000001 2.614359353944898 2
    endloop
  endfacet
  facet normal 0 0 1
    outer loop
      vertex 68.80000000000001 2.4 2
      vertex 69.10453200122441 3.178610647184542 2
      vertex 68.8 2.9751288694035725 2
    endloop
  endfacet
  facet normal 0 0 1
    outer loop
      vertex 68.80000000000001 2.4 2
      vertex 69.37989898732232 3.420101012677667 2
      vertex 69.10453200122441 3.178610647184542 2
    endloop
  endfacet
  facet normal 0 0 1
    outer loop
      vertex 69.21411047216404 2.4545186779374903 2
      vertex 69.41229349178415 2.521792747981941 2
      vertex 69.60000000000001 2.614359353944898 2
    endloop
  endfacet
  facet normal 0 0 1
    outer loop
      vertex 68.80000000000001 2.4 2
      vertex 69.60000000000001 2.614359353944898 2
      vertex 69.93137084989849 2.8686291501015235 2
    endloop
  endfacet
  facet normal 0 0 1
    outer loop
      vertex 69.60000000000001 2.614359353944898 2
      vertex 69.77401828641396 2.7306346555340237 2
      vertex 69.93137084989849 2.8686291501015235 2
    endloop
  endfacet
  facet normal 0 0 1
    outer loop
      vertex 68.80000000000001 2.4 2
      vertex 70.4 4 2
      vertex 69.37989898732232 3.420101012677667 2
    endloop
  endfacet
  facet normal 0 0 1
    outer loop
      vertex 68.80000000000001 2.4 2
      vertex 69.93137084989849 2.8686291501015235 2
      vertex 70.4 4 2
    endloop
  endfacet
  facet normal 0 0 1
    outer loop
      vertex 69.93137084989849 2.8686291501015235 2
      vertex 70.069365344466 3.025981713586047 2
      vertex 70.18564064605512 3.2 2
    endloop
  endfacet
  facet normal 0 0 1
    outer loop
      vertex 69.93137084989849 2.8686291501015235 2
      vertex 70.18564064605512 3.2 2
      vertex 70.4 4 2
    endloop
  endfacet
  facet normal 0 0 1
    outer loop
      vertex 70.18564064605512 3.2 2
      vertex 70.27820725201806 3.387706508215856 2
      vertex 70.34548132206253 3.585889527835967 2
    endloop
  endfacet
  facet normal 0 0 1
    outer loop
      vertex 70.18564064605512 3.2 2
      vertex 70.34548132206253 3.585889527835967 2
      vertex 70.4 4 2
    endloop
  endfacet
  facet normal 0 0 1
    outer loop
      vertex 69.37989898732232 3.420101012677667 2
      vertex 70.4 4 2
      vertex 69.62138935281546 3.6954679987755825 2
    endloop
  endfacet
  facet normal 0 0 1
    outer loop
      vertex 69.62138935281546 3.6954679987755825 2
      vertex 70.4 4 2
      vertex 69.82487113059642 4 2
    endloop
  endfacet
  facet normal 0 0 1
    outer loop
      vertex 69.82487113059642 4 2
      vertex 70.4 4 2
      vertex 69.98686269103159 4.328486389377749 2
    endloop
  endfacet
  facet normal 0 0 1
    outer loop
      vertex 69.98686269103159 4.328486389377749 2
      vertex 70.4 4 2
      vertex 70.10459231360939 4.675306673712942 2
    endloop
  endfacet
  facet normal 0 0 1
    outer loop
      vertex 70.4 4 2
      vertex 70.17604561184666 5.034526661783856 2
      vertex 70.10459231360939 4.675306673712942 2
    endloop
  endfacet
  facet normal 0 0 1
    outer loop
      vertex 70.34548132206253 3.585889527835967 2
      vertex 70.3863117781981 3.7911580924479176 2
      vertex 70.4 4 2
    endloop
  endfacet
  facet normal 0 0 1
    outer loop
      vertex 70.4 4 2
      vertex 70.19999999999999 5.4 2
      vertex 70.17604561184666 5.034526661783856 2
    endloop
  endfacet
  facet normal 0 0 1
    outer loop
      vertex 70.4 4 2
      vertex 70.17604561184666 5.765473338216145 2
      vertex 70.19999999999999 5.4 2
    endloop
  endfacet
  facet normal 0 0 1
    outer loop
      vertex 70.4 4 2
      vertex 67.03452666178384 30.62395438815333 2
      vertex 70.17604561184666 5.765473338216145 2
    endloop
  endfacet
  facet normal 0 0 1
    outer loop
      vertex 70.17604561184666 5.765473338216145 2
      vertex 67.03452666178384 30.62395438815333 2
      vertex 70.10459231360939 6.124693326287058 2
    endloop
  endfacet
  facet normal 0 0 1
    outer loop
      vertex 64.8131373089684 6.471513610622251 2
      vertex 64.97512886940356 6.800000000000001 2
      vertex 64 31.4 2
    endloop
  endfacet
  facet normal 0 0 1
    outer loop
      vertex 64.97512886940356 6.800000000000001 2
      vertex 65.17861064718453 7.104532001224419 2
      vertex 64 31.4 2
    endloop
  endfacet
  facet normal 0 0 1
    outer loop
      vertex 65.17861064718453 7.104532001224419 2
      vertex 65.42010101267766 7.379898987322333 2
      vertex 64 31.4 2
    endloop
  endfacet
  facet normal 0 0 1
    outer loop
      vertex 65.42010101267766 7.379898987322333 2
      vertex 65.69546799877557 7.621389352815459 2
      vertex 64 31.4 2
    endloop
  endfacet
  facet normal 0 0 1
    outer loop
      vertex 65.69546799877557 7.621389352815459 2
      vertex 65.99999999999999 7.824871130596428 2
      vertex 64 31.4 2
    endloop
  endfacet
  facet normal 0 0 1
    outer loop
      vertex 65.99999999999999 7.824871130596428 2
      vertex 66.32848638937774 7.986862691031603 2
      vertex 64 31.4 2
    endloop
  endfacet
  facet normal 0 0 1
    outer loop
      vertex 66.32848638937774 7.986862691031603 2
      vertex 66.67530667371294 8.104592313609391 2
      vertex 64 31.4 2
    endloop
  endfacet
  facet normal 0 0 1
    outer loop
      vertex 66.67530667371294 8.104592313609391 2
      vertex 67.03452666178384 8.17604561184667 2
      vertex 64 31.4 2
    endloop
  endfacet
  facet normal 0 0 1
    outer loop
      vertex 67.03452666178384 8.17604561184667 2
      vertex 67.39999999999999 8.2 2
      vertex 64 31.4 2
    endloop
  endfacet
  facet normal 0 0 1
    outer loop
      vertex 67.39999999999999 8.2 2
      vertex 67.76547333821614 8.17604561184667 2
      vertex 64 31.4 2
    endloop
  endfacet
  facet normal 0 0 1
    outer loop
      vertex 67.76547333821614 8.17604561184667 2
      vertex 68.12469332628704 8.104592313609391 2
      vertex 64 31.4 2
    endloop
  endfacet
  facet normal 0 0 1
    outer loop
      vertex 68.12469332628704 8.104592313609391 2
      vertex 68.47151361062224 7.986862691031603 2
      vertex 64 31.4 2
    endloop
  endfacet
  facet normal 0 0 1
    outer loop
      vertex 68.47151361062224 7.986862691031603 2
      vertex 68.8 7.824871130596428 2
      vertex 64 31.4 2
    endloop
  endfacet
  facet normal 0 0 1
    outer loop
      vertex 68.8 7.824871130596428 2
      vertex 69.10453200122441 7.621389352815459 2
      vertex 64 31.4 2
    endloop
  endfacet
  facet normal 0 0 1
    outer loop
      vertex 69.10453200122441 7.621389352815459 2
      vertex 69.37989898732232 7.379898987322333 2
      vertex 64 31.4 2
    endloop
  endfacet
  facet normal 0 0 1
    outer loop
      vertex 69.62138935281546 7.104532001224419 2
      vertex 64 31.4 2
      vertex 69.37989898732232 7.379898987322333 2
    endloop
  endfacet
  facet normal 0 0 1
    outer loop
      vertex 69.62138935281546 7.104532001224419 2
      vertex 69.82487113059642 6.800000000000001 2
      vertex 64 31.4 2
    endloop
  endfacet
  facet normal 0 0 1
    outer loop
      vertex 69.82487113059642 6.800000000000001 2
      vertex 69.98686269103159 6.471513610622251 2
      vertex 64 31.4 2
    endloop
  endfacet
  facet normal 0 0 1
    outer loop
      vertex 70.10459231360939 6.124693326287058 2
      vertex 65.69546799877557 31.17861064718454 2
      vertex 64 31.4 2
    endloop
  endfacet
  facet normal 0 0 1
    outer loop
      vertex 70.10459231360939 6.124693326287058 2
      vertex 65.99999999999999 30.97512886940357 2
      vertex 65.69546799877557 31.17861064718454 2
    endloop
  endfacet
  facet normal 0 0 1
    outer loop
      vertex 70.10459231360939 6.124693326287058 2
      vertex 66.32848638937774 30.813137308968397 2
      vertex 65.99999999999999 30.97512886940357 2
    endloop
  endfacet
  facet normal 0 0 1
    outer loop
      vertex 70.10459231360939 6.124693326287058 2
      vertex 66.67530667371294 30.695407686390606 2
      vertex 66.32848638937774 30.813137308968397 2
    endloop
  endfacet
  facet normal 0 0 1
    outer loop
      vertex 70.10459231360939 6.124693326287058 2
      vertex 67.03452666178384 30.62395438815333 2
      vertex 66.67530667371294 30.695407686390606 2
    endloop
  endfacet
  facet normal 0 0 1
    outer loop
      vertex 70.4 4 2
      vertex 67.39999999999999 30.599999999999998 2
      vertex 67.03452666178384 30.62395438815333 2
    endloop
  endfacet
  facet normal 0 0 1
    outer loop
      vertex 70.4 4 2
      vertex 67.76547333821614 30.62395438815333 2
      vertex 67.39999999999999 30.599999999999998 2
    endloop
  endfacet
  facet normal 0 0 1
    outer loop
      vertex 70.4 4 2
      vertex 68.12469332628704 30.695407686390606 2
      vertex 67.76547333821614 30.62395438815333 2
    endloop
  endfacet
  facet normal 0 0 1
    outer loop
      vertex 70.4 4 2
      vertex 68.47151361062224 30.813137308968397 2
      vertex 68.12469332628704 30.695407686390606 2
    endloop
  endfacet
  facet normal 0 0 1
    outer loop
      vertex 70.4 4 2
      vertex 68.8 30.97512886940357 2
      vertex 68.47151361062224 30.813137308968397 2
    endloop
  endfacet
  facet normal 0 0 1
    outer loop
      vertex 70.4 4 2
      vertex 69.10453200122441 31.17861064718454 2
      vertex 68.8 30.97512886940357 2
    endloop
  endfacet
  facet normal 0 0 1
    outer loop
      vertex 70.4 4 2
      vertex 69.37989898732232 31.420101012677666 2
      vertex 69.10453200122441 31.17861064718454 2
    endloop
  endfacet
  facet normal 0 0 1
    outer loop
      vertex 70.4 4 2
      vertex 69.62138935281546 31.69546799877558 2
      vertex 69.37989898732232 31.420101012677666 2
    endloop
  endfacet
  facet normal 0 0 1
    outer loop
      vertex 70.4 4 2
      vertex 69.82487113059642 32 2
      vertex 69.62138935281546 31.69546799877558 2
    endloop
  endfacet
  facet normal 0 0 1
    outer loop
      vertex 70.4 4 2
      vertex 69.98686269103159 32.328486389377744 2
      vertex 69.82487113059642 32 2
    endloop
  endfacet
  facet normal 0 0 1
    outer loop
      vertex 70.4 4 2
      vertex 70.10459231360939 32.67530667371294 2
      vertex 69.98686269103159 32.328486389377744 2
    endloop
  endfacet
  facet normal 0 0 1
    outer loop
      vertex 70.4 4 2
      vertex 70.17604561184666 33.03452666178386 2
      vertex 70.10459231360939 32.67530667371294 2
    endloop
  endfacet
  facet normal 0 0 1
    outer loop
      vertex 70.4 4 2
      vertex 70.19999999999999 33.4 2
      vertex 70.17604561184666 33.03452666178386 2
    endloop
  endfacet
  facet normal -0.06540312923014391 0.9978589232386036 0
    outer loop
      vertex 68.80000000000001 2.4 2
      vertex 68.80000000000001 2.4 17
      vertex 69.0088419075521 2.4136882218019036 2
    endloop
  endfacet
  facet normal -0.19509032201613385 0.9807852804032293 0
    outer loop
      vertex 69.0088419075521 2.4136882218019036 2
      vertex 69.0088419075521 2.4136882218019036 17
      vertex 69.21411047216404 2.4545186779374903 2
    endloop
  endfacet
  facet normal -0.3214394653031519 0.946930129495109 0
    outer loop
      vertex 69.21411047216404 2.4545186779374903 2
      vertex 69.21411047216404 2.4545186779374903 17
      vertex 69.41229349178415 2.521792747981941 2
    endloop
  endfacet
  facet normal -0.44228869021900735 0.8968727415326851 0
    outer loop
      vertex 69.41229349178415 2.521792747981941 2
      vertex 69.41229349178415 2.521792747981941 17
      vertex 69.60000000000001 2.614359353944898 2
    endloop
  endfacet
  facet normal -0.5555702330195998 0.8314696123025468 0
    outer loop
      vertex 69.60000000000001 2.614359353944898 2
      vertex 69.60000000000001 2.614359353944898 17
      vertex 69.77401828641396 2.7306346555340237 2
    endloop
  endfacet
  facet normal -0.6593458151000688 0.7518398074789774 0
    outer loop
      vertex 69.77401828641396 2.7306346555340237 2
      vertex 69.77401828641396 2.7306346555340237 17
      vertex 69.93137084989849 2.8686291501015235 2
    endloop
  endfacet
  facet normal -0.7518398074789603 0.6593458151000883 0
    outer loop
      vertex 69.93137084989849 2.8686291501015235 2
      vertex 69.93137084989849 2.8686291501015235 17
      vertex 70.069365344466 3.025981713586047 2
    endloop
  endfacet
  facet normal -0.8314696123025426 0.5555702330196062 0
    outer loop
      vertex 70.069365344466 3.025981713586047 2
      vertex 70.069365344466 3.025981713586047 17
      vertex 70.18564064605512 3.2 2
    endloop
  endfacet
  facet normal -0.8968727415327135 0.4422886902189503 0
    outer loop
      vertex 70.18564064605512 3.2 2
      vertex 70.18564064605512 3.2 17
      vertex 70.27820725201806 3.387706508215856 2
    endloop
  endfacet
  facet normal -0.9469301294950888 0.321439465303211 0
    outer loop
      vertex 70.27820725201806 3.387706508215856 2
      vertex 70.27820725201806 3.387706508215856 17
      vertex 70.34548132206253 3.585889527835967 2
    endloop
  endfacet
  facet normal -0.9807852804032366 0.19509032201609677 0
    outer loop
      vertex 70.34548132206253 3.585889527835967 2
      vertex 70.34548132206253 3.585889527835967 17
      vertex 70.3863117781981 3.7911580924479176 2
    endloop
  endfacet
  facet normal -0.9978589232386047 0.06540312923012558 0
    outer loop
      vertex 70.3863117781981 3.7911580924479176 2
      vertex 70.3863117781981 3.7911580924479176 17
      vertex 70.4 4 2
    endloop
  endfacet
  facet normal 0 0 1
    outer loop
      vertex 52.63770197486536 33.8 2
      vertex 59.4 31.4 2
      vertex 63.4 33.8 2
    endloop
  endfacet
  facet normal 0 0 1
    outer loop
      vertex 59.4 31.4 2
      vertex 62.4 31.4 2
      vertex 63.4 33.8 2
    endloop
  endfacet
  facet normal 0 0 1
    outer loop
      vertex 62.4 31.4 2
      vertex 64 31.4 2
      vertex 63.4 33.8 2
    endloop
  endfacet
  facet normal 0 0 1
    outer loop
      vertex 63.4 33.8 2
      vertex 64 31.4 2
      vertex 63.4 35.4 2
    endloop
  endfacet
  facet normal 0 0 1
    outer loop
      vertex 63.4 35.4 2
      vertex 64 31.4 2
      vertex 63.4 70.4 2
    endloop
  endfacet
  facet normal 0 0 1
    outer loop
      vertex 64 31.4 2
      vertex 64.8131373089684 32.328486389377744 2
      vertex 64.6954076863906 32.67530667371294 2
    endloop
  endfacet
  facet normal 0 0 1
    outer loop
      vertex 64 31.4 2
      vertex 65.17861064718453 31.69546799877558 2
      vertex 64.97512886940356 32 2
    endloop
  endfacet
  facet normal 0 0 1
    outer loop
      vertex 64 31.4 2
      vertex 64.97512886940356 32 2
      vertex 64.8131373089684 32.328486389377744 2
    endloop
  endfacet
  facet normal 0 0 1
    outer loop
      vertex 64 31.4 2
      vertex 64.62395438815332 33.03452666178386 2
      vertex 64.6 33.4 2
    endloop
  endfacet
  facet normal 0 0 1
    outer loop
      vertex 64 31.4 2
      vertex 64.6954076863906 32.67530667371294 2
      vertex 64.62395438815332 33.03452666178386 2
    endloop
  endfacet
  facet normal 0 0 1
    outer loop
      vertex 64 31.4 2
      vertex 65.42010101267766 31.420101012677666 2
      vertex 65.17861064718453 31.69546799877558 2
    endloop
  endfacet
  facet normal 0 0 1
    outer loop
      vertex 64 31.4 2
      vertex 65.69546799877557 31.17861064718454 2
      vertex 65.42010101267766 31.420101012677666 2
    endloop
  endfacet
  facet normal 0 0 1
    outer loop
      vertex 64 31.4 2
      vertex 64.6 33.4 2
      vertex 63.4 70.4 2
    endloop
  endfacet
  facet normal 0 0 1
    outer loop
      vertex 64.6 33.4 2
      vertex 64.62395438815332 33.76547333821614 2
      vertex 63.4 70.4 2
    endloop
  endfacet
  facet normal 0 0 1
    outer loop
      vertex 64.62395438815332 33.76547333821614 2
      vertex 64.6954076863906 34.12469332628706 2
      vertex 63.4 70.4 2
    endloop
  endfacet
  facet normal 0 0 1
    outer loop
      vertex 64.6954076863906 34.12469332628706 2
      vertex 64.8131373089684 34.47151361062225 2
      vertex 63.4 70.4 2
    endloop
  endfacet
  facet normal 0 0 1
    outer loop
      vertex 64.8131373089684 34.47151361062225 2
      vertex 64.97512886940356 34.8 2
      vertex 63.4 70.4 2
    endloop
  endfacet
  facet normal 0 0 1
    outer loop
      vertex 64.97512886940356 34.8 2
      vertex 65.17861064718453 35.10453200122441 2
      vertex 63.4 70.4 2
    endloop
  endfacet
  facet normal 0 0 1
    outer loop
      vertex 65.17861064718453 35.10453200122441 2
      vertex 65.42010101267766 35.379898987322335 2
      vertex 63.4 70.4 2
    endloop
  endfacet
  facet normal 0 0 1
    outer loop
      vertex 65.42010101267766 35.379898987322335 2
      vertex 65.69546799877557 35.621389352815456 2
      vertex 63.4 70.4 2
    endloop
  endfacet
  facet normal 0 0 1
    outer loop
      vertex 65.69546799877557 35.621389352815456 2
      vertex 65.99999999999999 35.82487113059643 2
      vertex 63.4 70.4 2
    endloop
  endfacet
  facet normal 0 0 1
    outer loop
      vertex 65.99999999999999 35.82487113059643 2
      vertex 66.32848638937774 35.986862691031604 2
      vertex 63.4 70.4 2
    endloop
  endfacet
  facet normal 0 0 1
    outer loop
      vertex 66.32848638937774 35.986862691031604 2
      vertex 66.67530667371294 36.10459231360939 2
      vertex 63.4 70.4 2
    endloop
  endfacet
  facet normal 0 0 1
    outer loop
      vertex 66.67530667371294 36.10459231360939 2
      vertex 67.03452666178384 36.17604561184667 2
      vertex 63.4 70.4 2
    endloop
  endfacet
  facet normal 0 0 1
    outer loop
      vertex 67.03452666178384 36.17604561184667 2
      vertex 67.39999999999999 36.199999999999996 2
      vertex 63.4 70.4 2
    endloop
  endfacet
  facet normal 0 0 1
    outer loop
      vertex 67.39999999999999 36.199999999999996 2
      vertex 67.76547333821614 36.17604561184667 2
      vertex 63.4 70.4 2
    endloop
  endfacet
  facet normal 0 0 1
    outer loop
      vertex 67.76547333821614 36.17604561184667 2
      vertex 68.12469332628704 36.10459231360939 2
      vertex 63.4 70.4 2
    endloop
  endfacet
  facet normal 0 0 1
    outer loop
      vertex 68.12469332628704 36.10459231360939 2
      vertex 68.47151361062224 35.986862691031604 2
      vertex 63.4 70.4 2
    endloop
  endfacet
  facet normal 0 0 1
    outer loop
      vertex 68.8 35.82487113059643 2
      vertex 62.78006002087371 76.57371571297385 2
      vertex 68.47151361062224 35.986862691031604 2
    endloop
  endfacet
  facet normal 0 0 1
    outer loop
      vertex 69.37989898732232 35.379898987322335 2
      vertex 62.78006002087371 76.57371571297385 2
      vertex 69.10453200122441 35.621389352815456 2
    endloop
  endfacet
  facet normal 0 0 1
    outer loop
      vertex 68.8 35.82487113059643 2
      vertex 69.10453200122441 35.621389352815456 2
      vertex 62.78006002087371 76.57371571297385 2
    endloop
  endfacet
  facet normal 0 0 1
    outer loop
      vertex 69.82487113059642 34.8 2
      vertex 69.98686269103159 34.47151361062225 2
      vertex 62.78006002087371 76.57371571297385 2
    endloop
  endfacet
  facet normal 0 0 1
    outer loop
      vertex 69.98686269103159 34.47151361062225 2
      vertex 70.10459231360939 34.12469332628706 2
      vertex 62.78006002087371 76.57371571297385 2
    endloop
  endfacet
  facet normal 0 0 1
    outer loop
      vertex 69.37989898732232 35.379898987322335 2
      vertex 69.62138935281546 35.10453200122441 2
      vertex 62.78006002087371 76.57371571297385 2
    endloop
  endfacet
  facet normal 0 0 1
    outer loop
      vertex 69.82487113059642 34.8 2
      vertex 62.78006002087371 76.57371571297385 2
      vertex 69.62138935281546 35.10453200122441 2
    endloop
  endfacet
  facet normal 0 0 1
    outer loop
      vertex 70.17604561184666 33.76547333821614 2
      vertex 62.78006002087371 76.57371571297385 2
      vertex 70.10459231360939 34.12469332628706 2
    endloop
  endfacet
  facet normal 0 0 1
    outer loop
      vertex 70.4 4 2
      vertex 70.10459231360939 111.67530667371294 2
      vertex 70.19999999999999 33.4 2
    endloop
  endfacet
  facet normal -1 0 0
    outer loop
      vertex 70.4 4 2
      vertex 70.4 4 17
      vertex 70.4 113.80000000000001 2
    endloop
  endfacet
  facet normal 0 1 0
    outer loop
      vertex 4 2.4 17
      vertex 68.80000000000001 2.4 17
      vertex 42.9 2.4 10.4
    endloop
  endfacet
  facet normal 0 1 0
    outer loop
      vertex 68.80000000000001 2.4 2
      vertex 42.9 2.4 10.4
      vertex 68.80000000000001 2.4 17
    endloop
  endfacet
  facet normal -0.06540312923014391 0.9978589232386036 0
    outer loop
      vertex 69.0088419075521 2.4136882218019036 2
      vertex 68.80000000000001 2.4 17
      vertex 69.0088419075521 2.4136882218019036 17
    endloop
  endfacet
  facet normal -0.19509032201613385 0.9807852804032293 0
    outer loop
      vertex 69.21411047216404 2.4545186779374903 2
      vertex 69.0088419075521 2.4136882218019036 17
      vertex 69.21411047216404 2.4545186779374903 17
    endloop
  endfacet
  facet normal -0.3214394653031519 0.946930129495109 0
    outer loop
      vertex 69.41229349178415 2.521792747981941 2
      vertex 69.21411047216404 2.4545186779374903 17
      vertex 69.41229349178415 2.521792747981941 17
    endloop
  endfacet
  facet normal -0.44228869021900735 0.8968727415326851 0
    outer loop
      vertex 69.60000000000001 2.614359353944898 2
      vertex 69.41229349178415 2.521792747981941 17
      vertex 69.60000000000001 2.614359353944898 17
    endloop
  endfacet
  facet normal -0.5555702330195998 0.8314696123025468 0
    outer loop
      vertex 69.77401828641396 2.7306346555340237 2
      vertex 69.60000000000001 2.614359353944898 17
      vertex 69.77401828641396 2.7306346555340237 17
    endloop
  endfacet
  facet normal -0.6593458151000688 0.7518398074789774 0
    outer loop
      vertex 69.93137084989849 2.8686291501015235 2
      vertex 69.77401828641396 2.7306346555340237 17
      vertex 69.93137084989849 2.8686291501015235 17
    endloop
  endfacet
  facet normal -0.7518398074789603 0.6593458151000883 0
    outer loop
      vertex 70.069365344466 3.025981713586047 2
      vertex 69.93137084989849 2.8686291501015235 17
      vertex 70.069365344466 3.025981713586047 17
    endloop
  endfacet
  facet normal -0.8314696123025426 0.5555702330196062 0
    outer loop
      vertex 70.18564064605512 3.2 2
      vertex 70.069365344466 3.025981713586047 17
      vertex 70.18564064605512 3.2 17
    endloop
  endfacet
  facet normal -0.8968727415327135 0.4422886902189503 0
    outer loop
      vertex 70.27820725201806 3.387706508215856 2
      vertex 70.18564064605512 3.2 17
      vertex 70.27820725201806 3.387706508215856 17
    endloop
  endfacet
  facet normal -0.9469301294950888 0.321439465303211 0
    outer loop
      vertex 70.34548132206253 3.585889527835967 2
      vertex 70.27820725201806 3.387706508215856 17
      vertex 70.34548132206253 3.585889527835967 17
    endloop
  endfacet
  facet normal -0.9807852804032366 0.19509032201609677 0
    outer loop
      vertex 70.3863117781981 3.7911580924479176 2
      vertex 70.34548132206253 3.585889527835967 17
      vertex 70.3863117781981 3.7911580924479176 17
    endloop
  endfacet
  facet normal -0.9978589232386047 0.06540312923012558 0
    outer loop
      vertex 70.4 4 2
      vertex 70.3863117781981 3.7911580924479176 17
      vertex 70.4 4 17
    endloop
  endfacet
  facet normal 0 0 1
    outer loop
      vertex 11.623542864692439 107.50222252113281 2
      vertex 58.27867965644036 76.27867965644036 2
      vertex 58.0199399791263 76.57371571297385 2
    endloop
  endfacet
  facet normal 0 0 1
    outer loop
      vertex 12.008421423339845 107.42566541587857 2
      vertex 58.0199399791263 76.57371571297385 2
      vertex 57.80192378864669 76.9 2
    endloop
  endfacet
  facet normal 0 0 1
    outer loop
      vertex 12.4 107.4 2
      vertex 57.80192378864669 76.9 2
      vertex 57.62836140246615 77.25194970290474 2
    endloop
  endfacet
  facet normal 0 0 1
    outer loop
      vertex 12.791578576660156 107.42566541587857 2
      vertex 57.62836140246615 77.25194970290474 2
      vertex 57.5022225211328 77.62354286469244 2
    endloop
  endfacet
  facet normal 0 0 1
    outer loop
      vertex 11.251949702904732 107.62836140246614 2
      vertex 58.57371571297384 76.0199399791263 2
      vertex 58.27867965644036 76.27867965644036 2
    endloop
  endfacet
  facet normal 0 0 1
    outer loop
      vertex 13.176457135307562 107.50222252113281 2
      vertex 57.5022225211328 77.62354286469244 2
      vertex 57.425665415878576 78.00842142333985 2
    endloop
  endfacet
  facet normal 0 0 1
    outer loop
      vertex 13.54805029709527 107.62836140246614 2
      vertex 57.425665415878576 78.00842142333985 2
      vertex 57.400000000000006 78.4 2
    endloop
  endfacet
  facet normal 0 0 1
    outer loop
      vertex 13.9 107.80192378864669 2
      vertex 57.400000000000006 78.4 2
      vertex 57.425665415878576 78.79157857666016 2
    endloop
  endfacet
  facet normal 0 0 1
    outer loop
      vertex 29.868581687612213 72 2
      vertex 63.4 72 2
      vertex 60.79157857666016 75.42566541587857 2
    endloop
  endfacet
  facet normal 0 0 1
    outer loop
      vertex 29.868581687612213 72 2
      vertex 59.25194970290474 75.62836140246614 2
      vertex 58.900000000000006 75.80192378864669 2
    endloop
  endfacet
  facet normal 0 0 1
    outer loop
      vertex 29.868581687612213 72 2
      vertex 58.900000000000006 75.80192378864669 2
      vertex 58.57371571297384 76.0199399791263 2
    endloop
  endfacet
  facet normal 0 0 1
    outer loop
      vertex 29.868581687612213 72 2
      vertex 59.623542864692446 75.50222252113281 2
      vertex 59.25194970290474 75.62836140246614 2
    endloop
  endfacet
  facet normal 0 0 1
    outer loop
      vertex 29.868581687612213 72 2
      vertex 60.008421423339854 75.42566541587857 2
      vertex 59.623542864692446 75.50222252113281 2
    endloop
  endfacet
  facet normal 0 0 1
    outer loop
      vertex 29.868581687612213 72 2
      vertex 60.400000000000006 75.4 2
      vertex 60.008421423339854 75.42566541587857 2
    endloop
  endfacet
  facet normal 0 0 1
    outer loop
      vertex 29.868581687612213 72 2
      vertex 60.79157857666016 75.42566541587857 2
      vertex 60.400000000000006 75.4 2
    endloop
  endfacet
  facet normal 0 0 1
    outer loop
      vertex 14.226284287026163 108.0199399791263 2
      vertex 57.425665415878576 78.79157857666016 2
      vertex 57.5022225211328 79.17645713530757 2
    endloop
  endfacet
  facet normal 0 0 1
    outer loop
      vertex 14.521320343559644 108.27867965644036 2
      vertex 57.5022225211328 79.17645713530757 2
      vertex 57.62836140246615 79.54805029709527 2
    endloop
  endfacet
  facet normal 0 0 1
    outer loop
      vertex 14.521320343559644 108.27867965644036 2
      vertex 57.62836140246615 79.54805029709527 2
      vertex 57.80192378864669 79.9 2
    endloop
  endfacet
  facet normal 0 0 1
    outer loop
      vertex 14.780060020873705 108.57371571297385 2
      vertex 57.80192378864669 79.9 2
      vertex 58.0199399791263 80.22628428702616 2
    endloop
  endfacet
  facet normal 0 0 1
    outer loop
      vertex 14.780060020873705 108.57371571297385 2
      vertex 58.0199399791263 80.22628428702616 2
      vertex 58.27867965644036 80.52132034355965 2
    endloop
  endfacet
  facet normal 0 0 1
    outer loop
      vertex 14.780060020873705 108.57371571297385 2
      vertex 58.27867965644036 80.52132034355965 2
      vertex 58.27867965644036 108.27867965644036 2
    endloop
  endfacet
  facet normal 0 0 1
    outer loop
      vertex 14.780060020873705 108.57371571297385 2
      vertex 58.27867965644036 108.27867965644036 2
      vertex 58.0199399791263 108.57371571297385 2
    endloop
  endfacet
  facet normal 0 0 1
    outer loop
      vertex 15.17163859753386 109.25194970290474 2
      vertex 57.62836140246615 109.25194970290474 2
      vertex 57.5022225211328 109.62354286469244 2
    endloop
  endfacet
  facet normal 0 0 1
    outer loop
      vertex 14.998076211353316 108.9 2
      vertex 58.0199399791263 108.57371571297385 2
      vertex 57.80192378864669 108.9 2
    endloop
  endfacet
  facet normal 0 0 1
    outer loop
      vertex 15.17163859753386 109.25194970290474 2
      vertex 57.80192378864669 108.9 2
      vertex 57.62836140246615 109.25194970290474 2
    endloop
  endfacet
  facet normal 0 0 1
    outer loop
      vertex 15.374334584121431 110.00842142333985 2
      vertex 57.5022225211328 109.62354286469244 2
      vertex 57.425665415878576 110.00842142333985 2
    endloop
  endfacet
  facet normal 0 0 1
    outer loop
      vertex 15.374334584121431 110.00842142333985 2
      vertex 57.425665415878576 110.00842142333985 2
      vertex 57.400000000000006 110.4 2
    endloop
  endfacet
  facet normal 0 0 1
    outer loop
      vertex 7.986862691031603 113.47151361062224 2
      vertex 60.008421423339854 113.37433458412144 2
      vertex 60.400000000000006 113.4 2
    endloop
  endfacet
  facet normal 0 0 1
    outer loop
      vertex 15.374334584121431 110.79157857666016 2
      vertex 57.400000000000006 110.4 2
      vertex 57.425665415878576 110.79157857666016 2
    endloop
  endfacet
  facet normal 0 0 1
    outer loop
      vertex 15.374334584121431 110.79157857666016 2
      vertex 57.425665415878576 110.79157857666016 2
      vertex 57.5022225211328 111.17645713530757 2
    endloop
  endfacet
  facet normal 0 0 1
    outer loop
      vertex 15.17163859753386 111.54805029709527 2
      vertex 57.5022225211328 111.17645713530757 2
      vertex 57.62836140246615 111.54805029709527 2
    endloop
  endfacet
  facet normal 0 0 1
    outer loop
      vertex 15.17163859753386 111.54805029709527 2
      vertex 57.62836140246615 111.54805029709527 2
      vertex 57.80192378864669 111.9 2
    endloop
  endfacet
  facet normal 0 0 1
    outer loop
      vertex 14.998076211353316 111.9 2
      vertex 57.80192378864669 111.9 2
      vertex 58.0199399791263 112.22628428702616 2
    endloop
  endfacet
  facet normal 0 0 1
    outer loop
      vertex 14.521320343559644 112.52132034355965 2
      vertex 58.0199399791263 112.22628428702616 2
      vertex 58.27867965644036 112.52132034355965 2
    endloop
  endfacet
  facet normal 0 0 1
    outer loop
      vertex 14.226284287026163 112.7800600208737 2
      vertex 58.27867965644036 112.52132034355965 2
      vertex 58.57371571297384 112.7800600208737 2
    endloop
  endfacet
  facet normal 0 0 1
    outer loop
      vertex 13.9 112.99807621135332 2
      vertex 58.57371571297384 112.7800600208737 2
      vertex 58.900000000000006 112.99807621135332 2
    endloop
  endfacet
  facet normal 0 0 1
    outer loop
      vertex 13.54805029709527 113.17163859753387 2
      vertex 58.900000000000006 112.99807621135332 2
      vertex 59.25194970290474 113.17163859753387 2
    endloop
  endfacet
  facet normal 0 0 1
    outer loop
      vertex 13.176457135307562 113.2977774788672 2
      vertex 59.25194970290474 113.17163859753387 2
      vertex 59.623542864692446 113.2977774788672 2
    endloop
  endfacet
  facet normal 0 0 1
    outer loop
      vertex 12.791578576660156 113.37433458412144 2
      vertex 59.623542864692446 113.2977774788672 2
      vertex 60.008421423339854 113.37433458412144 2
    endloop
  endfacet
  facet normal 0 0 1
    outer loop
      vertex 7.986862691031603 113.47151361062224 2
      vertex 60.400000000000006 113.4 2
      vertex 64.8131373089684 113.47151361062224 2
    endloop
  endfacet
  facet normal 0 0 1
    outer loop
      vertex 4 115.4 2
      vertex 64.8131373089684 113.47151361062224 2
      vertex 64.97512886940356 113.8 2
    endloop
  endfacet
  facet normal 0 0 1
    outer loop
      vertex 4 115.4 2
      vertex 64.97512886940356 113.8 2
      vertex 65.17861064718453 114.10453200122441 2
    endloop
  endfacet
  facet normal 0 0 1
    outer loop
      vertex 4 115.4 2
      vertex 65.17861064718453 114.10453200122441 2
      vertex 65.42010101267766 114.37989898732232 2
    endloop
  endfacet
  facet normal 0 0 1
    outer loop
      vertex 4 115.4 2
      vertex 65.42010101267766 114.37989898732232 2
      vertex 65.69546799877557 114.62138935281546 2
    endloop
  endfacet
  facet normal 0 0 1
    outer loop
      vertex 4 115.4 2
      vertex 65.69546799877557 114.62138935281546 2
      vertex 65.99999999999999 114.82487113059642 2
    endloop
  endfacet
  facet normal 0 0 1
    outer loop
      vertex 4 115.4 2
      vertex 65.99999999999999 114.82487113059642 2
      vertex 66.32848638937774 114.98686269103159 2
    endloop
  endfacet
  facet normal 0 -1 0
    outer loop
      vertex 4 115.4 2
      vertex 68.80000000000001 115.4 2
      vertex 45.4 115.4 6
    endloop
  endfacet
  facet normal 0 0 1
    outer loop
      vertex 4 115.4 2
      vertex 66.32848638937774 114.98686269103159 2
      vertex 66.67530667371294 115.10459231360939 2
    endloop
  endfacet
  facet normal 0 0 1
    outer loop
      vertex 4 115.4 2
      vertex 66.67530667371294 115.10459231360939 2
      vertex 67.03452666178384 115.17604561184666 2
    endloop
  endfacet
  facet normal 0 0 1
    outer loop
      vertex 4 115.4 2
      vertex 67.03452666178384 115.17604561184666 2
      vertex 67.39999999999999 115.19999999999999 2
    endloop
  endfacet
  facet normal 0 0 1
    outer loop
      vertex 4 115.4 2
      vertex 67.39999999999999 115.19999999999999 2
      vertex 68.80000000000001 115.4 2
    endloop
  endfacet
  facet normal 0 0 1
    outer loop
      vertex 63.4 72 2
      vertex 61.176457135307565 75.50222252113281 2
      vertex 60.79157857666016 75.42566541587857 2
    endloop
  endfacet
  facet normal 0 0 1
    outer loop
      vertex 63.4 72 2
      vertex 61.54805029709527 75.62836140246614 2
      vertex 61.176457135307565 75.50222252113281 2
    endloop
  endfacet
  facet normal 0 0 1
    outer loop
      vertex 63.4 72 2
      vertex 61.900000000000006 75.80192378864669 2
      vertex 61.54805029709527 75.62836140246614 2
    endloop
  endfacet
  facet normal 0 0 1
    outer loop
      vertex 63.4 72 2
      vertex 62.22628428702617 76.0199399791263 2
      vertex 61.900000000000006 75.80192378864669 2
    endloop
  endfacet
  facet normal 0 0 1
    outer loop
      vertex 63.4 72 2
      vertex 62.52132034355965 76.27867965644036 2
      vertex 62.22628428702617 76.0199399791263 2
    endloop
  endfacet
  facet normal 0 0 1
    outer loop
      vertex 63.4 72 2
      vertex 62.78006002087371 76.57371571297385 2
      vertex 62.52132034355965 76.27867965644036 2
    endloop
  endfacet
  facet normal 0 0 1
    outer loop
      vertex 68.47151361062224 35.986862691031604 2
      vertex 63.4 72 2
      vertex 63.4 70.4 2
    endloop
  endfacet
  facet normal 0 0 1
    outer loop
      vertex 68.47151361062224 35.986862691031604 2
      vertex 62.78006002087371 76.57371571297385 2
      vertex 63.4 72 2
    endloop
  endfacet
  facet normal 0 0 1
    outer loop
      vertex 70.17604561184666 33.76547333821614 2
      vertex 62.99807621135332 76.9 2
      vertex 62.78006002087371 76.57371571297385 2
    endloop
  endfacet
  facet normal 0 0 1
    outer loop
      vertex 70.17604561184666 33.76547333821614 2
      vertex 63.171638597533864 77.25194970290474 2
      vertex 62.99807621135332 76.9 2
    endloop
  endfacet
  facet normal 0 0 1
    outer loop
      vertex 70.17604561184666 33.76547333821614 2
      vertex 63.29777747886721 77.62354286469244 2
      vertex 63.171638597533864 77.25194970290474 2
    endloop
  endfacet
  facet normal 0 0 1
    outer loop
      vertex 70.17604561184666 33.76547333821614 2
      vertex 63.374334584121435 78.00842142333985 2
      vertex 63.29777747886721 77.62354286469244 2
    endloop
  endfacet
  facet normal 0 0 1
    outer loop
      vertex 70.17604561184666 33.76547333821614 2
      vertex 63.400000000000006 78.4 2
      vertex 63.374334584121435 78.00842142333985 2
    endloop
  endfacet
  facet normal 0 0 1
    outer loop
      vertex 70.19999999999999 33.4 2
      vertex 70.10459231360939 111.67530667371294 2
      vertex 70.17604561184666 33.76547333821614 2
    endloop
  endfacet
  facet normal 0 0 1
    outer loop
      vertex 70.17604561184666 33.76547333821614 2
      vertex 70.10459231360939 111.67530667371294 2
      vertex 63.400000000000006 78.4 2
    endloop
  endfacet
  facet normal 0 0 1
    outer loop
      vertex 70.4 4 2
      vertex 70.17604561184666 112.03452666178384 2
      vertex 70.10459231360939 111.67530667371294 2
    endloop
  endfacet
  facet normal 0 0 1
    outer loop
      vertex 70.4 4 2
      vertex 70.19999999999999 112.39999999999999 2
      vertex 70.17604561184666 112.03452666178384 2
    endloop
  endfacet
  facet normal 0 0 1
    outer loop
      vertex 70.4 4 2
      vertex 70.4 113.80000000000001 2
      vertex 70.19999999999999 112.39999999999999 2
    endloop
  endfacet
  facet normal 0 0 1
    outer loop
      vertex 58.27867965644036 80.52132034355965 2
      vertex 58.57371571297384 80.7800600208737 2
      vertex 58.57371571297384 108.0199399791263 2
    endloop
  endfacet
  facet normal 0 0 1
    outer loop
      vertex 58.57371571297384 80.7800600208737 2
      vertex 58.900000000000006 80.99807621135332 2
      vertex 58.900000000000006 107.80192378864669 2
    endloop
  endfacet
  facet normal 0 0 1
    outer loop
      vertex 58.900000000000006 80.99807621135332 2
      vertex 59.25194970290474 81.17163859753387 2
      vertex 59.25194970290474 107.62836140246614 2
    endloop
  endfacet
  facet normal 0 0 1
    outer loop
      vertex 58.27867965644036 80.52132034355965 2
      vertex 58.57371571297384 108.0199399791263 2
      vertex 58.27867965644036 108.27867965644036 2
    endloop
  endfacet
  facet normal 0 0 1
    outer loop
      vertex 58.57371571297384 80.7800600208737 2
      vertex 58.900000000000006 107.80192378864669 2
      vertex 58.57371571297384 108.0199399791263 2
    endloop
  endfacet
  facet normal 0 0 1
    outer loop
      vertex 58.900000000000006 80.99807621135332 2
      vertex 59.25194970290474 107.62836140246614 2
      vertex 58.900000000000006 107.80192378864669 2
    endloop
  endfacet
  facet normal 0 0 1
    outer loop
      vertex 59.25194970290474 81.17163859753387 2
      vertex 59.623542864692446 81.2977774788672 2
      vertex 59.623542864692446 107.50222252113281 2
    endloop
  endfacet
  facet normal 0 0 1
    outer loop
      vertex 59.623542864692446 81.2977774788672 2
      vertex 60.008421423339854 81.37433458412144 2
      vertex 65.69546799877557 110.17861064718453 2
    endloop
  endfacet
  facet normal 0 0 1
    outer loop
      vertex 60.008421423339854 81.37433458412144 2
      vertex 60.400000000000006 81.4 2
      vertex 66.67530667371294 109.6954076863906 2
    endloop
  endfacet
  facet normal 0 0 1
    outer loop
      vertex 60.400000000000006 81.4 2
      vertex 60.79157857666016 81.37433458412144 2
      vertex 66.67530667371294 109.6954076863906 2
    endloop
  endfacet
  facet normal 0 0 1
    outer loop
      vertex 60.79157857666016 81.37433458412144 2
      vertex 61.176457135307565 81.2977774788672 2
      vertex 66.67530667371294 109.6954076863906 2
    endloop
  endfacet
  facet normal 0 0 1
    outer loop
      vertex 61.176457135307565 81.2977774788672 2
      vertex 61.54805029709527 81.17163859753387 2
      vertex 66.67530667371294 109.6954076863906 2
    endloop
  endfacet
  facet normal 0 0 1
    outer loop
      vertex 61.54805029709527 81.17163859753387 2
      vertex 61.900000000000006 80.99807621135332 2
      vertex 67.03452666178384 109.62395438815332 2
    endloop
  endfacet
  facet normal 0 0 1
    outer loop
      vertex 59.25194970290474 81.17163859753387 2
      vertex 59.623542864692446 107.50222252113281 2
      vertex 59.25194970290474 107.62836140246614 2
    endloop
  endfacet
  facet normal 0 0 1
    outer loop
      vertex 59.623542864692446 81.2977774788672 2
      vertex 60.008421423339854 107.42566541587857 2
      vertex 59.623542864692446 107.50222252113281 2
    endloop
  endfacet
  facet normal 0 0 1
    outer loop
      vertex 59.623542864692446 81.2977774788672 2
      vertex 60.400000000000006 107.4 2
      vertex 60.008421423339854 107.42566541587857 2
    endloop
  endfacet
  facet normal 0 0 1
    outer loop
      vertex 59.623542864692446 81.2977774788672 2
      vertex 60.79157857666016 107.42566541587857 2
      vertex 60.400000000000006 107.4 2
    endloop
  endfacet
  facet normal 0 0 1
    outer loop
      vertex 59.623542864692446 81.2977774788672 2
      vertex 61.176457135307565 107.50222252113281 2
      vertex 60.79157857666016 107.42566541587857 2
    endloop
  endfacet
  facet normal 0 0 1
    outer loop
      vertex 59.623542864692446 81.2977774788672 2
      vertex 61.54805029709527 107.62836140246614 2
      vertex 61.176457135307565 107.50222252113281 2
    endloop
  endfacet
  facet normal 0 0 1
    outer loop
      vertex 59.623542864692446 81.2977774788672 2
      vertex 61.900000000000006 107.80192378864669 2
      vertex 61.54805029709527 107.62836140246614 2
    endloop
  endfacet
  facet normal 0 0 1
    outer loop
      vertex 59.623542864692446 81.2977774788672 2
      vertex 62.22628428702617 108.0199399791263 2
      vertex 61.900000000000006 107.80192378864669 2
    endloop
  endfacet
  facet normal 0 0 1
    outer loop
      vertex 59.623542864692446 81.2977774788672 2
      vertex 62.52132034355965 108.27867965644036 2
      vertex 62.22628428702617 108.0199399791263 2
    endloop
  endfacet
  facet normal 0 0 1
    outer loop
      vertex 59.623542864692446 81.2977774788672 2
      vertex 62.78006002087371 108.57371571297385 2
      vertex 62.52132034355965 108.27867965644036 2
    endloop
  endfacet
  facet normal 0 0 1
    outer loop
      vertex 59.623542864692446 81.2977774788672 2
      vertex 62.99807621135332 108.9 2
      vertex 62.78006002087371 108.57371571297385 2
    endloop
  endfacet
  facet normal 0 0 1
    outer loop
      vertex 59.623542864692446 81.2977774788672 2
      vertex 63.171638597533864 109.25194970290474 2
      vertex 62.99807621135332 108.9 2
    endloop
  endfacet
  facet normal 0 0 1
    outer loop
      vertex 59.623542864692446 81.2977774788672 2
      vertex 63.29777747886721 109.62354286469244 2
      vertex 63.171638597533864 109.25194970290474 2
    endloop
  endfacet
  facet normal 0 0 1
    outer loop
      vertex 59.623542864692446 81.2977774788672 2
      vertex 65.69546799877557 110.17861064718453 2
      vertex 63.29777747886721 109.62354286469244 2
    endloop
  endfacet
  facet normal 0 0 1
    outer loop
      vertex 60.400000000000006 113.4 2
      vertex 60.79157857666016 113.37433458412144 2
      vertex 64.8131373089684 113.47151361062224 2
    endloop
  endfacet
  facet normal 0 0 1
    outer loop
      vertex 60.79157857666016 113.37433458412144 2
      vertex 61.176457135307565 113.2977774788672 2
      vertex 64.8131373089684 113.47151361062224 2
    endloop
  endfacet
  facet normal 0 0 1
    outer loop
      vertex 61.176457135307565 113.2977774788672 2
      vertex 61.54805029709527 113.17163859753387 2
      vertex 64.8131373089684 113.47151361062224 2
    endloop
  endfacet
  facet normal 0 0 1
    outer loop
      vertex 62.78006002087371 112.22628428702616 2
      vertex 62.99807621135332 111.9 2
      vertex 64.6 112.39999999999999 2
    endloop
  endfacet
  facet normal 0 0 1
    outer loop
      vertex 62.99807621135332 111.9 2
      vertex 63.171638597533864 111.54805029709527 2
      vertex 64.62395438815332 112.03452666178384 2
    endloop
  endfacet
  facet normal 0 0 1
    outer loop
      vertex 61.900000000000006 112.99807621135332 2
      vertex 62.22628428702617 112.7800600208737 2
      vertex 64.8131373089684 113.47151361062224 2
    endloop
  endfacet
  facet normal 0 0 1
    outer loop
      vertex 61.54805029709527 113.17163859753387 2
      vertex 61.900000000000006 112.99807621135332 2
      vertex 64.8131373089684 113.47151361062224 2
    endloop
  endfacet
  facet normal 0 0 1
    outer loop
      vertex 62.52132034355965 112.52132034355965 2
      vertex 62.78006002087371 112.22628428702616 2
      vertex 64.62395438815332 112.76547333821614 2
    endloop
  endfacet
  facet normal 0 0 1
    outer loop
      vertex 62.22628428702617 112.7800600208737 2
      vertex 62.52132034355965 112.52132034355965 2
      vertex 64.6954076863906 113.12469332628704 2
    endloop
  endfacet
  facet normal 0 0 1
    outer loop
      vertex 62.52132034355965 80.52132034355965 2
      vertex 62.78006002087371 80.22628428702616 2
      vertex 67.03452666178384 109.62395438815332 2
    endloop
  endfacet
  facet normal 0 0 1
    outer loop
      vertex 62.99807621135332 79.9 2
      vertex 63.171638597533864 79.54805029709527 2
      vertex 67.39999999999999 109.6 2
    endloop
  endfacet
  facet normal 0 0 1
    outer loop
      vertex 62.99807621135332 79.9 2
      vertex 67.03452666178384 109.62395438815332 2
      vertex 62.78006002087371 80.22628428702616 2
    endloop
  endfacet
  facet normal 0 0 1
    outer loop
      vertex 63.171638597533864 79.54805029709527 2
      vertex 63.29777747886721 79.17645713530757 2
      vertex 67.39999999999999 109.6 2
    endloop
  endfacet
  facet normal 0 0 1
    outer loop
      vertex 62.22628428702617 80.7800600208737 2
      vertex 67.03452666178384 109.62395438815332 2
      vertex 61.900000000000006 80.99807621135332 2
    endloop
  endfacet
  facet normal 0 0 1
    outer loop
      vertex 62.22628428702617 80.7800600208737 2
      vertex 62.52132034355965 80.52132034355965 2
      vertex 67.03452666178384 109.62395438815332 2
    endloop
  endfacet
  facet normal 0 0 1
    outer loop
      vertex 63.400000000000006 78.4 2
      vertex 69.10453200122441 110.17861064718453 2
      vertex 63.374334584121435 78.79157857666016 2
    endloop
  endfacet
  facet normal 0 0 1
    outer loop
      vertex 63.374334584121435 78.79157857666016 2
      vertex 68.8 109.97512886940356 2
      vertex 63.29777747886721 79.17645713530757 2
    endloop
  endfacet
  facet normal 0 0 1
    outer loop
      vertex 60.008421423339854 81.37433458412144 2
      vertex 65.99999999999999 109.97512886940356 2
      vertex 65.69546799877557 110.17861064718453 2
    endloop
  endfacet
  facet normal 0 0 1
    outer loop
      vertex 60.008421423339854 81.37433458412144 2
      vertex 66.32848638937774 109.8131373089684 2
      vertex 65.99999999999999 109.97512886940356 2
    endloop
  endfacet
  facet normal 0 0 1
    outer loop
      vertex 60.008421423339854 81.37433458412144 2
      vertex 66.67530667371294 109.6954076863906 2
      vertex 66.32848638937774 109.8131373089684 2
    endloop
  endfacet
  facet normal 0 0 1
    outer loop
      vertex 61.54805029709527 81.17163859753387 2
      vertex 67.03452666178384 109.62395438815332 2
      vertex 66.67530667371294 109.6954076863906 2
    endloop
  endfacet
  facet normal 0 0 1
    outer loop
      vertex 62.99807621135332 79.9 2
      vertex 67.39999999999999 109.6 2
      vertex 67.03452666178384 109.62395438815332 2
    endloop
  endfacet
  facet normal 0 0 1
    outer loop
      vertex 63.29777747886721 79.17645713530757 2
      vertex 67.76547333821614 109.62395438815332 2
      vertex 67.39999999999999 109.6 2
    endloop
  endfacet
  facet normal 0 0 1
    outer loop
      vertex 63.29777747886721 79.17645713530757 2
      vertex 68.12469332628704 109.6954076863906 2
      vertex 67.76547333821614 109.62395438815332 2
    endloop
  endfacet
  facet normal 0 0 1
    outer loop
      vertex 63.29777747886721 79.17645713530757 2
      vertex 68.47151361062224 109.8131373089684 2
      vertex 68.12469332628704 109.6954076863906 2
    endloop
  endfacet
  facet normal 0 0 1
    outer loop
      vertex 63.29777747886721 79.17645713530757 2
      vertex 68.8 109.97512886940356 2
      vertex 68.47151361062224 109.8131373089684 2
    endloop
  endfacet
  facet normal 0 0 1
    outer loop
      vertex 63.374334584121435 78.79157857666016 2
      vertex 69.10453200122441 110.17861064718453 2
      vertex 68.8 109.97512886940356 2
    endloop
  endfacet
  facet normal 0 0 1
    outer loop
      vertex 63.400000000000006 78.4 2
      vertex 69.37989898732232 110.42010101267766 2
      vertex 69.10453200122441 110.17861064718453 2
    endloop
  endfacet
  facet normal 0 0 1
    outer loop
      vertex 63.400000000000006 78.4 2
      vertex 69.62138935281546 110.69546799877557 2
      vertex 69.37989898732232 110.42010101267766 2
    endloop
  endfacet
  facet normal 0 0 1
    outer loop
      vertex 63.400000000000006 78.4 2
      vertex 69.82487113059642 110.99999999999999 2
      vertex 69.62138935281546 110.69546799877557 2
    endloop
  endfacet
  facet normal 0 0 1
    outer loop
      vertex 63.400000000000006 78.4 2
      vertex 69.98686269103159 111.32848638937774 2
      vertex 69.82487113059642 110.99999999999999 2
    endloop
  endfacet
  facet normal 0 0 1
    outer loop
      vertex 63.400000000000006 78.4 2
      vertex 70.10459231360939 111.67530667371294 2
      vertex 69.98686269103159 111.32848638937774 2
    endloop
  endfacet
  facet normal 0 0 1
    outer loop
      vertex 63.29777747886721 109.62354286469244 2
      vertex 65.42010101267766 110.42010101267766 2
      vertex 63.374334584121435 110.00842142333985 2
    endloop
  endfacet
  facet normal 0 0 1
    outer loop
      vertex 63.374334584121435 110.00842142333985 2
      vertex 65.42010101267766 110.42010101267766 2
      vertex 63.400000000000006 110.4 2
    endloop
  endfacet
  facet normal 0 0 1
    outer loop
      vertex 63.29777747886721 109.62354286469244 2
      vertex 65.69546799877557 110.17861064718453 2
      vertex 65.42010101267766 110.42010101267766 2
    endloop
  endfacet
  facet normal 0 0 1
    outer loop
      vertex 63.400000000000006 110.4 2
      vertex 64.97512886940356 110.99999999999999 2
      vertex 63.374334584121435 110.79157857666016 2
    endloop
  endfacet
  facet normal 0 0 1
    outer loop
      vertex 63.374334584121435 110.79157857666016 2
      vertex 64.8131373089684 111.32848638937774 2
      vertex 63.29777747886721 111.17645713530757 2
    endloop
  endfacet
  facet normal 0 0 1
    outer loop
      vertex 63.29777747886721 111.17645713530757 2
      vertex 64.6954076863906 111.67530667371294 2
      vertex 63.171638597533864 111.54805029709527 2
    endloop
  endfacet
  facet normal 0 0 1
    outer loop
      vertex 63.171638597533864 111.54805029709527 2
      vertex 64.6954076863906 111.67530667371294 2
      vertex 64.62395438815332 112.03452666178384 2
    endloop
  endfacet
  facet normal 0 0 1
    outer loop
      vertex 62.99807621135332 111.9 2
      vertex 64.62395438815332 112.03452666178384 2
      vertex 64.6 112.39999999999999 2
    endloop
  endfacet
  facet normal 0 0 1
    outer loop
      vertex 63.400000000000006 110.4 2
      vertex 65.17861064718453 110.69546799877557 2
      vertex 64.97512886940356 110.99999999999999 2
    endloop
  endfacet
  facet normal 0 0 1
    outer loop
      vertex 63.374334584121435 110.79157857666016 2
      vertex 64.97512886940356 110.99999999999999 2
      vertex 64.8131373089684 111.32848638937774 2
    endloop
  endfacet
  facet normal 0 0 1
    outer loop
      vertex 63.400000000000006 110.4 2
      vertex 65.42010101267766 110.42010101267766 2
      vertex 65.17861064718453 110.69546799877557 2
    endloop
  endfacet
  facet normal 0 0 1
    outer loop
      vertex 63.29777747886721 111.17645713530757 2
      vertex 64.8131373089684 111.32848638937774 2
      vertex 64.6954076863906 111.67530667371294 2
    endloop
  endfacet
  facet normal 0 0 1
    outer loop
      vertex 62.52132034355965 112.52132034355965 2
      vertex 64.62395438815332 112.76547333821614 2
      vertex 64.6954076863906 113.12469332628704 2
    endloop
  endfacet
  facet normal 0 0 1
    outer loop
      vertex 62.22628428702617 112.7800600208737 2
      vertex 64.6954076863906 113.12469332628704 2
      vertex 64.8131373089684 113.47151361062224 2
    endloop
  endfacet
  facet normal 0 0 1
    outer loop
      vertex 62.78006002087371 112.22628428702616 2
      vertex 64.6 112.39999999999999 2
      vertex 64.62395438815332 112.76547333821614 2
    endloop
  endfacet
  facet normal 0 0 1
    outer loop
      vertex 67.39999999999999 115.19999999999999 2
      vertex 67.76547333821614 115.17604561184666 2
      vertex 68.80000000000001 115.4 2
    endloop
  endfacet
  facet normal 0 0 1
    outer loop
      vertex 67.76547333821614 115.17604561184666 2
      vertex 68.12469332628704 115.10459231360939 2
      vertex 68.80000000000001 115.4 2
    endloop
  endfacet
  facet normal 0 0 1
    outer loop
      vertex 70.19999999999999 112.39999999999999 2
      vertex 70.4 113.80000000000001 2
      vertex 70.17604561184666 112.76547333821614 2
    endloop
  endfacet
  facet normal 0 0 1
    outer loop
      vertex 70.17604561184666 112.76547333821614 2
      vertex 70.18564064605512 114.60000000000001 2
      vertex 70.10459231360939 113.12469332628704 2
    endloop
  endfacet
  facet normal 0 0 1
    outer loop
      vertex 70.10459231360939 113.12469332628704 2
      vertex 70.18564064605512 114.60000000000001 2
      vertex 69.98686269103159 113.47151361062224 2
    endloop
  endfacet
  facet normal 0 0 1
    outer loop
      vertex 69.82487113059642 113.8 2
      vertex 69.98686269103159 113.47151361062224 2
      vertex 70.18564064605512 114.60000000000001 2
    endloop
  endfacet
  facet normal 0 0 1
    outer loop
      vertex 70.17604561184666 112.76547333821614 2
      vertex 70.4 113.80000000000001 2
      vertex 70.18564064605512 114.60000000000001 2
    endloop
  endfacet
  facet normal 0 0 1
    outer loop
      vertex 70.4 113.80000000000001 2
      vertex 70.3863117781981 114.0088419075521 2
      vertex 70.34548132206253 114.21411047216404 2
    endloop
  endfacet
  facet normal 0 0 1
    outer loop
      vertex 68.12469332628704 115.10459231360939 2
      vertex 68.47151361062224 114.98686269103159 2
      vertex 68.80000000000001 115.4 2
    endloop
  endfacet
  facet normal 0 0 1
    outer loop
      vertex 68.47151361062224 114.98686269103159 2
      vertex 68.8 114.82487113059642 2
      vertex 68.80000000000001 115.4 2
    endloop
  endfacet
  facet normal 0 0 1
    outer loop
      vertex 68.8 114.82487113059642 2
      vertex 69.10453200122441 114.62138935281546 2
      vertex 68.80000000000001 115.4 2
    endloop
  endfacet
  facet normal 0 0 1
    outer loop
      vertex 68.80000000000001 115.4 2
      vertex 69.10453200122441 114.62138935281546 2
      vertex 70.18564064605512 114.60000000000001 2
    endloop
  endfacet
  facet normal 0 0 1
    outer loop
      vertex 68.80000000000001 115.4 2
      vertex 69.21411047216404 115.34548132206253 2
      vertex 69.0088419075521 115.3863117781981 2
    endloop
  endfacet
  facet normal 0 0 1
    outer loop
      vertex 68.80000000000001 115.4 2
      vertex 69.60000000000001 115.18564064605512 2
      vertex 69.21411047216404 115.34548132206253 2
    endloop
  endfacet
  facet normal 0 0 1
    outer loop
      vertex 69.37989898732232 114.37989898732232 2
      vertex 70.18564064605512 114.60000000000001 2
      vertex 69.10453200122441 114.62138935281546 2
    endloop
  endfacet
  facet normal 0 0 1
    outer loop
      vertex 69.62138935281546 114.10453200122441 2
      vertex 70.18564064605512 114.60000000000001 2
      vertex 69.37989898732232 114.37989898732232 2
    endloop
  endfacet
  facet normal 0 0 1
    outer loop
      vertex 69.62138935281546 114.10453200122441 2
      vertex 69.82487113059642 113.8 2
      vertex 70.18564064605512 114.60000000000001 2
    endloop
  endfacet
  facet normal 0 0 1
    outer loop
      vertex 69.93137084989849 114.93137084989849 2
      vertex 69.60000000000001 115.18564064605512 2
      vertex 70.18564064605512 114.60000000000001 2
    endloop
  endfacet
  facet normal 0 0 1
    outer loop
      vertex 68.80000000000001 115.4 2
      vertex 70.18564064605512 114.60000000000001 2
      vertex 69.60000000000001 115.18564064605512 2
    endloop
  endfacet
  facet normal 0 0 1
    outer loop
      vertex 69.21411047216404 115.34548132206253 2
      vertex 69.60000000000001 115.18564064605512 2
      vertex 69.41229349178415 115.27820725201806 2
    endloop
  endfacet
  facet normal 0 0 1
    outer loop
      vertex 69.93137084989849 114.93137084989849 2
      vertex 69.77401828641396 115.069365344466 2
      vertex 69.60000000000001 115.18564064605512 2
    endloop
  endfacet
  facet normal 0 0 1
    outer loop
      vertex 69.93137084989849 114.93137084989849 2
      vertex 70.18564064605512 114.60000000000001 2
      vertex 70.069365344466 114.77401828641396 2
    endloop
  endfacet
  facet normal 0 0 1
    outer loop
      vertex 70.4 113.80000000000001 2
      vertex 70.34548132206253 114.21411047216404 2
      vertex 70.18564064605512 114.60000000000001 2
    endloop
  endfacet
  facet normal 0 0 1
    outer loop
      vertex 70.18564064605512 114.60000000000001 2
      vertex 70.34548132206253 114.21411047216404 2
      vertex 70.27820725201806 114.41229349178415 2
    endloop
  endfacet
  facet normal 0 -1 0
    outer loop
      vertex 68.80000000000001 115.4 2
      vertex 68.80000000000001 115.4 17
      vertex 45.4 115.4 6
    endloop
  endfacet
  facet normal -0.980785280403235 -0.1950903220161053 0
    outer loop
      vertex 70.3863117781981 114.0088419075521 2
      vertex 70.3863117781981 114.0088419075521 17
      vertex 70.34548132206253 114.21411047216404 2
    endloop
  endfacet
  facet normal -0.9978589232386048 -0.0654031292301249 0
    outer loop
      vertex 70.4 113.80000000000001 2
      vertex 70.4 113.80000000000001 17
      vertex 70.3863117781981 114.0088419075521 2
    endloop
  endfacet
  facet normal -0.0654031292301249 -0.9978589232386048 -3.3735889804788402e-21
    outer loop
      vertex 68.80000000000001 115.4 2
      vertex 69.0088419075521 115.3863117781981 2
      vertex 69.0088419075521 115.3863117781981 17
    endloop
  endfacet
  facet normal -0.1950903220161053 -0.980785280403235 -2.6976632804623577e-19
    outer loop
      vertex 69.0088419075521 115.3863117781981 2
      vertex 69.21411047216404 115.34548132206253 2
      vertex 69.21411047216404 115.34548132206253 17
    endloop
  endfacet
  facet normal -0.32143946530320133 -0.9469301294950923 2.596075868843619e-19
    outer loop
      vertex 69.21411047216404 115.34548132206253 2
      vertex 69.41229349178415 115.27820725201806 2
      vertex 69.41229349178415 115.27820725201806 17
    endloop
  endfacet
  facet normal -0.6593458151000905 -0.7518398074789585 0
    outer loop
      vertex 69.93137084989849 114.93137084989849 2
      vertex 69.93137084989849 114.93137084989849 17
      vertex 69.77401828641396 115.069365344466 2
    endloop
  endfacet
  facet normal -0.4422886902189545 -0.8968727415327113 -4.557636519087007e-19
    outer loop
      vertex 69.41229349178415 115.27820725201806 2
      vertex 69.60000000000001 115.18564064605512 2
      vertex 69.60000000000001 115.18564064605512 17
    endloop
  endfacet
  facet normal -0.5555702330196042 -0.8314696123025439 3.573381335143556e-19
    outer loop
      vertex 69.60000000000001 115.18564064605512 2
      vertex 69.77401828641396 115.069365344466 2
      vertex 69.77401828641396 115.069365344466 17
    endloop
  endfacet
  facet normal -0.7518398074789585 -0.6593458151000905 -5.4548016813512045e-19
    outer loop
      vertex 69.93137084989849 114.93137084989849 2
      vertex 70.069365344466 114.77401828641396 2
      vertex 70.069365344466 114.77401828641396 17
    endloop
  endfacet
  facet normal -0.8314696123025439 -0.5555702330196042 3.573381335143556e-19
    outer loop
      vertex 70.069365344466 114.77401828641396 2
      vertex 70.18564064605512 114.60000000000001 2
      vertex 70.18564064605512 114.60000000000001 17
    endloop
  endfacet
  facet normal -0.9469301294950923 -0.32143946530320133 0
    outer loop
      vertex 70.34548132206253 114.21411047216404 2
      vertex 70.34548132206253 114.21411047216404 17
      vertex 70.27820725201806 114.41229349178415 2
    endloop
  endfacet
  facet normal -0.8968727415327113 -0.4422886902189545 -4.557636519087007e-19
    outer loop
      vertex 70.18564064605512 114.60000000000001 2
      vertex 70.27820725201806 114.41229349178415 2
      vertex 70.27820725201806 114.41229349178415 17
    endloop
  endfacet
  facet normal 0 -1 0
    outer loop
      vertex 68.80000000000001 115.4 17
      vertex 45.4 115.4 14.100000000000001
      vertex 45.4 115.4 6
    endloop
  endfacet
  facet normal 0 -1 0
    outer loop
      vertex 4 115.4 17
      vertex 45.4 115.4 14.100000000000001
      vertex 68.80000000000001 115.4 17
    endloop
  endfacet
  facet normal -1 0 0
    outer loop
      vertex 70.4 4 17
      vertex 70.4 113.80000000000001 17
      vertex 70.4 113.80000000000001 2
    endloop
  endfacet
  facet normal -0.9978589232386048 -0.0654031292301249 0
    outer loop
      vertex 70.3863117781981 114.0088419075521 2
      vertex 70.4 113.80000000000001 17
      vertex 70.3863117781981 114.0088419075521 17
    endloop
  endfacet
  facet normal -0.0654031292301249 -0.9978589232386048 0
    outer loop
      vertex 68.80000000000001 115.4 2
      vertex 69.0088419075521 115.3863117781981 17
      vertex 68.80000000000001 115.4 17
    endloop
  endfacet
  facet normal -0.1950903220161053 -0.980785280403235 0
    outer loop
      vertex 69.0088419075521 115.3863117781981 2
      vertex 69.21411047216404 115.34548132206253 17
      vertex 69.0088419075521 115.3863117781981 17
    endloop
  endfacet
  facet normal -0.32143946530320133 -0.9469301294950923 0
    outer loop
      vertex 69.21411047216404 115.34548132206253 2
      vertex 69.41229349178415 115.27820725201806 17
      vertex 69.21411047216404 115.34548132206253 17
    endloop
  endfacet
  facet normal -0.6593458151000905 -0.7518398074789585 0
    outer loop
      vertex 69.77401828641396 115.069365344466 2
      vertex 69.93137084989849 114.93137084989849 17
      vertex 69.77401828641396 115.069365344466 17
    endloop
  endfacet
  facet normal -0.4422886902189545 -0.8968727415327113 0
    outer loop
      vertex 69.41229349178415 115.27820725201806 2
      vertex 69.60000000000001 115.18564064605512 17
      vertex 69.41229349178415 115.27820725201806 17
    endloop
  endfacet
  facet normal -0.5555702330196042 -0.8314696123025439 0
    outer loop
      vertex 69.60000000000001 115.18564064605512 2
      vertex 69.77401828641396 115.069365344466 17
      vertex 69.60000000000001 115.18564064605512 17
    endloop
  endfacet
  facet normal -0.8968727415327113 -0.4422886902189545 0
    outer loop
      vertex 70.18564064605512 114.60000000000001 2
      vertex 70.27820725201806 114.41229349178415 17
      vertex 70.18564064605512 114.60000000000001 17
    endloop
  endfacet
  facet normal -0.7518398074789585 -0.6593458151000905 0
    outer loop
      vertex 69.93137084989849 114.93137084989849 2
      vertex 70.069365344466 114.77401828641396 17
      vertex 69.93137084989849 114.93137084989849 17
    endloop
  endfacet
  facet normal -0.8314696123025439 -0.5555702330196042 0
    outer loop
      vertex 70.069365344466 114.77401828641396 2
      vertex 70.18564064605512 114.60000000000001 17
      vertex 70.069365344466 114.77401828641396 17
    endloop
  endfacet
  facet normal -0.9469301294950923 -0.32143946530320133 0
    outer loop
      vertex 70.27820725201806 114.41229349178415 2
      vertex 70.34548132206253 114.21411047216404 17
      vertex 70.27820725201806 114.41229349178415 17
    endloop
  endfacet
  facet normal -0.980785280403235 -0.1950903220161053 0
    outer loop
      vertex 70.34548132206253 114.21411047216404 2
      vertex 70.3863117781981 114.0088419075521 17
      vertex 70.34548132206253 114.21411047216404 17
    endloop
  endfacet
  facet normal -0.7518398074789776 -0.6593458151000687 -7.413326733225101e-19
    outer loop
      vertex 3.420101012677667 3.420101012677667 2
      vertex 3.178610647184542 3.6954679987755825 17
      vertex 3.178610647184542 3.6954679987755825 2
    endloop
  endfacet
  facet normal -0.6593458151000687 -0.7518398074789776 0
    outer loop
      vertex 3.6954679987755825 3.178610647184542 2
      vertex 3.6954679987755825 3.178610647184542 17
      vertex 3.420101012677667 3.420101012677667 2
    endloop
  endfacet
  facet normal -0.5555702330196021 -0.8314696123025453 4.967749406391303e-19
    outer loop
      vertex 3.6954679987755825 3.178610647184542 2
      vertex 4 2.9751288694035725 2
      vertex 4 2.9751288694035725 17
    endloop
  endfacet
  facet normal -0.4422886902190004 -0.8968727415326887 -5.343731808788272e-19
    outer loop
      vertex 4 2.9751288694035725 2
      vertex 4.328486389377749 2.8131373089683978 2
      vertex 4.328486389377749 2.8131373089683978 17
    endloop
  endfacet
  facet normal -0.9469301294951052 -0.3214394653031627 -2.543676299914782e-19
    outer loop
      vertex 2.8131373089683978 4.328486389377749 2
      vertex 2.695407686390609 4.675306673712942 17
      vertex 2.695407686390609 4.675306673712942 2
    endloop
  endfacet
  facet normal -0.9807852804032308 -0.19509032201612728 -1.245591800916756e-20
    outer loop
      vertex 2.695407686390609 4.675306673712942 2
      vertex 2.6239543881533316 5.034526661783856 17
      vertex 2.6239543881533316 5.034526661783856 2
    endloop
  endfacet
  facet normal -0.9978589232386035 -0.06540312923014363 1.4714918804608042e-19
    outer loop
      vertex 2.6239543881533316 5.034526661783856 2
      vertex 2.6000000000000005 5.4 17
      vertex 2.6000000000000005 5.4 2
    endloop
  endfacet
  facet normal -0.8314696123025453 -0.5555702330196021 0
    outer loop
      vertex 2.9751288694035725 4 2
      vertex 3.178610647184542 3.6954679987755825 2
      vertex 2.9751288694035725 4 17
    endloop
  endfacet
  facet normal -0.8968727415326887 -0.4422886902190004 0
    outer loop
      vertex 2.8131373089683978 4.328486389377749 2
      vertex 2.9751288694035725 4 2
      vertex 2.8131373089683978 4.328486389377749 17
    endloop
  endfacet
  facet normal -0.9978589232386035 0.06540312923014363 -1.4714918804608042e-19
    outer loop
      vertex 2.6000000000000005 5.4 2
      vertex 2.6239543881533316 5.765473338216145 17
      vertex 2.6239543881533316 5.765473338216145 2
    endloop
  endfacet
  facet normal -0.9807852804032308 0.19509032201612728 1.245591800916756e-20
    outer loop
      vertex 2.6239543881533316 5.765473338216145 2
      vertex 2.695407686390609 6.124693326287058 17
      vertex 2.695407686390609 6.124693326287058 2
    endloop
  endfacet
  facet normal -0.9469301294951052 0.3214394653031627 2.543676299914782e-19
    outer loop
      vertex 2.695407686390609 6.124693326287058 2
      vertex 2.8131373089683978 6.471513610622251 17
      vertex 2.8131373089683978 6.471513610622251 2
    endloop
  endfacet
  facet normal -0.8968727415326887 0.4422886902190004 5.343731808788272e-19
    outer loop
      vertex 2.8131373089683978 6.471513610622251 2
      vertex 2.9751288694035725 6.800000000000001 17
      vertex 2.9751288694035725 6.800000000000001 2
    endloop
  endfacet
  facet normal -0.8314696123025457 0.5555702330196014 -4.679352759050529e-19
    outer loop
      vertex 2.9751288694035725 6.800000000000001 2
      vertex 3.178610647184542 7.104532001224419 17
      vertex 3.178610647184542 7.104532001224419 2
    endloop
  endfacet
  facet normal -0.7518398074789765 0.6593458151000698 -4.08989831204391e-19
    outer loop
      vertex 3.178610647184542 7.104532001224419 2
      vertex 3.420101012677667 7.379898987322333 17
      vertex 3.420101012677667 7.379898987322333 2
    endloop
  endfacet
  facet normal -0.6593458151000701 0.7518398074789764 0
    outer loop
      vertex 3.420101012677667 7.379898987322333 2
      vertex 3.420101012677667 7.379898987322333 17
      vertex 3.6954679987755825 7.621389352815459 2
    endloop
  endfacet
  facet normal -0.5555702330196004 0.8314696123025465 0
    outer loop
      vertex 3.6954679987755825 7.621389352815459 2
      vertex 3.6954679987755825 7.621389352815459 17
      vertex 4 7.824871130596428 2
    endloop
  endfacet
  facet normal -0.4422886902190014 0.8968727415326883 0
    outer loop
      vertex 4 7.824871130596428 2
      vertex 4 7.824871130596428 17
      vertex 4.328486389377749 7.986862691031603 2
    endloop
  endfacet
  facet normal -0.32143946530316164 0.9469301294951057 0
    outer loop
      vertex 4.328486389377749 7.986862691031603 2
      vertex 4.328486389377749 7.986862691031603 17
      vertex 4.675306673712942 8.104592313609391 2
    endloop
  endfacet
  facet normal -0.3214394653031627 -0.9469301294951052 -2.543676299914782e-19
    outer loop
      vertex 4.328486389377749 2.8131373089683978 2
      vertex 4.675306673712942 2.695407686390609 2
      vertex 4.675306673712942 2.695407686390609 17
    endloop
  endfacet
  facet normal -0.19509032201612728 -0.9807852804032308 -1.245591800916756e-20
    outer loop
      vertex 4.675306673712942 2.695407686390609 2
      vertex 5.034526661783856 2.6239543881533316 2
      vertex 5.034526661783856 2.6239543881533316 17
    endloop
  endfacet
  facet normal -0.06540312923014363 -0.9978589232386035 1.4714918804608042e-19
    outer loop
      vertex 5.034526661783856 2.6239543881533316 2
      vertex 5.4 2.6000000000000005 2
      vertex 5.4 2.6000000000000005 17
    endloop
  endfacet
  facet normal 0.06540312923014363 -0.9978589232386035 -1.4714918804608042e-19
    outer loop
      vertex 5.4 2.6000000000000005 2
      vertex 5.765473338216145 2.6239543881533316 2
      vertex 5.765473338216145 2.6239543881533316 17
    endloop
  endfacet
  facet normal 0.19509032201612728 -0.9807852804032308 1.245591800916756e-20
    outer loop
      vertex 5.765473338216145 2.6239543881533316 2
      vertex 6.124693326287058 2.695407686390609 2
      vertex 6.124693326287058 2.695407686390609 17
    endloop
  endfacet
  facet normal 0.3214394653031627 -0.9469301294951052 2.543676299914782e-19
    outer loop
      vertex 6.124693326287058 2.695407686390609 2
      vertex 6.471513610622251 2.8131373089683978 2
      vertex 6.471513610622251 2.8131373089683978 17
    endloop
  endfacet
  facet normal 0.4422886902190004 -0.8968727415326887 5.343731808788272e-19
    outer loop
      vertex 6.471513610622251 2.8131373089683978 2
      vertex 6.800000000000001 2.9751288694035725 2
      vertex 6.800000000000001 2.9751288694035725 17
    endloop
  endfacet
  facet normal 0.5555702330196014 -0.8314696123025457 -4.679352759050529e-19
    outer loop
      vertex 6.800000000000001 2.9751288694035725 2
      vertex 7.104532001224419 3.178610647184542 2
      vertex 7.104532001224419 3.178610647184542 17
    endloop
  endfacet
  facet normal 0.6593458151000698 -0.7518398074789765 -4.08989831204391e-19
    outer loop
      vertex 7.104532001224419 3.178610647184542 2
      vertex 7.379898987322333 3.420101012677667 2
      vertex 7.379898987322333 3.420101012677667 17
    endloop
  endfacet
  facet normal 0.7518398074789764 -0.6593458151000701 0
    outer loop
      vertex 7.379898987322333 3.420101012677667 2
      vertex 7.621389352815459 3.6954679987755825 2
      vertex 7.379898987322333 3.420101012677667 17
    endloop
  endfacet
  facet normal 0.8314696123025465 -0.5555702330196004 0
    outer loop
      vertex 7.621389352815459 3.6954679987755825 2
      vertex 7.824871130596428 4 2
      vertex 7.621389352815459 3.6954679987755825 17
    endloop
  endfacet
  facet normal 0.8968727415326883 -0.4422886902190014 0
    outer loop
      vertex 7.824871130596428 4 2
      vertex 7.986862691031603 4.328486389377749 2
      vertex 7.824871130596428 4 17
    endloop
  endfacet
  facet normal 0.7518398074789753 0.6593458151000713 0
    outer loop
      vertex 7.621389352815459 7.104532001224419 2
      vertex 7.379898987322333 7.379898987322333 2
      vertex 7.621389352815459 7.104532001224419 17
    endloop
  endfacet
  facet normal 0.8314696123025469 0.5555702330195998 4.427961960993483e-19
    outer loop
      vertex 7.621389352815459 7.104532001224419 2
      vertex 7.824871130596428 6.800000000000001 17
      vertex 7.824871130596428 6.800000000000001 2
    endloop
  endfacet
  facet normal 0.8968727415326883 0.4422886902190014 -5.635856179998572e-19
    outer loop
      vertex 7.824871130596428 6.800000000000001 2
      vertex 7.986862691031603 6.471513610622251 17
      vertex 7.986862691031603 6.471513610622251 2
    endloop
  endfacet
  facet normal 0.9469301294951057 -0.32143946530316164 0
    outer loop
      vertex 7.986862691031603 4.328486389377749 2
      vertex 8.104592313609391 4.675306673712942 2
      vertex 7.986862691031603 4.328486389377749 17
    endloop
  endfacet
  facet normal 0.9807852804032302 -0.1950903220161296 0
    outer loop
      vertex 8.104592313609391 4.675306673712942 2
      vertex 8.17604561184667 5.034526661783856 2
      vertex 8.104592313609391 4.675306673712942 17
    endloop
  endfacet
  facet normal 0.9978589232386037 -0.06540312923014001 0
    outer loop
      vertex 8.17604561184667 5.034526661783856 2
      vertex 8.2 5.4 2
      vertex 8.17604561184667 5.034526661783856 17
    endloop
  endfacet
  facet normal 0.9978589232386037 0.06540312923014001 0
    outer loop
      vertex 8.2 5.4 2
      vertex 8.17604561184667 5.765473338216145 2
      vertex 8.2 5.4 17
    endloop
  endfacet
  facet normal 0.9807852804032302 0.1950903220161296 0
    outer loop
      vertex 8.17604561184667 5.765473338216145 2
      vertex 8.104592313609391 6.124693326287058 2
      vertex 8.17604561184667 5.765473338216145 17
    endloop
  endfacet
  facet normal 0.9469301294951057 0.32143946530316164 0
    outer loop
      vertex 8.104592313609391 6.124693326287058 2
      vertex 7.986862691031603 6.471513610622251 2
      vertex 8.104592313609391 6.124693326287058 17
    endloop
  endfacet
  facet normal -0.1950903220161296 0.9807852804032302 0
    outer loop
      vertex 4.675306673712942 8.104592313609391 2
      vertex 4.675306673712942 8.104592313609391 17
      vertex 5.034526661783856 8.17604561184667 2
    endloop
  endfacet
  facet normal -0.06540312923014001 0.9978589232386037 0
    outer loop
      vertex 5.034526661783856 8.17604561184667 2
      vertex 5.034526661783856 8.17604561184667 17
      vertex 5.4 8.2 2
    endloop
  endfacet
  facet normal 0.06540312923014001 0.9978589232386037 0
    outer loop
      vertex 5.4 8.2 2
      vertex 5.4 8.2 17
      vertex 5.765473338216145 8.17604561184667 2
    endloop
  endfacet
  facet normal 0.1950903220161296 0.9807852804032302 0
    outer loop
      vertex 5.765473338216145 8.17604561184667 2
      vertex 5.765473338216145 8.17604561184667 17
      vertex 6.124693326287058 8.104592313609391 2
    endloop
  endfacet
  facet normal 0.32143946530316164 0.9469301294951057 0
    outer loop
      vertex 6.124693326287058 8.104592313609391 2
      vertex 6.124693326287058 8.104592313609391 17
      vertex 6.471513610622251 7.986862691031603 2
    endloop
  endfacet
  facet normal 0.4422886902190014 0.8968727415326883 0
    outer loop
      vertex 6.471513610622251 7.986862691031603 2
      vertex 6.471513610622251 7.986862691031603 17
      vertex 6.800000000000001 7.824871130596428 2
    endloop
  endfacet
  facet normal 0.5555702330195998 0.8314696123025469 0
    outer loop
      vertex 6.800000000000001 7.824871130596428 2
      vertex 6.800000000000001 7.824871130596428 17
      vertex 7.104532001224419 7.621389352815459 2
    endloop
  endfacet
  facet normal 0.6593458151000713 0.7518398074789753 0
    outer loop
      vertex 7.104532001224419 7.621389352815459 2
      vertex 7.104532001224419 7.621389352815459 17
      vertex 7.379898987322333 7.379898987322333 2
    endloop
  endfacet
  facet normal -0.7518398074789776 -0.6593458151000687 0
    outer loop
      vertex 3.420101012677667 3.420101012677667 2
      vertex 3.420101012677667 3.420101012677667 17
      vertex 3.178610647184542 3.6954679987755825 17
    endloop
  endfacet
  facet normal -0.6593458151000687 -0.7518398074789776 0
    outer loop
      vertex 3.420101012677667 3.420101012677667 2
      vertex 3.6954679987755825 3.178610647184542 17
      vertex 3.420101012677667 3.420101012677667 17
    endloop
  endfacet
  facet normal -0.5555702330196021 -0.8314696123025453 0
    outer loop
      vertex 3.6954679987755825 3.178610647184542 2
      vertex 4 2.9751288694035725 17
      vertex 3.6954679987755825 3.178610647184542 17
    endloop
  endfacet
  facet normal -0.4422886902190004 -0.8968727415326887 0
    outer loop
      vertex 4 2.9751288694035725 2
      vertex 4.328486389377749 2.8131373089683978 17
      vertex 4 2.9751288694035725 17
    endloop
  endfacet
  facet normal -0.3214394653031627 -0.9469301294951052 0
    outer loop
      vertex 4.328486389377749 2.8131373089683978 2
      vertex 4.675306673712942 2.695407686390609 17
      vertex 4.328486389377749 2.8131373089683978 17
    endloop
  endfacet
  facet normal -0.9469301294951052 -0.3214394653031627 0
    outer loop
      vertex 2.8131373089683978 4.328486389377749 2
      vertex 2.8131373089683978 4.328486389377749 17
      vertex 2.695407686390609 4.675306673712942 17
    endloop
  endfacet
  facet normal -0.9807852804032308 -0.19509032201612728 0
    outer loop
      vertex 2.695407686390609 4.675306673712942 2
      vertex 2.695407686390609 4.675306673712942 17
      vertex 2.6239543881533316 5.034526661783856 17
    endloop
  endfacet
  facet normal -0.9978589232386035 -0.06540312923014363 0
    outer loop
      vertex 2.6239543881533316 5.034526661783856 2
      vertex 2.6239543881533316 5.034526661783856 17
      vertex 2.6000000000000005 5.4 17
    endloop
  endfacet
  facet normal -0.9978589232386035 0.06540312923014363 0
    outer loop
      vertex 2.6000000000000005 5.4 2
      vertex 2.6000000000000005 5.4 17
      vertex 2.6239543881533316 5.765473338216145 17
    endloop
  endfacet
  facet normal -0.8968727415326887 -0.4422886902190004 0
    outer loop
      vertex 2.9751288694035725 4 2
      vertex 2.9751288694035725 4 17
      vertex 2.8131373089683978 4.328486389377749 17
    endloop
  endfacet
  facet normal -0.8314696123025453 -0.5555702330196021 0
    outer loop
      vertex 3.178610647184542 3.6954679987755825 2
      vertex 3.178610647184542 3.6954679987755825 17
      vertex 2.9751288694035725 4 17
    endloop
  endfacet
  facet normal -0.9807852804032308 0.19509032201612728 0
    outer loop
      vertex 2.6239543881533316 5.765473338216145 2
      vertex 2.6239543881533316 5.765473338216145 17
      vertex 2.695407686390609 6.124693326287058 17
    endloop
  endfacet
  facet normal -0.9469301294951052 0.3214394653031627 0
    outer loop
      vertex 2.695407686390609 6.124693326287058 2
      vertex 2.695407686390609 6.124693326287058 17
      vertex 2.8131373089683978 6.471513610622251 17
    endloop
  endfacet
  facet normal -0.8968727415326887 0.4422886902190004 0
    outer loop
      vertex 2.8131373089683978 6.471513610622251 2
      vertex 2.8131373089683978 6.471513610622251 17
      vertex 2.9751288694035725 6.800000000000001 17
    endloop
  endfacet
  facet normal -0.8314696123025457 0.5555702330196014 0
    outer loop
      vertex 2.9751288694035725 6.800000000000001 2
      vertex 2.9751288694035725 6.800000000000001 17
      vertex 3.178610647184542 7.104532001224419 17
    endloop
  endfacet
  facet normal -0.7518398074789765 0.6593458151000698 0
    outer loop
      vertex 3.178610647184542 7.104532001224419 2
      vertex 3.178610647184542 7.104532001224419 17
      vertex 3.420101012677667 7.379898987322333 17
    endloop
  endfacet
  facet normal -0.6593458151000701 0.7518398074789764 0
    outer loop
      vertex 3.6954679987755825 7.621389352815459 2
      vertex 3.420101012677667 7.379898987322333 17
      vertex 3.6954679987755825 7.621389352815459 17
    endloop
  endfacet
  facet normal -0.5555702330196004 0.8314696123025465 0
    outer loop
      vertex 4 7.824871130596428 2
      vertex 3.6954679987755825 7.621389352815459 17
      vertex 4 7.824871130596428 17
    endloop
  endfacet
  facet normal -0.4422886902190014 0.8968727415326883 0
    outer loop
      vertex 4.328486389377749 7.986862691031603 2
      vertex 4 7.824871130596428 17
      vertex 4.328486389377749 7.986862691031603 17
    endloop
  endfacet
  facet normal -0.19509032201612728 -0.9807852804032308 0
    outer loop
      vertex 4.675306673712942 2.695407686390609 2
      vertex 5.034526661783856 2.6239543881533316 17
      vertex 4.675306673712942 2.695407686390609 17
    endloop
  endfacet
  facet normal -0.06540312923014363 -0.9978589232386035 0
    outer loop
      vertex 5.034526661783856 2.6239543881533316 2
      vertex 5.4 2.6000000000000005 17
      vertex 5.034526661783856 2.6239543881533316 17
    endloop
  endfacet
  facet normal 0.06540312923014363 -0.9978589232386035 0
    outer loop
      vertex 5.4 2.6000000000000005 2
      vertex 5.765473338216145 2.6239543881533316 17
      vertex 5.4 2.6000000000000005 17
    endloop
  endfacet
  facet normal 0.19509032201612728 -0.9807852804032308 0
    outer loop
      vertex 5.765473338216145 2.6239543881533316 2
      vertex 6.124693326287058 2.695407686390609 17
      vertex 5.765473338216145 2.6239543881533316 17
    endloop
  endfacet
  facet normal 0.3214394653031627 -0.9469301294951052 0
    outer loop
      vertex 6.124693326287058 2.695407686390609 2
      vertex 6.471513610622251 2.8131373089683978 17
      vertex 6.124693326287058 2.695407686390609 17
    endloop
  endfacet
  facet normal 0.4422886902190004 -0.8968727415326887 0
    outer loop
      vertex 6.471513610622251 2.8131373089683978 2
      vertex 6.800000000000001 2.9751288694035725 17
      vertex 6.471513610622251 2.8131373089683978 17
    endloop
  endfacet
  facet normal 0.5555702330196014 -0.8314696123025457 0
    outer loop
      vertex 6.800000000000001 2.9751288694035725 2
      vertex 7.104532001224419 3.178610647184542 17
      vertex 6.800000000000001 2.9751288694035725 17
    endloop
  endfacet
  facet normal 0.6593458151000698 -0.7518398074789765 0
    outer loop
      vertex 7.104532001224419 3.178610647184542 2
      vertex 7.379898987322333 3.420101012677667 17
      vertex 7.104532001224419 3.178610647184542 17
    endloop
  endfacet
  facet normal 0.7518398074789764 -0.6593458151000701 0
    outer loop
      vertex 7.621389352815459 3.6954679987755825 2
      vertex 7.621389352815459 3.6954679987755825 17
      vertex 7.379898987322333 3.420101012677667 17
    endloop
  endfacet
  facet normal 0.8314696123025465 -0.5555702330196004 0
    outer loop
      vertex 7.824871130596428 4 2
      vertex 7.824871130596428 4 17
      vertex 7.621389352815459 3.6954679987755825 17
    endloop
  endfacet
  facet normal 0.8968727415326883 -0.4422886902190014 0
    outer loop
      vertex 7.986862691031603 4.328486389377749 2
      vertex 7.986862691031603 4.328486389377749 17
      vertex 7.824871130596428 4 17
    endloop
  endfacet
  facet normal 0.7518398074789753 0.6593458151000713 0
    outer loop
      vertex 7.379898987322333 7.379898987322333 2
      vertex 7.379898987322333 7.379898987322333 17
      vertex 7.621389352815459 7.104532001224419 17
    endloop
  endfacet
  facet normal 0.8968727415326883 0.4422886902190014 0
    outer loop
      vertex 7.824871130596428 6.800000000000001 2
      vertex 7.824871130596428 6.800000000000001 17
      vertex 7.986862691031603 6.471513610622251 17
    endloop
  endfacet
  facet normal 0.8314696123025469 0.5555702330195998 0
    outer loop
      vertex 7.621389352815459 7.104532001224419 2
      vertex 7.621389352815459 7.104532001224419 17
      vertex 7.824871130596428 6.800000000000001 17
    endloop
  endfacet
  facet normal 0.9469301294951057 -0.32143946530316164 0
    outer loop
      vertex 8.104592313609391 4.675306673712942 2
      vertex 8.104592313609391 4.675306673712942 17
      vertex 7.986862691031603 4.328486389377749 17
    endloop
  endfacet
  facet normal 0.9807852804032302 -0.1950903220161296 0
    outer loop
      vertex 8.17604561184667 5.034526661783856 2
      vertex 8.17604561184667 5.034526661783856 17
      vertex 8.104592313609391 4.675306673712942 17
    endloop
  endfacet
  facet normal 0.9978589232386037 -0.06540312923014001 0
    outer loop
      vertex 8.2 5.4 2
      vertex 8.2 5.4 17
      vertex 8.17604561184667 5.034526661783856 17
    endloop
  endfacet
  facet normal 0.9978589232386037 0.06540312923014001 0
    outer loop
      vertex 8.17604561184667 5.765473338216145 2
      vertex 8.17604561184667 5.765473338216145 17
      vertex 8.2 5.4 17
    endloop
  endfacet
  facet normal 0.9469301294951057 0.32143946530316164 0
    outer loop
      vertex 7.986862691031603 6.471513610622251 2
      vertex 7.986862691031603 6.471513610622251 17
      vertex 8.104592313609391 6.124693326287058 17
    endloop
  endfacet
  facet normal 0.9807852804032302 0.1950903220161296 0
    outer loop
      vertex 8.104592313609391 6.124693326287058 2
      vertex 8.104592313609391 6.124693326287058 17
      vertex 8.17604561184667 5.765473338216145 17
    endloop
  endfacet
  facet normal -0.32143946530316164 0.9469301294951057 0
    outer loop
      vertex 4.675306673712942 8.104592313609391 2
      vertex 4.328486389377749 7.986862691031603 17
      vertex 4.675306673712942 8.104592313609391 17
    endloop
  endfacet
  facet normal -0.1950903220161296 0.9807852804032302 0
    outer loop
      vertex 5.034526661783856 8.17604561184667 2
      vertex 4.675306673712942 8.104592313609391 17
      vertex 5.034526661783856 8.17604561184667 17
    endloop
  endfacet
  facet normal -0.06540312923014001 0.9978589232386037 0
    outer loop
      vertex 5.4 8.2 2
      vertex 5.034526661783856 8.17604561184667 17
      vertex 5.4 8.2 17
    endloop
  endfacet
  facet normal 0.06540312923014001 0.9978589232386037 0
    outer loop
      vertex 5.765473338216145 8.17604561184667 2
      vertex 5.4 8.2 17
      vertex 5.765473338216145 8.17604561184667 17
    endloop
  endfacet
  facet normal 0.1950903220161296 0.9807852804032302 0
    outer loop
      vertex 6.124693326287058 8.104592313609391 2
      vertex 5.765473338216145 8.17604561184667 17
      vertex 6.124693326287058 8.104592313609391 17
    endloop
  endfacet
  facet normal 0.32143946530316164 0.9469301294951057 0
    outer loop
      vertex 6.471513610622251 7.986862691031603 2
      vertex 6.124693326287058 8.104592313609391 17
      vertex 6.471513610622251 7.986862691031603 17
    endloop
  endfacet
  facet normal 0.4422886902190014 0.8968727415326883 0
    outer loop
      vertex 6.800000000000001 7.824871130596428 2
      vertex 6.471513610622251 7.986862691031603 17
      vertex 6.800000000000001 7.824871130596428 17
    endloop
  endfacet
  facet normal 0.5555702330195998 0.8314696123025469 0
    outer loop
      vertex 7.104532001224419 7.621389352815459 2
      vertex 6.800000000000001 7.824871130596428 17
      vertex 7.104532001224419 7.621389352815459 17
    endloop
  endfacet
  facet normal 0.6593458151000713 0.7518398074789753 0
    outer loop
      vertex 7.379898987322333 7.379898987322333 2
      vertex 7.104532001224419 7.621389352815459 17
      vertex 7.379898987322333 7.379898987322333 17
    endloop
  endfacet
  facet normal 0 0 1
    outer loop
      vertex 4 2.9751288694035725 17
      vertex 4.328486389377749 2.8131373089683978 17
      vertex 4.160693923282738 5.236842259724936 17
    endloop
  endfacet
  facet normal 0 0 1
    outer loop
      vertex 4.328486389377749 2.8131373089683978 17
      vertex 4.675306673712942 2.695407686390609 17
      vertex 4.516116523516816 4.516116523516816 17
    endloop
  endfacet
  facet normal 0 0 1
    outer loop
      vertex 2.8131373089683978 4.328486389377749 17
      vertex 2.695407686390609 6.124693326287058 17
      vertex 2.695407686390609 4.675306673712942 17
    endloop
  endfacet
  facet normal 0 0 1
    outer loop
      vertex 2.695407686390609 4.675306673712942 17
      vertex 2.6239543881533316 5.765473338216145 17
      vertex 2.6239543881533316 5.034526661783856 17
    endloop
  endfacet
  facet normal 0 0 1
    outer loop
      vertex 2.6239543881533316 5.034526661783856 17
      vertex 2.6239543881533316 5.765473338216145 17
      vertex 2.6000000000000005 5.4 17
    endloop
  endfacet
  facet normal 0 0 1
    outer loop
      vertex 2.695407686390609 4.675306673712942 17
      vertex 2.695407686390609 6.124693326287058 17
      vertex 2.6239543881533316 5.765473338216145 17
    endloop
  endfacet
  facet normal 0 0 1
    outer loop
      vertex 2.8131373089683978 4.328486389377749 17
      vertex 2.9751288694035725 4 17
      vertex 2.8131373089683978 6.471513610622251 17
    endloop
  endfacet
  facet normal 0 0 1
    outer loop
      vertex 2.9751288694035725 4 17
      vertex 3.178610647184542 3.6954679987755825 17
      vertex 2.9751288694035725 6.800000000000001 17
    endloop
  endfacet
  facet normal 0 0 1
    outer loop
      vertex 3.420101012677667 3.420101012677667 17
      vertex 3.178610647184542 7.104532001224419 17
      vertex 3.178610647184542 3.6954679987755825 17
    endloop
  endfacet
  facet normal 0 0 1
    outer loop
      vertex 2.8131373089683978 4.328486389377749 17
      vertex 2.8131373089683978 6.471513610622251 17
      vertex 2.695407686390609 6.124693326287058 17
    endloop
  endfacet
  facet normal 0 0 1
    outer loop
      vertex 2.9751288694035725 4 17
      vertex 2.9751288694035725 6.800000000000001 17
      vertex 2.8131373089683978 6.471513610622251 17
    endloop
  endfacet
  facet normal 0 0 1
    outer loop
      vertex 3.178610647184542 3.6954679987755825 17
      vertex 3.178610647184542 7.104532001224419 17
      vertex 2.9751288694035725 6.800000000000001 17
    endloop
  endfacet
  facet normal 0 0 1
    outer loop
      vertex 3.420101012677667 3.420101012677667 17
      vertex 3.420101012677667 7.379898987322333 17
      vertex 3.178610647184542 7.104532001224419 17
    endloop
  endfacet
  facet normal 0 0 1
    outer loop
      vertex 3.6954679987755825 3.178610647184542 17
      vertex 4 2.9751288694035725 17
      vertex 3.6954679987755825 7.621389352815459 17
    endloop
  endfacet
  facet normal 0 0 1
    outer loop
      vertex 3.6954679987755825 3.178610647184542 17
      vertex 3.420101012677667 7.379898987322333 17
      vertex 3.420101012677667 3.420101012677667 17
    endloop
  endfacet
  facet normal 0 0 1
    outer loop
      vertex 4 2.9751288694035725 17
      vertex 4.160693923282738 5.236842259724936 17
      vertex 4.15 5.4 17
    endloop
  endfacet
  facet normal 0 0 1
    outer loop
      vertex 4.328486389377749 2.8131373089683978 17
      vertex 4.245150584360892 4.921645709543638 17
      vertex 4.192592717138665 5.07647619362185 17
    endloop
  endfacet
  facet normal 0 0 1
    outer loop
      vertex 4.328486389377749 2.8131373089683978 17
      vertex 4.192592717138665 5.07647619362185 17
      vertex 4.160693923282738 5.236842259724936 17
    endloop
  endfacet
  facet normal 0 0 1
    outer loop
      vertex 4.328486389377749 2.8131373089683978 17
      vertex 4.408308324635956 4.6390482137391 17
      vertex 4.317468245269453 4.775 17
    endloop
  endfacet
  facet normal 0 0 1
    outer loop
      vertex 4.328486389377749 2.8131373089683978 17
      vertex 4.516116523516816 4.516116523516816 17
      vertex 4.408308324635956 4.6390482137391 17
    endloop
  endfacet
  facet normal 0 0 1
    outer loop
      vertex 4.328486389377749 2.8131373089683978 17
      vertex 4.317468245269453 4.775 17
      vertex 4.245150584360892 4.921645709543638 17
    endloop
  endfacet
  facet normal 0 0 1
    outer loop
      vertex 4 2.9751288694035725 17
      vertex 4.15 5.4 17
      vertex 4 7.824871130596428 17
    endloop
  endfacet
  facet normal 0 0 1
    outer loop
      vertex 3.6954679987755825 3.178610647184542 17
      vertex 3.6954679987755825 7.621389352815459 17
      vertex 3.420101012677667 7.379898987322333 17
    endloop
  endfacet
  facet normal 0 0 1
    outer loop
      vertex 4 2.9751288694035725 17
      vertex 4 7.824871130596428 17
      vertex 3.6954679987755825 7.621389352815459 17
    endloop
  endfacet
  facet normal 0 0 1
    outer loop
      vertex 4 7.824871130596428 17
      vertex 4.15 5.4 17
      vertex 4.160693923282738 5.563157740275065 17
    endloop
  endfacet
  facet normal 0 0 1
    outer loop
      vertex 4 7.824871130596428 17
      vertex 4.160693923282738 5.563157740275065 17
      vertex 4.192592717138665 5.723523806378151 17
    endloop
  endfacet
  facet normal 0 0 1
    outer loop
      vertex 4 7.824871130596428 17
      vertex 4.192592717138665 5.723523806378151 17
      vertex 4.245150584360892 5.878354290456363 17
    endloop
  endfacet
  facet normal 0 0 1
    outer loop
      vertex 4 7.824871130596428 17
      vertex 4.245150584360892 5.878354290456363 17
      vertex 4.317468245269453 6.025 17
    endloop
  endfacet
  facet normal 0 0 1
    outer loop
      vertex 4 7.824871130596428 17
      vertex 4.317468245269453 6.025 17
      vertex 4.408308324635956 6.160951786260901 17
    endloop
  endfacet
  facet normal 0 0 1
    outer loop
      vertex 4 7.824871130596428 17
      vertex 4.408308324635956 6.160951786260901 17
      vertex 4.328486389377749 7.986862691031603 17
    endloop
  endfacet
  facet normal 0 0 1
    outer loop
      vertex 4.328486389377749 7.986862691031603 17
      vertex 4.408308324635956 6.160951786260901 17
      vertex 4.516116523516816 6.283883476483185 17
    endloop
  endfacet
  facet normal 0 0 1
    outer loop
      vertex 4.328486389377749 7.986862691031603 17
      vertex 4.516116523516816 6.283883476483185 17
      vertex 4.6390482137391 6.3916916753640445 17
    endloop
  endfacet
  facet normal 0 0 1
    outer loop
      vertex 4.675306673712942 2.695407686390609 17
      vertex 5.034526661783856 2.6239543881533316 17
      vertex 4.921645709543638 4.245150584360892 17
    endloop
  endfacet
  facet normal 0 0 1
    outer loop
      vertex 5.034526661783856 2.6239543881533316 17
      vertex 5.236842259724936 4.160693923282738 17
      vertex 5.07647619362185 4.192592717138665 17
    endloop
  endfacet
  facet normal 0 0 1
    outer loop
      vertex 5.034526661783856 2.6239543881533316 17
      vertex 5.4 2.6000000000000005 17
      vertex 5.236842259724936 4.160693923282738 17
    endloop
  endfacet
  facet normal 0 0 1
    outer loop
      vertex 5.4 2.6000000000000005 17
      vertex 5.4 4.15 17
      vertex 5.236842259724936 4.160693923282738 17
    endloop
  endfacet
  facet normal 0 0 1
    outer loop
      vertex 5.4 2.6000000000000005 17
      vertex 5.765473338216145 2.6239543881533316 17
      vertex 5.563157740275065 4.160693923282738 17
    endloop
  endfacet
  facet normal 0 0 1
    outer loop
      vertex 5.4 2.6000000000000005 17
      vertex 5.563157740275065 4.160693923282738 17
      vertex 5.4 4.15 17
    endloop
  endfacet
  facet normal 0 0 1
    outer loop
      vertex 5.765473338216145 2.6239543881533316 17
      vertex 5.723523806378151 4.192592717138665 17
      vertex 5.563157740275065 4.160693923282738 17
    endloop
  endfacet
  facet normal 0 0 1
    outer loop
      vertex 5.765473338216145 2.6239543881533316 17
      vertex 6.124693326287058 2.695407686390609 17
      vertex 5.723523806378151 4.192592717138665 17
    endloop
  endfacet
  facet normal 0 0 1
    outer loop
      vertex 6.124693326287058 2.695407686390609 17
      vertex 6.471513610622251 2.8131373089683978 17
      vertex 6.025 4.317468245269453 17
    endloop
  endfacet
  facet normal 0 0 1
    outer loop
      vertex 6.471513610622251 2.8131373089683978 17
      vertex 6.800000000000001 2.9751288694035725 17
      vertex 6.3916916753640445 4.6390482137391 17
    endloop
  endfacet
  facet normal 0 0 1
    outer loop
      vertex 4.675306673712942 2.695407686390609 17
      vertex 4.6390482137391 4.408308324635956 17
      vertex 4.516116523516816 4.516116523516816 17
    endloop
  endfacet
  facet normal 0 0 1
    outer loop
      vertex 4.675306673712942 2.695407686390609 17
      vertex 4.775 4.317468245269453 17
      vertex 4.6390482137391 4.408308324635956 17
    endloop
  endfacet
  facet normal 0 0 1
    outer loop
      vertex 4.675306673712942 2.695407686390609 17
      vertex 4.921645709543638 4.245150584360892 17
      vertex 4.775 4.317468245269453 17
    endloop
  endfacet
  facet normal 0 0 1
    outer loop
      vertex 5.034526661783856 2.6239543881533316 17
      vertex 5.07647619362185 4.192592717138665 17
      vertex 4.921645709543638 4.245150584360892 17
    endloop
  endfacet
  facet normal 0 0 1
    outer loop
      vertex 4.328486389377749 7.986862691031603 17
      vertex 4.6390482137391 6.3916916753640445 17
      vertex 4.775 6.482531754730548 17
    endloop
  endfacet
  facet normal 0 0 1
    outer loop
      vertex 4.675306673712942 8.104592313609391 17
      vertex 4.775 6.482531754730548 17
      vertex 4.921645709543638 6.554849415639109 17
    endloop
  endfacet
  facet normal 0 0 1
    outer loop
      vertex 4.675306673712942 8.104592313609391 17
      vertex 4.921645709543638 6.554849415639109 17
      vertex 5.07647619362185 6.6074072828613355 17
    endloop
  endfacet
  facet normal 0 0 1
    outer loop
      vertex 5.034526661783856 8.17604561184667 17
      vertex 5.07647619362185 6.6074072828613355 17
      vertex 5.236842259724936 6.639306076717263 17
    endloop
  endfacet
  facet normal 0 0 1
    outer loop
      vertex 5.4 8.2 17
      vertex 5.236842259724936 6.639306076717263 17
      vertex 5.4 6.65 17
    endloop
  endfacet
  facet normal 0 0 1
    outer loop
      vertex 5.4 8.2 17
      vertex 5.4 6.65 17
      vertex 5.563157740275065 6.639306076717263 17
    endloop
  endfacet
  facet normal 0 0 1
    outer loop
      vertex 5.765473338216145 8.17604561184667 17
      vertex 5.563157740275065 6.639306076717263 17
      vertex 5.723523806378151 6.6074072828613355 17
    endloop
  endfacet
  facet normal 0 0 1
    outer loop
      vertex 6.124693326287058 2.695407686390609 17
      vertex 5.878354290456363 4.245150584360892 17
      vertex 5.723523806378151 4.192592717138665 17
    endloop
  endfacet
  facet normal 0 0 1
    outer loop
      vertex 6.124693326287058 2.695407686390609 17
      vertex 6.025 4.317468245269453 17
      vertex 5.878354290456363 4.245150584360892 17
    endloop
  endfacet
  facet normal 0 0 1
    outer loop
      vertex 6.471513610622251 2.8131373089683978 17
      vertex 6.160951786260901 4.408308324635956 17
      vertex 6.025 4.317468245269453 17
    endloop
  endfacet
  facet normal 0 0 1
    outer loop
      vertex 6.471513610622251 2.8131373089683978 17
      vertex 6.283883476483185 4.516116523516816 17
      vertex 6.160951786260901 4.408308324635956 17
    endloop
  endfacet
  facet normal 0 0 1
    outer loop
      vertex 6.471513610622251 2.8131373089683978 17
      vertex 6.3916916753640445 4.6390482137391 17
      vertex 6.283883476483185 4.516116523516816 17
    endloop
  endfacet
  facet normal 0 0 1
    outer loop
      vertex 6.800000000000001 2.9751288694035725 17
      vertex 6.482531754730548 4.775 17
      vertex 6.3916916753640445 4.6390482137391 17
    endloop
  endfacet
  facet normal 0 0 1
    outer loop
      vertex 6.800000000000001 2.9751288694035725 17
      vertex 6.554849415639109 4.921645709543638 17
      vertex 6.482531754730548 4.775 17
    endloop
  endfacet
  facet normal 0 0 1
    outer loop
      vertex 6.800000000000001 2.9751288694035725 17
      vertex 6.6074072828613355 5.07647619362185 17
      vertex 6.554849415639109 4.921645709543638 17
    endloop
  endfacet
  facet normal 0 0 1
    outer loop
      vertex 6.800000000000001 2.9751288694035725 17
      vertex 6.639306076717263 5.236842259724936 17
      vertex 6.6074072828613355 5.07647619362185 17
    endloop
  endfacet
  facet normal 0 0 1
    outer loop
      vertex 6.800000000000001 2.9751288694035725 17
      vertex 6.65 5.4 17
      vertex 6.639306076717263 5.236842259724936 17
    endloop
  endfacet
  facet normal 0 0 1
    outer loop
      vertex 6.800000000000001 2.9751288694035725 17
      vertex 6.800000000000001 7.824871130596428 17
      vertex 6.65 5.4 17
    endloop
  endfacet
  facet normal 0 0 1
    outer loop
      vertex 5.765473338216145 8.17604561184667 17
      vertex 5.723523806378151 6.6074072828613355 17
      vertex 5.878354290456363 6.554849415639109 17
    endloop
  endfacet
  facet normal 0 0 1
    outer loop
      vertex 6.124693326287058 8.104592313609391 17
      vertex 5.878354290456363 6.554849415639109 17
      vertex 6.025 6.482531754730548 17
    endloop
  endfacet
  facet normal 0 0 1
    outer loop
      vertex 6.124693326287058 8.104592313609391 17
      vertex 6.025 6.482531754730548 17
      vertex 6.160951786260901 6.3916916753640445 17
    endloop
  endfacet
  facet normal 0 0 1
    outer loop
      vertex 6.124693326287058 8.104592313609391 17
      vertex 6.160951786260901 6.3916916753640445 17
      vertex 6.283883476483185 6.283883476483185 17
    endloop
  endfacet
  facet normal 0 0 1
    outer loop
      vertex 6.471513610622251 7.986862691031603 17
      vertex 6.6074072828613355 5.723523806378151 17
      vertex 6.639306076717263 5.563157740275065 17
    endloop
  endfacet
  facet normal 0 0 1
    outer loop
      vertex 6.800000000000001 7.824871130596428 17
      vertex 6.639306076717263 5.563157740275065 17
      vertex 6.65 5.4 17
    endloop
  endfacet
  facet normal 0 0 1
    outer loop
      vertex 6.471513610622251 7.986862691031603 17
      vertex 6.283883476483185 6.283883476483185 17
      vertex 6.3916916753640445 6.160951786260901 17
    endloop
  endfacet
  facet normal 0 0 1
    outer loop
      vertex 6.471513610622251 7.986862691031603 17
      vertex 6.482531754730548 6.025 17
      vertex 6.554849415639109 5.878354290456363 17
    endloop
  endfacet
  facet normal 0 0 1
    outer loop
      vertex 6.471513610622251 7.986862691031603 17
      vertex 6.3916916753640445 6.160951786260901 17
      vertex 6.482531754730548 6.025 17
    endloop
  endfacet
  facet normal 0 0 1
    outer loop
      vertex 6.471513610622251 7.986862691031603 17
      vertex 6.554849415639109 5.878354290456363 17
      vertex 6.6074072828613355 5.723523806378151 17
    endloop
  endfacet
  facet normal 0 0 1
    outer loop
      vertex 6.471513610622251 7.986862691031603 17
      vertex 6.639306076717263 5.563157740275065 17
      vertex 6.800000000000001 7.824871130596428 17
    endloop
  endfacet
  facet normal 0 0 1
    outer loop
      vertex 6.800000000000001 2.9751288694035725 17
      vertex 7.104532001224419 3.178610647184542 17
      vertex 6.800000000000001 7.824871130596428 17
    endloop
  endfacet
  facet normal 0 0 1
    outer loop
      vertex 7.104532001224419 3.178610647184542 17
      vertex 7.379898987322333 3.420101012677667 17
      vertex 7.104532001224419 7.621389352815459 17
    endloop
  endfacet
  facet normal 0 0 1
    outer loop
      vertex 7.379898987322333 3.420101012677667 17
      vertex 7.621389352815459 3.6954679987755825 17
      vertex 7.379898987322333 7.379898987322333 17
    endloop
  endfacet
  facet normal 0 0 1
    outer loop
      vertex 7.621389352815459 3.6954679987755825 17
      vertex 7.824871130596428 4 17
      vertex 7.621389352815459 7.104532001224419 17
    endloop
  endfacet
  facet normal 0 0 1
    outer loop
      vertex 7.824871130596428 4 17
      vertex 7.986862691031603 4.328486389377749 17
      vertex 7.824871130596428 6.800000000000001 17
    endloop
  endfacet
  facet normal 0 0 1
    outer loop
      vertex 7.104532001224419 3.178610647184542 17
      vertex 7.104532001224419 7.621389352815459 17
      vertex 6.800000000000001 7.824871130596428 17
    endloop
  endfacet
  facet normal 0 0 1
    outer loop
      vertex 7.379898987322333 3.420101012677667 17
      vertex 7.379898987322333 7.379898987322333 17
      vertex 7.104532001224419 7.621389352815459 17
    endloop
  endfacet
  facet normal 0 0 1
    outer loop
      vertex 7.621389352815459 3.6954679987755825 17
      vertex 7.621389352815459 7.104532001224419 17
      vertex 7.379898987322333 7.379898987322333 17
    endloop
  endfacet
  facet normal 0 0 1
    outer loop
      vertex 7.824871130596428 4 17
      vertex 7.824871130596428 6.800000000000001 17
      vertex 7.621389352815459 7.104532001224419 17
    endloop
  endfacet
  facet normal 0 0 1
    outer loop
      vertex 7.824871130596428 6.800000000000001 17
      vertex 7.986862691031603 4.328486389377749 17
      vertex 7.986862691031603 6.471513610622251 17
    endloop
  endfacet
  facet normal 0 0 1
    outer loop
      vertex 7.986862691031603 4.328486389377749 17
      vertex 8.104592313609391 4.675306673712942 17
      vertex 7.986862691031603 6.471513610622251 17
    endloop
  endfacet
  facet normal 0 0 1
    outer loop
      vertex 8.104592313609391 4.675306673712942 17
      vertex 8.17604561184667 5.034526661783856 17
      vertex 8.104592313609391 6.124693326287058 17
    endloop
  endfacet
  facet normal 0 0 1
    outer loop
      vertex 8.17604561184667 5.034526661783856 17
      vertex 8.2 5.4 17
      vertex 8.17604561184667 5.765473338216145 17
    endloop
  endfacet
  facet normal 0 0 1
    outer loop
      vertex 8.104592313609391 4.675306673712942 17
      vertex 8.104592313609391 6.124693326287058 17
      vertex 7.986862691031603 6.471513610622251 17
    endloop
  endfacet
  facet normal 0 0 1
    outer loop
      vertex 8.17604561184667 5.034526661783856 17
      vertex 8.17604561184667 5.765473338216145 17
      vertex 8.104592313609391 6.124693326287058 17
    endloop
  endfacet
  facet normal 0 0 1
    outer loop
      vertex 4.328486389377749 7.986862691031603 17
      vertex 4.775 6.482531754730548 17
      vertex 4.675306673712942 8.104592313609391 17
    endloop
  endfacet
  facet normal 0 0 1
    outer loop
      vertex 4.675306673712942 8.104592313609391 17
      vertex 5.07647619362185 6.6074072828613355 17
      vertex 5.034526661783856 8.17604561184667 17
    endloop
  endfacet
  facet normal 0 0 1
    outer loop
      vertex 5.034526661783856 8.17604561184667 17
      vertex 5.236842259724936 6.639306076717263 17
      vertex 5.4 8.2 17
    endloop
  endfacet
  facet normal 0 0 1
    outer loop
      vertex 5.4 8.2 17
      vertex 5.563157740275065 6.639306076717263 17
      vertex 5.765473338216145 8.17604561184667 17
    endloop
  endfacet
  facet normal 0 0 1
    outer loop
      vertex 5.765473338216145 8.17604561184667 17
      vertex 5.878354290456363 6.554849415639109 17
      vertex 6.124693326287058 8.104592313609391 17
    endloop
  endfacet
  facet normal 0 0 1
    outer loop
      vertex 6.124693326287058 8.104592313609391 17
      vertex 6.283883476483185 6.283883476483185 17
      vertex 6.471513610622251 7.986862691031603 17
    endloop
  endfacet
  facet normal -0.9469301294951058 -0.32143946530316125 -4.2965470471586465e-19
    outer loop
      vertex 2.8131373089683978 32.328486389377744 2
      vertex 2.695407686390609 32.67530667371294 17
      vertex 2.695407686390609 32.67530667371294 2
    endloop
  endfacet
  facet normal -0.9807852804032313 -0.1950903220161245 1.4399131648667922e-19
    outer loop
      vertex 2.695407686390609 32.67530667371294 2
      vertex 2.6239543881533316 33.03452666178386 17
      vertex 2.6239543881533316 33.03452666178386 2
    endloop
  endfacet
  facet normal -0.8314696123025472 -0.5555702330195992 0
    outer loop
      vertex 2.9751288694035725 32 2
      vertex 3.178610647184542 31.69546799877558 2
      vertex 2.9751288694035725 32 17
    endloop
  endfacet
  facet normal -0.7518398074789765 -0.6593458151000698 0
    outer loop
      vertex 3.178610647184542 31.69546799877558 2
      vertex 3.420101012677667 31.420101012677666 2
      vertex 3.178610647184542 31.69546799877558 17
    endloop
  endfacet
  facet normal -0.8968727415326859 -0.44228869021900624 0
    outer loop
      vertex 2.8131373089683978 32.328486389377744 2
      vertex 2.9751288694035725 32 2
      vertex 2.8131373089683978 32.328486389377744 17
    endloop
  endfacet
  facet normal -0.6593458151000673 -0.7518398074789787 0
    outer loop
      vertex 3.6954679987755825 31.17861064718454 2
      vertex 3.6954679987755825 31.17861064718454 17
      vertex 3.420101012677667 31.420101012677666 2
    endloop
  endfacet
  facet normal -0.5555702330196071 -0.831469612302542 5.721921800564593e-19
    outer loop
      vertex 3.6954679987755825 31.17861064718454 2
      vertex 4 30.97512886940357 2
      vertex 4 30.97512886940357 17
    endloop
  endfacet
  facet normal -0.4422886902189956 -0.8968727415326911 -3.883109952736763e-19
    outer loop
      vertex 4 30.97512886940357 2
      vertex 4.328486389377749 30.813137308968397 2
      vertex 4.328486389377749 30.813137308968397 17
    endloop
  endfacet
  facet normal -0.9978589232386034 -0.06540312923014426 -1.5010820301155054e-19
    outer loop
      vertex 2.6239543881533316 33.03452666178386 2
      vertex 2.6000000000000005 33.4 17
      vertex 2.6000000000000005 33.4 2
    endloop
  endfacet
  facet normal -0.9978589232386034 0.06540312923014426 1.5010820301155054e-19
    outer loop
      vertex 2.6000000000000005 33.4 2
      vertex 2.6239543881533316 33.76547333821614 17
      vertex 2.6239543881533316 33.76547333821614 2
    endloop
  endfacet
  facet normal -0.9807852804032313 0.1950903220161245 -1.4399131648667922e-19
    outer loop
      vertex 2.6239543881533316 33.76547333821614 2
      vertex 2.695407686390609 34.12469332628706 17
      vertex 2.695407686390609 34.12469332628706 2
    endloop
  endfacet
  facet normal -0.9469301294951058 0.32143946530316125 4.2965470471586465e-19
    outer loop
      vertex 2.695407686390609 34.12469332628706 2
      vertex 2.8131373089683978 34.47151361062225 17
      vertex 2.8131373089683978 34.47151361062225 2
    endloop
  endfacet
  facet normal -0.8968727415326859 0.44228869021900624 1.7140606503476293e-20
    outer loop
      vertex 2.8131373089683978 34.47151361062225 2
      vertex 2.9751288694035725 34.8 17
      vertex 2.9751288694035725 34.8 2
    endloop
  endfacet
  facet normal -0.8314696123025442 0.5555702330196037 -5.832939348413623e-19
    outer loop
      vertex 2.9751288694035725 34.8 2
      vertex 3.178610647184542 35.10453200122441 17
      vertex 3.178610647184542 35.10453200122441 2
    endloop
  endfacet
  facet normal -0.751839807478985 0.6593458151000603 1.2154317180299107e-18
    outer loop
      vertex 3.178610647184542 35.10453200122441 2
      vertex 3.420101012677667 35.379898987322335 17
      vertex 3.420101012677667 35.379898987322335 2
    endloop
  endfacet
  facet normal -0.6593458151000618 0.7518398074789836 0
    outer loop
      vertex 3.420101012677667 35.379898987322335 2
      vertex 3.420101012677667 35.379898987322335 17
      vertex 3.6954679987755825 35.621389352815456 2
    endloop
  endfacet
  facet normal -0.5555702330196071 0.831469612302542 0
    outer loop
      vertex 3.6954679987755825 35.621389352815456 2
      vertex 3.6954679987755825 35.621389352815456 17
      vertex 4 35.82487113059643 2
    endloop
  endfacet
  facet normal -0.44228869021900336 0.8968727415326873 0
    outer loop
      vertex 4 35.82487113059643 2
      vertex 4 35.82487113059643 17
      vertex 4.328486389377749 35.986862691031604 2
    endloop
  endfacet
  facet normal -0.32143946530315076 0.9469301294951094 0
    outer loop
      vertex 4.328486389377749 35.986862691031604 2
      vertex 4.328486389377749 35.986862691031604 17
      vertex 4.675306673712942 36.10459231360939 2
    endloop
  endfacet
  facet normal -0.32143946530316814 -0.9469301294951034 -2.322532844112597e-19
    outer loop
      vertex 4.328486389377749 30.813137308968397 2
      vertex 4.675306673712942 30.695407686390606 2
      vertex 4.675306673712942 30.695407686390606 17
    endloop
  endfacet
  facet normal -0.19509032201612495 -0.9807852804032312 -3.7516290616959276e-20
    outer loop
      vertex 4.675306673712942 30.695407686390606 2
      vertex 5.034526661783856 30.62395438815333 2
      vertex 5.034526661783856 30.62395438815333 17
    endloop
  endfacet
  facet normal -0.06540312923014484 -0.9978589232386034 -3.004539242737938e-20
    outer loop
      vertex 5.034526661783856 30.62395438815333 2
      vertex 5.4 30.599999999999998 2
      vertex 5.4 30.599999999999998 17
    endloop
  endfacet
  facet normal 0.06540312923014484 -0.9978589232386034 3.004539242737938e-20
    outer loop
      vertex 5.4 30.599999999999998 2
      vertex 5.765473338216145 30.62395438815333 2
      vertex 5.765473338216145 30.62395438815333 17
    endloop
  endfacet
  facet normal 0.19509032201612495 -0.9807852804032312 3.7516290616959276e-20
    outer loop
      vertex 5.765473338216145 30.62395438815333 2
      vertex 6.124693326287058 30.695407686390606 2
      vertex 6.124693326287058 30.695407686390606 17
    endloop
  endfacet
  facet normal 0.32143946530316814 -0.9469301294951034 2.322532844112597e-19
    outer loop
      vertex 6.124693326287058 30.695407686390606 2
      vertex 6.471513610622251 30.813137308968397 2
      vertex 6.471513610622251 30.813137308968397 17
    endloop
  endfacet
  facet normal 0.4422886902189956 -0.8968727415326911 3.883109952736763e-19
    outer loop
      vertex 6.471513610622251 30.813137308968397 2
      vertex 6.800000000000001 30.97512886940357 2
      vertex 6.800000000000001 30.97512886940357 17
    endloop
  endfacet
  facet normal -0.19509032201613427 0.9807852804032293 0
    outer loop
      vertex 4.675306673712942 36.10459231360939 2
      vertex 4.675306673712942 36.10459231360939 17
      vertex 5.034526661783856 36.17604561184667 2
    endloop
  endfacet
  facet normal -0.06540312923013518 0.997858923238604 0
    outer loop
      vertex 5.034526661783856 36.17604561184667 2
      vertex 5.034526661783856 36.17604561184667 17
      vertex 5.4 36.199999999999996 2
    endloop
  endfacet
  facet normal 0.06540312923013518 0.997858923238604 0
    outer loop
      vertex 5.4 36.199999999999996 2
      vertex 5.4 36.199999999999996 17
      vertex 5.765473338216145 36.17604561184667 2
    endloop
  endfacet
  facet normal 0.19509032201613427 0.9807852804032293 0
    outer loop
      vertex 5.765473338216145 36.17604561184667 2
      vertex 5.765473338216145 36.17604561184667 17
      vertex 6.124693326287058 36.10459231360939 2
    endloop
  endfacet
  facet normal 0.32143946530315076 0.9469301294951094 0
    outer loop
      vertex 6.124693326287058 36.10459231360939 2
      vertex 6.124693326287058 36.10459231360939 17
      vertex 6.471513610622251 35.986862691031604 2
    endloop
  endfacet
  facet normal 0.44228869021900336 0.8968727415326873 -6.220104922419173e-19
    outer loop
      vertex 6.800000000000001 35.82487113059643 2
      vertex 6.471513610622251 35.986862691031604 2
      vertex 6.471513610622251 35.986862691031604 17
    endloop
  endfacet
  facet normal 0.5555702330196065 -0.8314696123025423 -5.433525153221665e-19
    outer loop
      vertex 6.800000000000001 30.97512886940357 2
      vertex 7.104532001224419 31.17861064718454 2
      vertex 7.104532001224419 31.17861064718454 17
    endloop
  endfacet
  facet normal 0.6593458151000685 -0.7518398074789777 5.421016190594253e-19
    outer loop
      vertex 7.104532001224419 31.17861064718454 2
      vertex 7.379898987322333 31.420101012677666 2
      vertex 7.379898987322333 31.420101012677666 17
    endloop
  endfacet
  facet normal 0.7518398074789753 -0.6593458151000713 0
    outer loop
      vertex 7.379898987322333 31.420101012677666 2
      vertex 7.621389352815459 31.69546799877558 2
      vertex 7.379898987322333 31.420101012677666 17
    endloop
  endfacet
  facet normal 0.8314696123025485 -0.5555702330195976 0
    outer loop
      vertex 7.621389352815459 31.69546799877558 2
      vertex 7.824871130596428 32 2
      vertex 7.621389352815459 31.69546799877558 17
    endloop
  endfacet
  facet normal 0.8968727415326854 -0.44228869021900713 0
    outer loop
      vertex 7.824871130596428 32 2
      vertex 7.986862691031603 32.328486389377744 2
      vertex 7.824871130596428 32 17
    endloop
  endfacet
  facet normal 0.9469301294951061 -0.32143946530316014 0
    outer loop
      vertex 7.986862691031603 32.328486389377744 2
      vertex 8.104592313609391 32.67530667371294 2
      vertex 7.986862691031603 32.328486389377744 17
    endloop
  endfacet
  facet normal 0.9807852804032307 -0.1950903220161268 0
    outer loop
      vertex 8.104592313609391 32.67530667371294 2
      vertex 8.17604561184667 33.03452666178386 2
      vertex 8.104592313609391 32.67530667371294 17
    endloop
  endfacet
  facet normal 0.8314696123025453 0.555570233019602 0
    outer loop
      vertex 7.824871130596428 34.8 2
      vertex 7.621389352815459 35.10453200122441 2
      vertex 7.824871130596428 34.8 17
    endloop
  endfacet
  facet normal 0.8968727415326854 0.44228869021900713 -4.635304362407626e-20
    outer loop
      vertex 7.824871130596428 34.8 2
      vertex 7.986862691031603 34.47151361062225 17
      vertex 7.986862691031603 34.47151361062225 2
    endloop
  endfacet
  facet normal 0.5555702330196065 0.8314696123025423 0
    outer loop
      vertex 6.800000000000001 35.82487113059643 2
      vertex 6.800000000000001 35.82487113059643 17
      vertex 7.104532001224419 35.621389352815456 2
    endloop
  endfacet
  facet normal 0.659345815100063 0.7518398074789825 0
    outer loop
      vertex 7.104532001224419 35.621389352815456 2
      vertex 7.104532001224419 35.621389352815456 17
      vertex 7.379898987322333 35.379898987322335 2
    endloop
  endfacet
  facet normal 0.7518398074789837 0.6593458151000615 -2.6434026776725745e-19
    outer loop
      vertex 7.379898987322333 35.379898987322335 2
      vertex 7.621389352815459 35.10453200122441 17
      vertex 7.621389352815459 35.10453200122441 2
    endloop
  endfacet
  facet normal 0.9978589232386037 -0.06540312923014063 0
    outer loop
      vertex 8.17604561184667 33.03452666178386 2
      vertex 8.2 33.4 2
      vertex 8.17604561184667 33.03452666178386 17
    endloop
  endfacet
  facet normal 0.9978589232386037 0.06540312923014063 0
    outer loop
      vertex 8.2 33.4 2
      vertex 8.17604561184667 33.76547333821614 2
      vertex 8.2 33.4 17
    endloop
  endfacet
  facet normal 0.9807852804032307 0.1950903220161268 0
    outer loop
      vertex 8.17604561184667 33.76547333821614 2
      vertex 8.104592313609391 34.12469332628706 2
      vertex 8.17604561184667 33.76547333821614 17
    endloop
  endfacet
  facet normal 0.9469301294951061 0.32143946530316014 0
    outer loop
      vertex 8.104592313609391 34.12469332628706 2
      vertex 7.986862691031603 34.47151361062225 2
      vertex 8.104592313609391 34.12469332628706 17
    endloop
  endfacet
  facet normal -0.9469301294951058 -0.32143946530316125 0
    outer loop
      vertex 2.8131373089683978 32.328486389377744 2
      vertex 2.8131373089683978 32.328486389377744 17
      vertex 2.695407686390609 32.67530667371294 17
    endloop
  endfacet
  facet normal -0.9807852804032313 -0.1950903220161245 0
    outer loop
      vertex 2.695407686390609 32.67530667371294 2
      vertex 2.695407686390609 32.67530667371294 17
      vertex 2.6239543881533316 33.03452666178386 17
    endloop
  endfacet
  facet normal -0.8968727415326859 -0.44228869021900624 0
    outer loop
      vertex 2.9751288694035725 32 2
      vertex 2.9751288694035725 32 17
      vertex 2.8131373089683978 32.328486389377744 17
    endloop
  endfacet
  facet normal -0.8314696123025472 -0.5555702330195992 0
    outer loop
      vertex 3.178610647184542 31.69546799877558 2
      vertex 3.178610647184542 31.69546799877558 17
      vertex 2.9751288694035725 32 17
    endloop
  endfacet
  facet normal -0.7518398074789765 -0.6593458151000698 0
    outer loop
      vertex 3.420101012677667 31.420101012677666 2
      vertex 3.420101012677667 31.420101012677666 17
      vertex 3.178610647184542 31.69546799877558 17
    endloop
  endfacet
  facet normal -0.5555702330196071 -0.831469612302542 0
    outer loop
      vertex 3.6954679987755825 31.17861064718454 2
      vertex 4 30.97512886940357 17
      vertex 3.6954679987755825 31.17861064718454 17
    endloop
  endfacet
  facet normal -0.4422886902189956 -0.8968727415326911 0
    outer loop
      vertex 4 30.97512886940357 2
      vertex 4.328486389377749 30.813137308968397 17
      vertex 4 30.97512886940357 17
    endloop
  endfacet
  facet normal -0.32143946530316814 -0.9469301294951034 0
    outer loop
      vertex 4.328486389377749 30.813137308968397 2
      vertex 4.675306673712942 30.695407686390606 17
      vertex 4.328486389377749 30.813137308968397 17
    endloop
  endfacet
  facet normal -0.6593458151000673 -0.7518398074789787 0
    outer loop
      vertex 3.420101012677667 31.420101012677666 2
      vertex 3.6954679987755825 31.17861064718454 17
      vertex 3.420101012677667 31.420101012677666 17
    endloop
  endfacet
  facet normal -0.9978589232386034 -0.06540312923014426 0
    outer loop
      vertex 2.6239543881533316 33.03452666178386 2
      vertex 2.6239543881533316 33.03452666178386 17
      vertex 2.6000000000000005 33.4 17
    endloop
  endfacet
  facet normal -0.9978589232386034 0.06540312923014426 0
    outer loop
      vertex 2.6000000000000005 33.4 2
      vertex 2.6000000000000005 33.4 17
      vertex 2.6239543881533316 33.76547333821614 17
    endloop
  endfacet
  facet normal -0.9807852804032313 0.1950903220161245 0
    outer loop
      vertex 2.6239543881533316 33.76547333821614 2
      vertex 2.6239543881533316 33.76547333821614 17
      vertex 2.695407686390609 34.12469332628706 17
    endloop
  endfacet
  facet normal -0.9469301294951058 0.32143946530316125 0
    outer loop
      vertex 2.695407686390609 34.12469332628706 2
      vertex 2.695407686390609 34.12469332628706 17
      vertex 2.8131373089683978 34.47151361062225 17
    endloop
  endfacet
  facet normal -0.8968727415326859 0.44228869021900624 0
    outer loop
      vertex 2.8131373089683978 34.47151361062225 2
      vertex 2.8131373089683978 34.47151361062225 17
      vertex 2.9751288694035725 34.8 17
    endloop
  endfacet
  facet normal -0.8314696123025442 0.5555702330196037 0
    outer loop
      vertex 2.9751288694035725 34.8 2
      vertex 2.9751288694035725 34.8 17
      vertex 3.178610647184542 35.10453200122441 17
    endloop
  endfacet
  facet normal -0.751839807478985 0.6593458151000603 0
    outer loop
      vertex 3.178610647184542 35.10453200122441 2
      vertex 3.178610647184542 35.10453200122441 17
      vertex 3.420101012677667 35.379898987322335 17
    endloop
  endfacet
  facet normal -0.6593458151000618 0.7518398074789836 0
    outer loop
      vertex 3.6954679987755825 35.621389352815456 2
      vertex 3.420101012677667 35.379898987322335 17
      vertex 3.6954679987755825 35.621389352815456 17
    endloop
  endfacet
  facet normal -0.5555702330196071 0.831469612302542 0
    outer loop
      vertex 4 35.82487113059643 2
      vertex 3.6954679987755825 35.621389352815456 17
      vertex 4 35.82487113059643 17
    endloop
  endfacet
  facet normal -0.44228869021900336 0.8968727415326873 0
    outer loop
      vertex 4.328486389377749 35.986862691031604 2
      vertex 4 35.82487113059643 17
      vertex 4.328486389377749 35.986862691031604 17
    endloop
  endfacet
  facet normal -0.19509032201612495 -0.9807852804032312 0
    outer loop
      vertex 4.675306673712942 30.695407686390606 2
      vertex 5.034526661783856 30.62395438815333 17
      vertex 4.675306673712942 30.695407686390606 17
    endloop
  endfacet
  facet normal -0.06540312923014484 -0.9978589232386034 0
    outer loop
      vertex 5.034526661783856 30.62395438815333 2
      vertex 5.4 30.599999999999998 17
      vertex 5.034526661783856 30.62395438815333 17
    endloop
  endfacet
  facet normal 0.06540312923014484 -0.9978589232386034 0
    outer loop
      vertex 5.4 30.599999999999998 2
      vertex 5.765473338216145 30.62395438815333 17
      vertex 5.4 30.599999999999998 17
    endloop
  endfacet
  facet normal 0.19509032201612495 -0.9807852804032312 0
    outer loop
      vertex 5.765473338216145 30.62395438815333 2
      vertex 6.124693326287058 30.695407686390606 17
      vertex 5.765473338216145 30.62395438815333 17
    endloop
  endfacet
  facet normal 0.32143946530316814 -0.9469301294951034 0
    outer loop
      vertex 6.124693326287058 30.695407686390606 2
      vertex 6.471513610622251 30.813137308968397 17
      vertex 6.124693326287058 30.695407686390606 17
    endloop
  endfacet
  facet normal 0.4422886902189956 -0.8968727415326911 0
    outer loop
      vertex 6.471513610622251 30.813137308968397 2
      vertex 6.800000000000001 30.97512886940357 17
      vertex 6.471513610622251 30.813137308968397 17
    endloop
  endfacet
  facet normal -0.32143946530315076 0.9469301294951094 0
    outer loop
      vertex 4.675306673712942 36.10459231360939 2
      vertex 4.328486389377749 35.986862691031604 17
      vertex 4.675306673712942 36.10459231360939 17
    endloop
  endfacet
  facet normal -0.19509032201613427 0.9807852804032293 0
    outer loop
      vertex 5.034526661783856 36.17604561184667 2
      vertex 4.675306673712942 36.10459231360939 17
      vertex 5.034526661783856 36.17604561184667 17
    endloop
  endfacet
  facet normal -0.06540312923013518 0.997858923238604 0
    outer loop
      vertex 5.4 36.199999999999996 2
      vertex 5.034526661783856 36.17604561184667 17
      vertex 5.4 36.199999999999996 17
    endloop
  endfacet
  facet normal 0.06540312923013518 0.997858923238604 0
    outer loop
      vertex 5.765473338216145 36.17604561184667 2
      vertex 5.4 36.199999999999996 17
      vertex 5.765473338216145 36.17604561184667 17
    endloop
  endfacet
  facet normal 0.19509032201613427 0.9807852804032293 0
    outer loop
      vertex 6.124693326287058 36.10459231360939 2
      vertex 5.765473338216145 36.17604561184667 17
      vertex 6.124693326287058 36.10459231360939 17
    endloop
  endfacet
  facet normal 0.44228869021900336 0.8968727415326873 0
    outer loop
      vertex 6.800000000000001 35.82487113059643 2
      vertex 6.471513610622251 35.986862691031604 17
      vertex 6.800000000000001 35.82487113059643 17
    endloop
  endfacet
  facet normal 0.32143946530315076 0.9469301294951094 0
    outer loop
      vertex 6.471513610622251 35.986862691031604 2
      vertex 6.124693326287058 36.10459231360939 17
      vertex 6.471513610622251 35.986862691031604 17
    endloop
  endfacet
  facet normal 0.5555702330196065 -0.8314696123025423 0
    outer loop
      vertex 6.800000000000001 30.97512886940357 2
      vertex 7.104532001224419 31.17861064718454 17
      vertex 6.800000000000001 30.97512886940357 17
    endloop
  endfacet
  facet normal 0.6593458151000685 -0.7518398074789777 0
    outer loop
      vertex 7.104532001224419 31.17861064718454 2
      vertex 7.379898987322333 31.420101012677666 17
      vertex 7.104532001224419 31.17861064718454 17
    endloop
  endfacet
  facet normal 0.7518398074789753 -0.6593458151000713 0
    outer loop
      vertex 7.621389352815459 31.69546799877558 2
      vertex 7.621389352815459 31.69546799877558 17
      vertex 7.379898987322333 31.420101012677666 17
    endloop
  endfacet
  facet normal 0.8314696123025485 -0.5555702330195976 0
    outer loop
      vertex 7.824871130596428 32 2
      vertex 7.824871130596428 32 17
      vertex 7.621389352815459 31.69546799877558 17
    endloop
  endfacet
  facet normal 0.8968727415326854 -0.44228869021900713 0
    outer loop
      vertex 7.986862691031603 32.328486389377744 2
      vertex 7.986862691031603 32.328486389377744 17
      vertex 7.824871130596428 32 17
    endloop
  endfacet
  facet normal 0.9469301294951061 -0.32143946530316014 0
    outer loop
      vertex 8.104592313609391 32.67530667371294 2
      vertex 8.104592313609391 32.67530667371294 17
      vertex 7.986862691031603 32.328486389377744 17
    endloop
  endfacet
  facet normal 0.9807852804032307 -0.1950903220161268 0
    outer loop
      vertex 8.17604561184667 33.03452666178386 2
      vertex 8.17604561184667 33.03452666178386 17
      vertex 8.104592313609391 32.67530667371294 17
    endloop
  endfacet
  facet normal 0.8968727415326854 0.44228869021900713 0
    outer loop
      vertex 7.824871130596428 34.8 2
      vertex 7.824871130596428 34.8 17
      vertex 7.986862691031603 34.47151361062225 17
    endloop
  endfacet
  facet normal 0.5555702330196065 0.8314696123025423 0
    outer loop
      vertex 7.104532001224419 35.621389352815456 2
      vertex 6.800000000000001 35.82487113059643 17
      vertex 7.104532001224419 35.621389352815456 17
    endloop
  endfacet
  facet normal 0.659345815100063 0.7518398074789825 0
    outer loop
      vertex 7.379898987322333 35.379898987322335 2
      vertex 7.104532001224419 35.621389352815456 17
      vertex 7.379898987322333 35.379898987322335 17
    endloop
  endfacet
  facet normal 0.7518398074789837 0.6593458151000615 0
    outer loop
      vertex 7.379898987322333 35.379898987322335 2
      vertex 7.379898987322333 35.379898987322335 17
      vertex 7.621389352815459 35.10453200122441 17
    endloop
  endfacet
  facet normal 0.8314696123025453 0.555570233019602 0
    outer loop
      vertex 7.621389352815459 35.10453200122441 2
      vertex 7.621389352815459 35.10453200122441 17
      vertex 7.824871130596428 34.8 17
    endloop
  endfacet
  facet normal 0.9978589232386037 -0.06540312923014063 0
    outer loop
      vertex 8.2 33.4 2
      vertex 8.2 33.4 17
      vertex 8.17604561184667 33.03452666178386 17
    endloop
  endfacet
  facet normal 0.9978589232386037 0.06540312923014063 0
    outer loop
      vertex 8.17604561184667 33.76547333821614 2
      vertex 8.17604561184667 33.76547333821614 17
      vertex 8.2 33.4 17
    endloop
  endfacet
  facet normal 0.9807852804032307 0.1950903220161268 0
    outer loop
      vertex 8.104592313609391 34.12469332628706 2
      vertex 8.104592313609391 34.12469332628706 17
      vertex 8.17604561184667 33.76547333821614 17
    endloop
  endfacet
  facet normal 0.9469301294951061 0.32143946530316014 0
    outer loop
      vertex 7.986862691031603 34.47151361062225 2
      vertex 7.986862691031603 34.47151361062225 17
      vertex 8.104592313609391 34.12469332628706 17
    endloop
  endfacet
  facet normal 0 0 1
    outer loop
      vertex 2.8131373089683978 32.328486389377744 17
      vertex 2.695407686390609 34.12469332628706 17
      vertex 2.695407686390609 32.67530667371294 17
    endloop
  endfacet
  facet normal 0 0 1
    outer loop
      vertex 2.8131373089683978 32.328486389377744 17
      vertex 2.9751288694035725 32 17
      vertex 2.8131373089683978 34.47151361062225 17
    endloop
  endfacet
  facet normal 0 0 1
    outer loop
      vertex 2.9751288694035725 32 17
      vertex 3.178610647184542 31.69546799877558 17
      vertex 2.9751288694035725 34.8 17
    endloop
  endfacet
  facet normal 0 0 1
    outer loop
      vertex 3.178610647184542 31.69546799877558 17
      vertex 3.420101012677667 31.420101012677666 17
      vertex 3.178610647184542 35.10453200122441 17
    endloop
  endfacet
  facet normal 0 0 1
    outer loop
      vertex 3.6954679987755825 31.17861064718454 17
      vertex 3.420101012677667 35.379898987322335 17
      vertex 3.420101012677667 31.420101012677666 17
    endloop
  endfacet
  facet normal 0 0 1
    outer loop
      vertex 3.6954679987755825 31.17861064718454 17
      vertex 4 30.97512886940357 17
      vertex 3.6954679987755825 35.621389352815456 17
    endloop
  endfacet
  facet normal 0 0 1
    outer loop
      vertex 4 30.97512886940357 17
      vertex 4.328486389377749 30.813137308968397 17
      vertex 4.160693923282738 33.23684225972493 17
    endloop
  endfacet
  facet normal 0 0 1
    outer loop
      vertex 4.328486389377749 30.813137308968397 17
      vertex 4.675306673712942 30.695407686390606 17
      vertex 4.516116523516816 32.516116523516814 17
    endloop
  endfacet
  facet normal 0 0 1
    outer loop
      vertex 4.328486389377749 30.813137308968397 17
      vertex 4.317468245269453 32.775 17
      vertex 4.245150584360892 32.92164570954364 17
    endloop
  endfacet
  facet normal 0 0 1
    outer loop
      vertex 4.328486389377749 30.813137308968397 17
      vertex 4.408308324635956 32.639048213739095 17
      vertex 4.317468245269453 32.775 17
    endloop
  endfacet
  facet normal 0 0 1
    outer loop
      vertex 4.328486389377749 30.813137308968397 17
      vertex 4.516116523516816 32.516116523516814 17
      vertex 4.408308324635956 32.639048213739095 17
    endloop
  endfacet
  facet normal 0 0 1
    outer loop
      vertex 4 30.97512886940357 17
      vertex 4.160693923282738 33.23684225972493 17
      vertex 4.15 33.4 17
    endloop
  endfacet
  facet normal 0 0 1
    outer loop
      vertex 4.328486389377749 30.813137308968397 17
      vertex 4.245150584360892 32.92164570954364 17
      vertex 4.192592717138665 33.07647619362185 17
    endloop
  endfacet
  facet normal 0 0 1
    outer loop
      vertex 4.328486389377749 30.813137308968397 17
      vertex 4.192592717138665 33.07647619362185 17
      vertex 4.160693923282738 33.23684225972493 17
    endloop
  endfacet
  facet normal 0 0 1
    outer loop
      vertex 2.695407686390609 32.67530667371294 17
      vertex 2.6239543881533316 33.76547333821614 17
      vertex 2.6239543881533316 33.03452666178386 17
    endloop
  endfacet
  facet normal 0 0 1
    outer loop
      vertex 2.6239543881533316 33.03452666178386 17
      vertex 2.6239543881533316 33.76547333821614 17
      vertex 2.6000000000000005 33.4 17
    endloop
  endfacet
  facet normal 0 0 1
    outer loop
      vertex 2.695407686390609 32.67530667371294 17
      vertex 2.695407686390609 34.12469332628706 17
      vertex 2.6239543881533316 33.76547333821614 17
    endloop
  endfacet
  facet normal 0 0 1
    outer loop
      vertex 2.8131373089683978 32.328486389377744 17
      vertex 2.8131373089683978 34.47151361062225 17
      vertex 2.695407686390609 34.12469332628706 17
    endloop
  endfacet
  facet normal 0 0 1
    outer loop
      vertex 2.9751288694035725 32 17
      vertex 2.9751288694035725 34.8 17
      vertex 2.8131373089683978 34.47151361062225 17
    endloop
  endfacet
  facet normal 0 0 1
    outer loop
      vertex 3.178610647184542 31.69546799877558 17
      vertex 3.178610647184542 35.10453200122441 17
      vertex 2.9751288694035725 34.8 17
    endloop
  endfacet
  facet normal 0 0 1
    outer loop
      vertex 3.420101012677667 31.420101012677666 17
      vertex 3.420101012677667 35.379898987322335 17
      vertex 3.178610647184542 35.10453200122441 17
    endloop
  endfacet
  facet normal 0 0 1
    outer loop
      vertex 3.6954679987755825 31.17861064718454 17
      vertex 3.6954679987755825 35.621389352815456 17
      vertex 3.420101012677667 35.379898987322335 17
    endloop
  endfacet
  facet normal 0 0 1
    outer loop
      vertex 4 30.97512886940357 17
      vertex 4 35.82487113059643 17
      vertex 3.6954679987755825 35.621389352815456 17
    endloop
  endfacet
  facet normal 0 0 1
    outer loop
      vertex 4 30.97512886940357 17
      vertex 4.15 33.4 17
      vertex 4 35.82487113059643 17
    endloop
  endfacet
  facet normal 0 0 1
    outer loop
      vertex 4 35.82487113059643 17
      vertex 4.15 33.4 17
      vertex 4.160693923282738 33.56315774027507 17
    endloop
  endfacet
  facet normal 0 0 1
    outer loop
      vertex 4 35.82487113059643 17
      vertex 4.160693923282738 33.56315774027507 17
      vertex 4.192592717138665 33.72352380637815 17
    endloop
  endfacet
  facet normal 0 0 1
    outer loop
      vertex 4 35.82487113059643 17
      vertex 4.192592717138665 33.72352380637815 17
      vertex 4.245150584360892 33.87835429045636 17
    endloop
  endfacet
  facet normal 0 0 1
    outer loop
      vertex 4 35.82487113059643 17
      vertex 4.245150584360892 33.87835429045636 17
      vertex 4.317468245269453 34.025 17
    endloop
  endfacet
  facet normal 0 0 1
    outer loop
      vertex 4 35.82487113059643 17
      vertex 4.317468245269453 34.025 17
      vertex 4.408308324635956 34.1609517862609 17
    endloop
  endfacet
  facet normal 0 0 1
    outer loop
      vertex 4.328486389377749 35.986862691031604 17
      vertex 4.408308324635956 34.1609517862609 17
      vertex 4.516116523516816 34.28388347648318 17
    endloop
  endfacet
  facet normal 0 0 1
    outer loop
      vertex 4.328486389377749 35.986862691031604 17
      vertex 4.516116523516816 34.28388347648318 17
      vertex 4.6390482137391 34.391691675364044 17
    endloop
  endfacet
  facet normal 0 0 1
    outer loop
      vertex 4 35.82487113059643 17
      vertex 4.408308324635956 34.1609517862609 17
      vertex 4.328486389377749 35.986862691031604 17
    endloop
  endfacet
  facet normal 0 0 1
    outer loop
      vertex 4.675306673712942 30.695407686390606 17
      vertex 5.034526661783856 30.62395438815333 17
      vertex 4.921645709543638 32.24515058436089 17
    endloop
  endfacet
  facet normal 0 0 1
    outer loop
      vertex 5.034526661783856 30.62395438815333 17
      vertex 5.4 30.599999999999998 17
      vertex 5.236842259724936 32.160693923282736 17
    endloop
  endfacet
  facet normal 0 0 1
    outer loop
      vertex 5.4 30.599999999999998 17
      vertex 5.765473338216145 30.62395438815333 17
      vertex 5.563157740275065 32.160693923282736 17
    endloop
  endfacet
  facet normal 0 0 1
    outer loop
      vertex 4.675306673712942 30.695407686390606 17
      vertex 4.6390482137391 32.408308324635954 17
      vertex 4.516116523516816 32.516116523516814 17
    endloop
  endfacet
  facet normal 0 0 1
    outer loop
      vertex 4.675306673712942 30.695407686390606 17
      vertex 4.775 32.31746824526945 17
      vertex 4.6390482137391 32.408308324635954 17
    endloop
  endfacet
  facet normal 0 0 1
    outer loop
      vertex 4.675306673712942 30.695407686390606 17
      vertex 4.921645709543638 32.24515058436089 17
      vertex 4.775 32.31746824526945 17
    endloop
  endfacet
  facet normal 0 0 1
    outer loop
      vertex 5.034526661783856 30.62395438815333 17
      vertex 5.07647619362185 32.192592717138666 17
      vertex 4.921645709543638 32.24515058436089 17
    endloop
  endfacet
  facet normal 0 0 1
    outer loop
      vertex 5.034526661783856 30.62395438815333 17
      vertex 5.236842259724936 32.160693923282736 17
      vertex 5.07647619362185 32.192592717138666 17
    endloop
  endfacet
  facet normal 0 0 1
    outer loop
      vertex 5.4 30.599999999999998 17
      vertex 5.4 32.15 17
      vertex 5.236842259724936 32.160693923282736 17
    endloop
  endfacet
  facet normal 0 0 1
    outer loop
      vertex 5.4 30.599999999999998 17
      vertex 5.563157740275065 32.160693923282736 17
      vertex 5.4 32.15 17
    endloop
  endfacet
  facet normal 0 0 1
    outer loop
      vertex 5.765473338216145 30.62395438815333 17
      vertex 5.723523806378151 32.192592717138666 17
      vertex 5.563157740275065 32.160693923282736 17
    endloop
  endfacet
  facet normal 0 0 1
    outer loop
      vertex 5.765473338216145 30.62395438815333 17
      vertex 6.124693326287058 30.695407686390606 17
      vertex 5.723523806378151 32.192592717138666 17
    endloop
  endfacet
  facet normal 0 0 1
    outer loop
      vertex 6.124693326287058 30.695407686390606 17
      vertex 6.471513610622251 30.813137308968397 17
      vertex 6.025 32.31746824526945 17
    endloop
  endfacet
  facet normal 0 0 1
    outer loop
      vertex 6.124693326287058 30.695407686390606 17
      vertex 5.878354290456363 32.24515058436089 17
      vertex 5.723523806378151 32.192592717138666 17
    endloop
  endfacet
  facet normal 0 0 1
    outer loop
      vertex 6.124693326287058 30.695407686390606 17
      vertex 6.025 32.31746824526945 17
      vertex 5.878354290456363 32.24515058436089 17
    endloop
  endfacet
  facet normal 0 0 1
    outer loop
      vertex 6.471513610622251 30.813137308968397 17
      vertex 6.160951786260901 32.408308324635954 17
      vertex 6.025 32.31746824526945 17
    endloop
  endfacet
  facet normal 0 0 1
    outer loop
      vertex 6.471513610622251 30.813137308968397 17
      vertex 6.283883476483185 32.516116523516814 17
      vertex 6.160951786260901 32.408308324635954 17
    endloop
  endfacet
  facet normal 0 0 1
    outer loop
      vertex 6.471513610622251 30.813137308968397 17
      vertex 6.3916916753640445 32.639048213739095 17
      vertex 6.283883476483185 32.516116523516814 17
    endloop
  endfacet
  facet normal 0 0 1
    outer loop
      vertex 6.471513610622251 30.813137308968397 17
      vertex 6.800000000000001 30.97512886940357 17
      vertex 6.3916916753640445 32.639048213739095 17
    endloop
  endfacet
  facet normal 0 0 1
    outer loop
      vertex 6.800000000000001 30.97512886940357 17
      vertex 6.482531754730548 32.775 17
      vertex 6.3916916753640445 32.639048213739095 17
    endloop
  endfacet
  facet normal 0 0 1
    outer loop
      vertex 6.800000000000001 30.97512886940357 17
      vertex 6.6074072828613355 33.07647619362185 17
      vertex 6.554849415639109 32.92164570954364 17
    endloop
  endfacet
  facet normal 0 0 1
    outer loop
      vertex 6.800000000000001 30.97512886940357 17
      vertex 6.554849415639109 32.92164570954364 17
      vertex 6.482531754730548 32.775 17
    endloop
  endfacet
  facet normal 0 0 1
    outer loop
      vertex 6.800000000000001 30.97512886940357 17
      vertex 6.639306076717263 33.23684225972493 17
      vertex 6.6074072828613355 33.07647619362185 17
    endloop
  endfacet
  facet normal 0 0 1
    outer loop
      vertex 6.800000000000001 30.97512886940357 17
      vertex 6.65 33.4 17
      vertex 6.639306076717263 33.23684225972493 17
    endloop
  endfacet
  facet normal 0 0 1
    outer loop
      vertex 4.328486389377749 35.986862691031604 17
      vertex 4.6390482137391 34.391691675364044 17
      vertex 4.775 34.482531754730545 17
    endloop
  endfacet
  facet normal 0 0 1
    outer loop
      vertex 4.675306673712942 36.10459231360939 17
      vertex 4.775 34.482531754730545 17
      vertex 4.921645709543638 34.554849415639104 17
    endloop
  endfacet
  facet normal 0 0 1
    outer loop
      vertex 4.328486389377749 35.986862691031604 17
      vertex 4.775 34.482531754730545 17
      vertex 4.675306673712942 36.10459231360939 17
    endloop
  endfacet
  facet normal 0 0 1
    outer loop
      vertex 4.675306673712942 36.10459231360939 17
      vertex 4.921645709543638 34.554849415639104 17
      vertex 5.07647619362185 34.60740728286133 17
    endloop
  endfacet
  facet normal 0 0 1
    outer loop
      vertex 5.034526661783856 36.17604561184667 17
      vertex 5.07647619362185 34.60740728286133 17
      vertex 5.236842259724936 34.63930607671726 17
    endloop
  endfacet
  facet normal 0 0 1
    outer loop
      vertex 4.675306673712942 36.10459231360939 17
      vertex 5.07647619362185 34.60740728286133 17
      vertex 5.034526661783856 36.17604561184667 17
    endloop
  endfacet
  facet normal 0 0 1
    outer loop
      vertex 5.4 36.199999999999996 17
      vertex 5.236842259724936 34.63930607671726 17
      vertex 5.4 34.65 17
    endloop
  endfacet
  facet normal 0 0 1
    outer loop
      vertex 5.034526661783856 36.17604561184667 17
      vertex 5.236842259724936 34.63930607671726 17
      vertex 5.4 36.199999999999996 17
    endloop
  endfacet
  facet normal 0 0 1
    outer loop
      vertex 5.4 36.199999999999996 17
      vertex 5.4 34.65 17
      vertex 5.563157740275065 34.63930607671726 17
    endloop
  endfacet
  facet normal 0 0 1
    outer loop
      vertex 5.765473338216145 36.17604561184667 17
      vertex 5.563157740275065 34.63930607671726 17
      vertex 5.723523806378151 34.60740728286133 17
    endloop
  endfacet
  facet normal 0 0 1
    outer loop
      vertex 5.4 36.199999999999996 17
      vertex 5.563157740275065 34.63930607671726 17
      vertex 5.765473338216145 36.17604561184667 17
    endloop
  endfacet
  facet normal 0 0 1
    outer loop
      vertex 6.124693326287058 36.10459231360939 17
      vertex 6.160951786260901 34.391691675364044 17
      vertex 6.283883476483185 34.28388347648318 17
    endloop
  endfacet
  facet normal 0 0 1
    outer loop
      vertex 6.800000000000001 30.97512886940357 17
      vertex 6.800000000000001 35.82487113059643 17
      vertex 6.65 33.4 17
    endloop
  endfacet
  facet normal 0 0 1
    outer loop
      vertex 6.471513610622251 35.986862691031604 17
      vertex 6.283883476483185 34.28388347648318 17
      vertex 6.3916916753640445 34.1609517862609 17
    endloop
  endfacet
  facet normal 0 0 1
    outer loop
      vertex 6.471513610622251 35.986862691031604 17
      vertex 6.3916916753640445 34.1609517862609 17
      vertex 6.482531754730548 34.025 17
    endloop
  endfacet
  facet normal 0 0 1
    outer loop
      vertex 6.471513610622251 35.986862691031604 17
      vertex 6.482531754730548 34.025 17
      vertex 6.554849415639109 33.87835429045636 17
    endloop
  endfacet
  facet normal 0 0 1
    outer loop
      vertex 6.471513610622251 35.986862691031604 17
      vertex 6.6074072828613355 33.72352380637815 17
      vertex 6.639306076717263 33.56315774027507 17
    endloop
  endfacet
  facet normal 0 0 1
    outer loop
      vertex 6.800000000000001 35.82487113059643 17
      vertex 6.639306076717263 33.56315774027507 17
      vertex 6.65 33.4 17
    endloop
  endfacet
  facet normal 0 0 1
    outer loop
      vertex 6.471513610622251 35.986862691031604 17
      vertex 6.554849415639109 33.87835429045636 17
      vertex 6.6074072828613355 33.72352380637815 17
    endloop
  endfacet
  facet normal 0 0 1
    outer loop
      vertex 5.765473338216145 36.17604561184667 17
      vertex 5.723523806378151 34.60740728286133 17
      vertex 5.878354290456363 34.554849415639104 17
    endloop
  endfacet
  facet normal 0 0 1
    outer loop
      vertex 5.765473338216145 36.17604561184667 17
      vertex 5.878354290456363 34.554849415639104 17
      vertex 6.124693326287058 36.10459231360939 17
    endloop
  endfacet
  facet normal 0 0 1
    outer loop
      vertex 6.124693326287058 36.10459231360939 17
      vertex 5.878354290456363 34.554849415639104 17
      vertex 6.025 34.482531754730545 17
    endloop
  endfacet
  facet normal 0 0 1
    outer loop
      vertex 6.124693326287058 36.10459231360939 17
      vertex 6.025 34.482531754730545 17
      vertex 6.160951786260901 34.391691675364044 17
    endloop
  endfacet
  facet normal 0 0 1
    outer loop
      vertex 6.124693326287058 36.10459231360939 17
      vertex 6.283883476483185 34.28388347648318 17
      vertex 6.471513610622251 35.986862691031604 17
    endloop
  endfacet
  facet normal 0 0 1
    outer loop
      vertex 6.800000000000001 35.82487113059643 17
      vertex 6.471513610622251 35.986862691031604 17
      vertex 6.639306076717263 33.56315774027507 17
    endloop
  endfacet
  facet normal 0 0 1
    outer loop
      vertex 6.800000000000001 30.97512886940357 17
      vertex 7.104532001224419 31.17861064718454 17
      vertex 6.800000000000001 35.82487113059643 17
    endloop
  endfacet
  facet normal 0 0 1
    outer loop
      vertex 7.104532001224419 31.17861064718454 17
      vertex 7.379898987322333 31.420101012677666 17
      vertex 7.104532001224419 35.621389352815456 17
    endloop
  endfacet
  facet normal 0 0 1
    outer loop
      vertex 7.379898987322333 31.420101012677666 17
      vertex 7.621389352815459 31.69546799877558 17
      vertex 7.379898987322333 35.379898987322335 17
    endloop
  endfacet
  facet normal 0 0 1
    outer loop
      vertex 7.621389352815459 31.69546799877558 17
      vertex 7.824871130596428 32 17
      vertex 7.621389352815459 35.10453200122441 17
    endloop
  endfacet
  facet normal 0 0 1
    outer loop
      vertex 7.824871130596428 32 17
      vertex 7.986862691031603 32.328486389377744 17
      vertex 7.824871130596428 34.8 17
    endloop
  endfacet
  facet normal 0 0 1
    outer loop
      vertex 6.800000000000001 35.82487113059643 17
      vertex 7.104532001224419 31.17861064718454 17
      vertex 7.104532001224419 35.621389352815456 17
    endloop
  endfacet
  facet normal 0 0 1
    outer loop
      vertex 7.379898987322333 31.420101012677666 17
      vertex 7.379898987322333 35.379898987322335 17
      vertex 7.104532001224419 35.621389352815456 17
    endloop
  endfacet
  facet normal 0 0 1
    outer loop
      vertex 7.824871130596428 32 17
      vertex 7.824871130596428 34.8 17
      vertex 7.621389352815459 35.10453200122441 17
    endloop
  endfacet
  facet normal 0 0 1
    outer loop
      vertex 7.986862691031603 32.328486389377744 17
      vertex 7.986862691031603 34.47151361062225 17
      vertex 7.824871130596428 34.8 17
    endloop
  endfacet
  facet normal 0 0 1
    outer loop
      vertex 7.621389352815459 31.69546799877558 17
      vertex 7.621389352815459 35.10453200122441 17
      vertex 7.379898987322333 35.379898987322335 17
    endloop
  endfacet
  facet normal 0 0 1
    outer loop
      vertex 7.986862691031603 32.328486389377744 17
      vertex 8.104592313609391 32.67530667371294 17
      vertex 7.986862691031603 34.47151361062225 17
    endloop
  endfacet
  facet normal 0 0 1
    outer loop
      vertex 8.104592313609391 32.67530667371294 17
      vertex 8.17604561184667 33.03452666178386 17
      vertex 8.104592313609391 34.12469332628706 17
    endloop
  endfacet
  facet normal 0 0 1
    outer loop
      vertex 8.17604561184667 33.03452666178386 17
      vertex 8.2 33.4 17
      vertex 8.17604561184667 33.76547333821614 17
    endloop
  endfacet
  facet normal 0 0 1
    outer loop
      vertex 8.104592313609391 32.67530667371294 17
      vertex 8.104592313609391 34.12469332628706 17
      vertex 7.986862691031603 34.47151361062225 17
    endloop
  endfacet
  facet normal 0 0 1
    outer loop
      vertex 8.17604561184667 33.03452666178386 17
      vertex 8.17604561184667 33.76547333821614 17
      vertex 8.104592313609391 34.12469332628706 17
    endloop
  endfacet
  facet normal -0.6593458151000838 -0.7518398074789644 -3.83538036396647e-19
    outer loop
      vertex 3.420101012677667 110.42010101267766 2
      vertex 3.6954679987755825 110.17861064718453 2
      vertex 3.6954679987755825 110.17861064718453 17
    endloop
  endfacet
  facet normal -0.5555702330195936 -0.8314696123025509 3.710795416102471e-19
    outer loop
      vertex 3.6954679987755825 110.17861064718453 2
      vertex 4 109.97512886940356 2
      vertex 4 109.97512886940356 17
    endloop
  endfacet
  facet normal -0.44228869021898776 -0.8968727415326949 -1.5461149830543325e-19
    outer loop
      vertex 4 109.97512886940356 2
      vertex 4.328486389377749 109.8131373089684 2
      vertex 4.328486389377749 109.8131373089684 17
    endloop
  endfacet
  facet normal -0.9469301294951058 -0.32143946530316125 -4.2965470471586465e-19
    outer loop
      vertex 2.8131373089683978 111.32848638937774 2
      vertex 2.695407686390609 111.67530667371294 17
      vertex 2.695407686390609 111.67530667371294 2
    endloop
  endfacet
  facet normal -0.9807852804032298 -0.1950903220161319 -6.269690641944791e-20
    outer loop
      vertex 2.695407686390609 111.67530667371294 2
      vertex 2.6239543881533316 112.03452666178384 17
      vertex 2.6239543881533316 112.03452666178384 2
    endloop
  endfacet
  facet normal -0.8968727415326934 -0.44228869021899075 0
    outer loop
      vertex 2.8131373089683978 111.32848638937774 2
      vertex 2.9751288694035725 110.99999999999999 2
      vertex 2.8131373089683978 111.32848638937774 17
    endloop
  endfacet
  facet normal -0.8314696123025442 -0.5555702330196037 0
    outer loop
      vertex 2.9751288694035725 110.99999999999999 2
      vertex 3.178610647184542 110.69546799877557 2
      vertex 2.9751288694035725 110.99999999999999 17
    endloop
  endfacet
  facet normal -0.7518398074789681 -0.6593458151000795 -4.926414485549301e-19
    outer loop
      vertex 3.420101012677667 110.42010101267766 2
      vertex 3.178610647184542 110.69546799877557 17
      vertex 3.178610647184542 110.69546799877557 2
    endloop
  endfacet
  facet normal -0.9978589232386036 -0.06540312923014299 1.2864997547950523e-19
    outer loop
      vertex 2.6239543881533316 112.03452666178384 2
      vertex 2.6000000000000005 112.39999999999999 17
      vertex 2.6000000000000005 112.39999999999999 2
    endloop
  endfacet
  facet normal -0.9978589232386036 0.06540312923014299 -1.2864997547950523e-19
    outer loop
      vertex 2.6000000000000005 112.39999999999999 2
      vertex 2.6239543881533316 112.76547333821614 17
      vertex 2.6239543881533316 112.76547333821614 2
    endloop
  endfacet
  facet normal -0.9807852804032298 0.1950903220161319 6.269690641944791e-20
    outer loop
      vertex 2.6239543881533316 112.76547333821614 2
      vertex 2.695407686390609 113.12469332628704 17
      vertex 2.695407686390609 113.12469332628704 2
    endloop
  endfacet
  facet normal -0.9469301294951058 0.32143946530316125 4.2965470471586465e-19
    outer loop
      vertex 2.695407686390609 113.12469332628704 2
      vertex 2.8131373089683978 113.47151361062224 17
      vertex 2.8131373089683978 113.47151361062224 2
    endloop
  endfacet
  facet normal -0.8968727415326934 0.44228869021899075 -2.8760774782466385e-19
    outer loop
      vertex 2.8131373089683978 113.47151361062224 2
      vertex 2.9751288694035725 113.8 17
      vertex 2.9751288694035725 113.8 2
    endloop
  endfacet
  facet normal -0.8314696123025442 0.5555702330196037 -5.832939348413623e-19
    outer loop
      vertex 2.9751288694035725 113.8 2
      vertex 3.178610647184542 114.10453200122441 17
      vertex 3.178610647184542 114.10453200122441 2
    endloop
  endfacet
  facet normal -0.7518398074789681 0.6593458151000795 4.926414485549301e-19
    outer loop
      vertex 3.178610647184542 114.10453200122441 2
      vertex 3.420101012677667 114.37989898732232 17
      vertex 3.420101012677667 114.37989898732232 2
    endloop
  endfacet
  facet normal -0.6593458151000838 0.7518398074789644 0
    outer loop
      vertex 3.420101012677667 114.37989898732232 2
      vertex 3.420101012677667 114.37989898732232 17
      vertex 3.6954679987755825 114.62138935281546 2
    endloop
  endfacet
  facet normal -0.5555702330195936 0.8314696123025509 0
    outer loop
      vertex 3.6954679987755825 114.62138935281546 2
      vertex 3.6954679987755825 114.62138935281546 17
      vertex 4 114.82487113059642 2
    endloop
  endfacet
  facet normal -0.44228869021898776 0.8968727415326949 0
    outer loop
      vertex 4 114.82487113059642 2
      vertex 4 114.82487113059642 17
      vertex 4.328486389377749 114.98686269103159 2
    endloop
  endfacet
  facet normal -0.32143946530318557 0.9469301294950976 0
    outer loop
      vertex 4.328486389377749 114.98686269103159 2
      vertex 4.328486389377749 114.98686269103159 17
      vertex 4.675306673712942 115.10459231360939 2
    endloop
  endfacet
  facet normal -0.32143946530318557 -0.9469301294950976 -4.1409266145392193e-19
    outer loop
      vertex 4.328486389377749 109.8131373089684 2
      vertex 4.675306673712942 109.6954076863906 2
      vertex 4.675306673712942 109.6954076863906 17
    endloop
  endfacet
  facet normal -0.19509032201611562 -0.9807852804032331 -1.3775778104812639e-19
    outer loop
      vertex 4.675306673712942 109.6954076863906 2
      vertex 5.034526661783856 109.62395438815332 2
      vertex 5.034526661783856 109.62395438815332 17
    endloop
  endfacet
  facet normal -0.06540312923013518 -0.997858923238604 1.244848368634853e-19
    outer loop
      vertex 5.034526661783856 109.62395438815332 2
      vertex 5.4 109.6 2
      vertex 5.4 109.6 17
    endloop
  endfacet
  facet normal 0.06540312923013518 -0.997858923238604 -1.244848368634853e-19
    outer loop
      vertex 5.4 109.6 2
      vertex 5.765473338216145 109.62395438815332 2
      vertex 5.765473338216145 109.62395438815332 17
    endloop
  endfacet
  facet normal 0.19509032201611562 -0.9807852804032331 1.3775778104812639e-19
    outer loop
      vertex 5.765473338216145 109.62395438815332 2
      vertex 6.124693326287058 109.6954076863906 2
      vertex 6.124693326287058 109.6954076863906 17
    endloop
  endfacet
  facet normal 0.32143946530318557 -0.9469301294950976 4.1409266145392193e-19
    outer loop
      vertex 6.124693326287058 109.6954076863906 2
      vertex 6.471513610622251 109.8131373089684 2
      vertex 6.471513610622251 109.8131373089684 17
    endloop
  endfacet
  facet normal 0.44228869021898776 -0.8968727415326949 1.5461149830543325e-19
    outer loop
      vertex 6.471513610622251 109.8131373089684 2
      vertex 6.800000000000001 109.97512886940356 2
      vertex 6.800000000000001 109.97512886940356 17
    endloop
  endfacet
  facet normal 0.5555702330195931 -0.8314696123025513 -3.422398768765287e-19
    outer loop
      vertex 6.800000000000001 109.97512886940356 2
      vertex 7.104532001224419 110.17861064718453 2
      vertex 7.104532001224419 110.17861064718453 17
    endloop
  endfacet
  facet normal 0.6593458151000849 -0.7518398074789633 -7.66784468131814e-19
    outer loop
      vertex 7.104532001224419 110.17861064718453 2
      vertex 7.379898987322333 110.42010101267766 2
      vertex 7.379898987322333 110.42010101267766 17
    endloop
  endfacet
  facet normal -0.19509032201611562 0.9807852804032331 0
    outer loop
      vertex 4.675306673712942 115.10459231360939 2
      vertex 4.675306673712942 115.10459231360939 17
      vertex 5.034526661783856 115.17604561184666 2
    endloop
  endfacet
  facet normal -0.06540312923013518 0.997858923238604 0
    outer loop
      vertex 5.034526661783856 115.17604561184666 2
      vertex 5.034526661783856 115.17604561184666 17
      vertex 5.4 115.19999999999999 2
    endloop
  endfacet
  facet normal 0.06540312923013518 0.997858923238604 0
    outer loop
      vertex 5.4 115.19999999999999 2
      vertex 5.4 115.19999999999999 17
      vertex 5.765473338216145 115.17604561184666 2
    endloop
  endfacet
  facet normal 0.19509032201611562 0.9807852804032331 0
    outer loop
      vertex 5.765473338216145 115.17604561184666 2
      vertex 5.765473338216145 115.17604561184666 17
      vertex 6.124693326287058 115.10459231360939 2
    endloop
  endfacet
  facet normal 0.32143946530318557 0.9469301294950976 0
    outer loop
      vertex 6.124693326287058 115.10459231360939 2
      vertex 6.124693326287058 115.10459231360939 17
      vertex 6.471513610622251 114.98686269103159 2
    endloop
  endfacet
  facet normal 0.44228869021898776 0.8968727415326949 0
    outer loop
      vertex 6.471513610622251 114.98686269103159 2
      vertex 6.471513610622251 114.98686269103159 17
      vertex 6.800000000000001 114.82487113059642 2
    endloop
  endfacet
  facet normal 0.7518398074789668 -0.6593458151000808 0
    outer loop
      vertex 7.379898987322333 110.42010101267766 2
      vertex 7.621389352815459 110.69546799877557 2
      vertex 7.379898987322333 110.42010101267766 17
    endloop
  endfacet
  facet normal 0.8314696123025453 -0.555570233019602 0
    outer loop
      vertex 7.621389352815459 110.69546799877557 2
      vertex 7.824871130596428 110.99999999999999 2
      vertex 7.621389352815459 110.69546799877557 17
    endloop
  endfacet
  facet normal 0.8968727415326929 -0.44228869021899175 0
    outer loop
      vertex 7.824871130596428 110.99999999999999 2
      vertex 7.986862691031603 111.32848638937774 2
      vertex 7.824871130596428 110.99999999999999 17
    endloop
  endfacet
  facet normal 0.8968727415326929 0.44228869021899175 2.5839531070291605e-19
    outer loop
      vertex 7.824871130596428 113.8 2
      vertex 7.986862691031603 113.47151361062224 17
      vertex 7.986862691031603 113.47151361062224 2
    endloop
  endfacet
  facet normal 0.8314696123025453 0.555570233019602 5.581548550353705e-19
    outer loop
      vertex 7.621389352815459 114.10453200122441 2
      vertex 7.824871130596428 113.8 17
      vertex 7.824871130596428 113.8 2
    endloop
  endfacet
  facet normal 0.9469301294951061 -0.32143946530316014 0
    outer loop
      vertex 7.986862691031603 111.32848638937774 2
      vertex 8.104592313609391 111.67530667371294 2
      vertex 7.986862691031603 111.32848638937774 17
    endloop
  endfacet
  facet normal 0.9807852804032293 -0.19509032201613424 0
    outer loop
      vertex 8.104592313609391 111.67530667371294 2
      vertex 8.17604561184667 112.03452666178384 2
      vertex 8.104592313609391 111.67530667371294 17
    endloop
  endfacet
  facet normal 0.9978589232386037 -0.06540312923013937 0
    outer loop
      vertex 8.17604561184667 112.03452666178384 2
      vertex 8.2 112.39999999999999 2
      vertex 8.17604561184667 112.03452666178384 17
    endloop
  endfacet
  facet normal 0.9978589232386037 0.06540312923013937 0
    outer loop
      vertex 8.2 112.39999999999999 2
      vertex 8.17604561184667 112.76547333821614 2
      vertex 8.2 112.39999999999999 17
    endloop
  endfacet
  facet normal 0.9807852804032293 0.19509032201613424 -3.76365338102197e-20
    outer loop
      vertex 8.104592313609391 113.12469332628704 2
      vertex 8.17604561184667 112.76547333821614 17
      vertex 8.17604561184667 112.76547333821614 2
    endloop
  endfacet
  facet normal 0.9469301294951061 0.32143946530316014 0
    outer loop
      vertex 8.104592313609391 113.12469332628704 2
      vertex 7.986862691031603 113.47151361062224 2
      vertex 8.104592313609391 113.12469332628704 17
    endloop
  endfacet
  facet normal 0.5555702330195931 0.8314696123025513 0
    outer loop
      vertex 6.800000000000001 114.82487113059642 2
      vertex 6.800000000000001 114.82487113059642 17
      vertex 7.104532001224419 114.62138935281546 2
    endloop
  endfacet
  facet normal 0.6593458151000849 0.7518398074789633 0
    outer loop
      vertex 7.104532001224419 114.62138935281546 2
      vertex 7.104532001224419 114.62138935281546 17
      vertex 7.379898987322333 114.37989898732232 2
    endloop
  endfacet
  facet normal 0.7518398074789668 0.6593458151000808 0
    outer loop
      vertex 7.621389352815459 114.10453200122441 2
      vertex 7.379898987322333 114.37989898732232 2
      vertex 7.621389352815459 114.10453200122441 17
    endloop
  endfacet
  facet normal -0.6593458151000838 -0.7518398074789644 0
    outer loop
      vertex 3.420101012677667 110.42010101267766 2
      vertex 3.6954679987755825 110.17861064718453 17
      vertex 3.420101012677667 110.42010101267766 17
    endloop
  endfacet
  facet normal -0.5555702330195936 -0.8314696123025509 0
    outer loop
      vertex 3.6954679987755825 110.17861064718453 2
      vertex 4 109.97512886940356 17
      vertex 3.6954679987755825 110.17861064718453 17
    endloop
  endfacet
  facet normal -0.44228869021898776 -0.8968727415326949 0
    outer loop
      vertex 4 109.97512886940356 2
      vertex 4.328486389377749 109.8131373089684 17
      vertex 4 109.97512886940356 17
    endloop
  endfacet
  facet normal -0.32143946530318557 -0.9469301294950976 0
    outer loop
      vertex 4.328486389377749 109.8131373089684 2
      vertex 4.675306673712942 109.6954076863906 17
      vertex 4.328486389377749 109.8131373089684 17
    endloop
  endfacet
  facet normal -0.9807852804032298 -0.1950903220161319 0
    outer loop
      vertex 2.695407686390609 111.67530667371294 2
      vertex 2.695407686390609 111.67530667371294 17
      vertex 2.6239543881533316 112.03452666178384 17
    endloop
  endfacet
  facet normal -0.9469301294951058 -0.32143946530316125 0
    outer loop
      vertex 2.8131373089683978 111.32848638937774 2
      vertex 2.8131373089683978 111.32848638937774 17
      vertex 2.695407686390609 111.67530667371294 17
    endloop
  endfacet
  facet normal -0.9978589232386036 -0.06540312923014299 0
    outer loop
      vertex 2.6239543881533316 112.03452666178384 2
      vertex 2.6239543881533316 112.03452666178384 17
      vertex 2.6000000000000005 112.39999999999999 17
    endloop
  endfacet
  facet normal -0.8314696123025442 -0.5555702330196037 0
    outer loop
      vertex 3.178610647184542 110.69546799877557 2
      vertex 3.178610647184542 110.69546799877557 17
      vertex 2.9751288694035725 110.99999999999999 17
    endloop
  endfacet
  facet normal -0.8968727415326934 -0.44228869021899075 0
    outer loop
      vertex 2.9751288694035725 110.99999999999999 2
      vertex 2.9751288694035725 110.99999999999999 17
      vertex 2.8131373089683978 111.32848638937774 17
    endloop
  endfacet
  facet normal -0.7518398074789681 -0.6593458151000795 0
    outer loop
      vertex 3.420101012677667 110.42010101267766 2
      vertex 3.420101012677667 110.42010101267766 17
      vertex 3.178610647184542 110.69546799877557 17
    endloop
  endfacet
  facet normal -0.9978589232386036 0.06540312923014299 0
    outer loop
      vertex 2.6000000000000005 112.39999999999999 2
      vertex 2.6000000000000005 112.39999999999999 17
      vertex 2.6239543881533316 112.76547333821614 17
    endloop
  endfacet
  facet normal -0.9807852804032298 0.1950903220161319 0
    outer loop
      vertex 2.6239543881533316 112.76547333821614 2
      vertex 2.6239543881533316 112.76547333821614 17
      vertex 2.695407686390609 113.12469332628704 17
    endloop
  endfacet
  facet normal -0.9469301294951058 0.32143946530316125 0
    outer loop
      vertex 2.695407686390609 113.12469332628704 2
      vertex 2.695407686390609 113.12469332628704 17
      vertex 2.8131373089683978 113.47151361062224 17
    endloop
  endfacet
  facet normal -0.8968727415326934 0.44228869021899075 0
    outer loop
      vertex 2.8131373089683978 113.47151361062224 2
      vertex 2.8131373089683978 113.47151361062224 17
      vertex 2.9751288694035725 113.8 17
    endloop
  endfacet
  facet normal -0.8314696123025442 0.5555702330196037 0
    outer loop
      vertex 2.9751288694035725 113.8 2
      vertex 2.9751288694035725 113.8 17
      vertex 3.178610647184542 114.10453200122441 17
    endloop
  endfacet
  facet normal -0.7518398074789681 0.6593458151000795 0
    outer loop
      vertex 3.178610647184542 114.10453200122441 2
      vertex 3.178610647184542 114.10453200122441 17
      vertex 3.420101012677667 114.37989898732232 17
    endloop
  endfacet
  facet normal -0.6593458151000838 0.7518398074789644 0
    outer loop
      vertex 3.6954679987755825 114.62138935281546 2
      vertex 3.420101012677667 114.37989898732232 17
      vertex 3.6954679987755825 114.62138935281546 17
    endloop
  endfacet
  facet normal -0.5555702330195936 0.8314696123025509 0
    outer loop
      vertex 4 114.82487113059642 2
      vertex 3.6954679987755825 114.62138935281546 17
      vertex 4 114.82487113059642 17
    endloop
  endfacet
  facet normal -0.44228869021898776 0.8968727415326949 0
    outer loop
      vertex 4.328486389377749 114.98686269103159 2
      vertex 4 114.82487113059642 17
      vertex 4.328486389377749 114.98686269103159 17
    endloop
  endfacet
  facet normal -0.19509032201611562 -0.9807852804032331 0
    outer loop
      vertex 4.675306673712942 109.6954076863906 2
      vertex 5.034526661783856 109.62395438815332 17
      vertex 4.675306673712942 109.6954076863906 17
    endloop
  endfacet
  facet normal -0.06540312923013518 -0.997858923238604 0
    outer loop
      vertex 5.034526661783856 109.62395438815332 2
      vertex 5.4 109.6 17
      vertex 5.034526661783856 109.62395438815332 17
    endloop
  endfacet
  facet normal 0.06540312923013518 -0.997858923238604 0
    outer loop
      vertex 5.4 109.6 2
      vertex 5.765473338216145 109.62395438815332 17
      vertex 5.4 109.6 17
    endloop
  endfacet
  facet normal 0.19509032201611562 -0.9807852804032331 0
    outer loop
      vertex 5.765473338216145 109.62395438815332 2
      vertex 6.124693326287058 109.6954076863906 17
      vertex 5.765473338216145 109.62395438815332 17
    endloop
  endfacet
  facet normal 0.32143946530318557 -0.9469301294950976 0
    outer loop
      vertex 6.124693326287058 109.6954076863906 2
      vertex 6.471513610622251 109.8131373089684 17
      vertex 6.124693326287058 109.6954076863906 17
    endloop
  endfacet
  facet normal 0.44228869021898776 -0.8968727415326949 0
    outer loop
      vertex 6.471513610622251 109.8131373089684 2
      vertex 6.800000000000001 109.97512886940356 17
      vertex 6.471513610622251 109.8131373089684 17
    endloop
  endfacet
  facet normal 0.5555702330195931 -0.8314696123025513 0
    outer loop
      vertex 6.800000000000001 109.97512886940356 2
      vertex 7.104532001224419 110.17861064718453 17
      vertex 6.800000000000001 109.97512886940356 17
    endloop
  endfacet
  facet normal 0.6593458151000849 -0.7518398074789633 0
    outer loop
      vertex 7.104532001224419 110.17861064718453 2
      vertex 7.379898987322333 110.42010101267766 17
      vertex 7.104532001224419 110.17861064718453 17
    endloop
  endfacet
  facet normal -0.32143946530318557 0.9469301294950976 0
    outer loop
      vertex 4.675306673712942 115.10459231360939 2
      vertex 4.328486389377749 114.98686269103159 17
      vertex 4.675306673712942 115.10459231360939 17
    endloop
  endfacet
  facet normal -0.19509032201611562 0.9807852804032331 0
    outer loop
      vertex 5.034526661783856 115.17604561184666 2
      vertex 4.675306673712942 115.10459231360939 17
      vertex 5.034526661783856 115.17604561184666 17
    endloop
  endfacet
  facet normal -0.06540312923013518 0.997858923238604 0
    outer loop
      vertex 5.4 115.19999999999999 2
      vertex 5.034526661783856 115.17604561184666 17
      vertex 5.4 115.19999999999999 17
    endloop
  endfacet
  facet normal 0.06540312923013518 0.997858923238604 0
    outer loop
      vertex 5.765473338216145 115.17604561184666 2
      vertex 5.4 115.19999999999999 17
      vertex 5.765473338216145 115.17604561184666 17
    endloop
  endfacet
  facet normal 0.19509032201611562 0.9807852804032331 0
    outer loop
      vertex 6.124693326287058 115.10459231360939 2
      vertex 5.765473338216145 115.17604561184666 17
      vertex 6.124693326287058 115.10459231360939 17
    endloop
  endfacet
  facet normal 0.32143946530318557 0.9469301294950976 0
    outer loop
      vertex 6.471513610622251 114.98686269103159 2
      vertex 6.124693326287058 115.10459231360939 17
      vertex 6.471513610622251 114.98686269103159 17
    endloop
  endfacet
  facet normal 0.44228869021898776 0.8968727415326949 0
    outer loop
      vertex 6.800000000000001 114.82487113059642 2
      vertex 6.471513610622251 114.98686269103159 17
      vertex 6.800000000000001 114.82487113059642 17
    endloop
  endfacet
  facet normal 0.7518398074789668 -0.6593458151000808 0
    outer loop
      vertex 7.621389352815459 110.69546799877557 2
      vertex 7.621389352815459 110.69546799877557 17
      vertex 7.379898987322333 110.42010101267766 17
    endloop
  endfacet
  facet normal 0.8314696123025453 -0.555570233019602 0
    outer loop
      vertex 7.824871130596428 110.99999999999999 2
      vertex 7.824871130596428 110.99999999999999 17
      vertex 7.621389352815459 110.69546799877557 17
    endloop
  endfacet
  facet normal 0.8968727415326929 -0.44228869021899175 0
    outer loop
      vertex 7.986862691031603 111.32848638937774 2
      vertex 7.986862691031603 111.32848638937774 17
      vertex 7.824871130596428 110.99999999999999 17
    endloop
  endfacet
  facet normal 0.8314696123025453 0.555570233019602 0
    outer loop
      vertex 7.621389352815459 114.10453200122441 2
      vertex 7.621389352815459 114.10453200122441 17
      vertex 7.824871130596428 113.8 17
    endloop
  endfacet
  facet normal 0.8968727415326929 0.44228869021899175 0
    outer loop
      vertex 7.824871130596428 113.8 2
      vertex 7.824871130596428 113.8 17
      vertex 7.986862691031603 113.47151361062224 17
    endloop
  endfacet
  facet normal 0.9469301294951061 -0.32143946530316014 0
    outer loop
      vertex 8.104592313609391 111.67530667371294 2
      vertex 8.104592313609391 111.67530667371294 17
      vertex 7.986862691031603 111.32848638937774 17
    endloop
  endfacet
  facet normal 0.9807852804032293 -0.19509032201613424 0
    outer loop
      vertex 8.17604561184667 112.03452666178384 2
      vertex 8.17604561184667 112.03452666178384 17
      vertex 8.104592313609391 111.67530667371294 17
    endloop
  endfacet
  facet normal 0.9978589232386037 -0.06540312923013937 0
    outer loop
      vertex 8.2 112.39999999999999 2
      vertex 8.2 112.39999999999999 17
      vertex 8.17604561184667 112.03452666178384 17
    endloop
  endfacet
  facet normal 0.9978589232386037 0.06540312923013937 0
    outer loop
      vertex 8.17604561184667 112.76547333821614 2
      vertex 8.17604561184667 112.76547333821614 17
      vertex 8.2 112.39999999999999 17
    endloop
  endfacet
  facet normal 0.9807852804032293 0.19509032201613424 0
    outer loop
      vertex 8.104592313609391 113.12469332628704 2
      vertex 8.104592313609391 113.12469332628704 17
      vertex 8.17604561184667 112.76547333821614 17
    endloop
  endfacet
  facet normal 0.9469301294951061 0.32143946530316014 0
    outer loop
      vertex 7.986862691031603 113.47151361062224 2
      vertex 7.986862691031603 113.47151361062224 17
      vertex 8.104592313609391 113.12469332628704 17
    endloop
  endfacet
  facet normal 0.5555702330195931 0.8314696123025513 0
    outer loop
      vertex 7.104532001224419 114.62138935281546 2
      vertex 6.800000000000001 114.82487113059642 17
      vertex 7.104532001224419 114.62138935281546 17
    endloop
  endfacet
  facet normal 0.6593458151000849 0.7518398074789633 0
    outer loop
      vertex 7.379898987322333 114.37989898732232 2
      vertex 7.104532001224419 114.62138935281546 17
      vertex 7.379898987322333 114.37989898732232 17
    endloop
  endfacet
  facet normal 0.7518398074789668 0.6593458151000808 0
    outer loop
      vertex 7.379898987322333 114.37989898732232 2
      vertex 7.379898987322333 114.37989898732232 17
      vertex 7.621389352815459 114.10453200122441 17
    endloop
  endfacet
  facet normal 0 0 1
    outer loop
      vertex 4.328486389377749 109.8131373089684 17
      vertex 4.675306673712942 109.6954076863906 17
      vertex 4.516116523516816 111.51611652351681 17
    endloop
  endfacet
  facet normal 0 0 1
    outer loop
      vertex 2.695407686390609 111.67530667371294 17
      vertex 2.6239543881533316 112.76547333821614 17
      vertex 2.6239543881533316 112.03452666178384 17
    endloop
  endfacet
  facet normal 0 0 1
    outer loop
      vertex 2.8131373089683978 111.32848638937774 17
      vertex 2.695407686390609 113.12469332628704 17
      vertex 2.695407686390609 111.67530667371294 17
    endloop
  endfacet
  facet normal 0 0 1
    outer loop
      vertex 2.8131373089683978 111.32848638937774 17
      vertex 2.9751288694035725 110.99999999999999 17
      vertex 2.8131373089683978 113.47151361062224 17
    endloop
  endfacet
  facet normal 0 0 1
    outer loop
      vertex 2.9751288694035725 110.99999999999999 17
      vertex 3.178610647184542 110.69546799877557 17
      vertex 2.9751288694035725 113.8 17
    endloop
  endfacet
  facet normal 0 0 1
    outer loop
      vertex 3.420101012677667 110.42010101267766 17
      vertex 3.178610647184542 114.10453200122441 17
      vertex 3.178610647184542 110.69546799877557 17
    endloop
  endfacet
  facet normal 0 0 1
    outer loop
      vertex 2.6239543881533316 112.03452666178384 17
      vertex 2.6239543881533316 112.76547333821614 17
      vertex 2.6000000000000005 112.39999999999999 17
    endloop
  endfacet
  facet normal 0 0 1
    outer loop
      vertex 2.695407686390609 111.67530667371294 17
      vertex 2.695407686390609 113.12469332628704 17
      vertex 2.6239543881533316 112.76547333821614 17
    endloop
  endfacet
  facet normal 0 0 1
    outer loop
      vertex 2.8131373089683978 111.32848638937774 17
      vertex 2.8131373089683978 113.47151361062224 17
      vertex 2.695407686390609 113.12469332628704 17
    endloop
  endfacet
  facet normal 0 0 1
    outer loop
      vertex 2.9751288694035725 110.99999999999999 17
      vertex 2.9751288694035725 113.8 17
      vertex 2.8131373089683978 113.47151361062224 17
    endloop
  endfacet
  facet normal 0 0 1
    outer loop
      vertex 3.178610647184542 110.69546799877557 17
      vertex 3.178610647184542 114.10453200122441 17
      vertex 2.9751288694035725 113.8 17
    endloop
  endfacet
  facet normal 0 0 1
    outer loop
      vertex 3.420101012677667 110.42010101267766 17
      vertex 3.420101012677667 114.37989898732232 17
      vertex 3.178610647184542 114.10453200122441 17
    endloop
  endfacet
  facet normal 0 0 1
    outer loop
      vertex 3.420101012677667 110.42010101267766 17
      vertex 3.6954679987755825 110.17861064718453 17
      vertex 3.420101012677667 114.37989898732232 17
    endloop
  endfacet
  facet normal 0 0 1
    outer loop
      vertex 3.6954679987755825 110.17861064718453 17
      vertex 4 109.97512886940356 17
      vertex 3.6954679987755825 114.62138935281546 17
    endloop
  endfacet
  facet normal 0 0 1
    outer loop
      vertex 4 109.97512886940356 17
      vertex 4.328486389377749 109.8131373089684 17
      vertex 4.160693923282738 112.23684225972492 17
    endloop
  endfacet
  facet normal 0 0 1
    outer loop
      vertex 4.328486389377749 109.8131373089684 17
      vertex 4.245150584360892 111.92164570954363 17
      vertex 4.192592717138665 112.07647619362184 17
    endloop
  endfacet
  facet normal 0 0 1
    outer loop
      vertex 4.328486389377749 109.8131373089684 17
      vertex 4.408308324635956 111.63904821373909 17
      vertex 4.317468245269453 111.77499999999999 17
    endloop
  endfacet
  facet normal 0 0 1
    outer loop
      vertex 4.328486389377749 109.8131373089684 17
      vertex 4.317468245269453 111.77499999999999 17
      vertex 4.245150584360892 111.92164570954363 17
    endloop
  endfacet
  facet normal 0 0 1
    outer loop
      vertex 4.328486389377749 109.8131373089684 17
      vertex 4.516116523516816 111.51611652351681 17
      vertex 4.408308324635956 111.63904821373909 17
    endloop
  endfacet
  facet normal 0 0 1
    outer loop
      vertex 4 109.97512886940356 17
      vertex 4.160693923282738 112.23684225972492 17
      vertex 4.15 112.39999999999999 17
    endloop
  endfacet
  facet normal 0 0 1
    outer loop
      vertex 4.328486389377749 109.8131373089684 17
      vertex 4.192592717138665 112.07647619362184 17
      vertex 4.160693923282738 112.23684225972492 17
    endloop
  endfacet
  facet normal 0 0 1
    outer loop
      vertex 3.6954679987755825 110.17861064718453 17
      vertex 3.6954679987755825 114.62138935281546 17
      vertex 3.420101012677667 114.37989898732232 17
    endloop
  endfacet
  facet normal 0 0 1
    outer loop
      vertex 4 109.97512886940356 17
      vertex 4 114.82487113059642 17
      vertex 3.6954679987755825 114.62138935281546 17
    endloop
  endfacet
  facet normal 0 0 1
    outer loop
      vertex 4 109.97512886940356 17
      vertex 4.15 112.39999999999999 17
      vertex 4 114.82487113059642 17
    endloop
  endfacet
  facet normal 0 0 1
    outer loop
      vertex 4 114.82487113059642 17
      vertex 4.15 112.39999999999999 17
      vertex 4.160693923282738 112.56315774027506 17
    endloop
  endfacet
  facet normal 0 0 1
    outer loop
      vertex 4 114.82487113059642 17
      vertex 4.160693923282738 112.56315774027506 17
      vertex 4.192592717138665 112.72352380637814 17
    endloop
  endfacet
  facet normal 0 0 1
    outer loop
      vertex 4 114.82487113059642 17
      vertex 4.192592717138665 112.72352380637814 17
      vertex 4.245150584360892 112.87835429045636 17
    endloop
  endfacet
  facet normal 0 0 1
    outer loop
      vertex 4 114.82487113059642 17
      vertex 4.245150584360892 112.87835429045636 17
      vertex 4.317468245269453 113.02499999999999 17
    endloop
  endfacet
  facet normal 0 0 1
    outer loop
      vertex 4 114.82487113059642 17
      vertex 4.317468245269453 113.02499999999999 17
      vertex 4.408308324635956 113.1609517862609 17
    endloop
  endfacet
  facet normal 0 0 1
    outer loop
      vertex 4.328486389377749 114.98686269103159 17
      vertex 4.408308324635956 113.1609517862609 17
      vertex 4.516116523516816 113.28388347648317 17
    endloop
  endfacet
  facet normal 0 0 1
    outer loop
      vertex 4.328486389377749 114.98686269103159 17
      vertex 4.516116523516816 113.28388347648317 17
      vertex 4.6390482137391 113.39169167536403 17
    endloop
  endfacet
  facet normal 0 0 1
    outer loop
      vertex 4 114.82487113059642 17
      vertex 4.408308324635956 113.1609517862609 17
      vertex 4.328486389377749 114.98686269103159 17
    endloop
  endfacet
  facet normal 0 0 1
    outer loop
      vertex 4.675306673712942 109.6954076863906 17
      vertex 5.034526661783856 109.62395438815332 17
      vertex 4.921645709543638 111.24515058436089 17
    endloop
  endfacet
  facet normal 0 0 1
    outer loop
      vertex 5.034526661783856 109.62395438815332 17
      vertex 5.4 109.6 17
      vertex 5.236842259724936 111.16069392328272 17
    endloop
  endfacet
  facet normal 0 0 1
    outer loop
      vertex 5.4 109.6 17
      vertex 5.765473338216145 109.62395438815332 17
      vertex 5.563157740275065 111.16069392328272 17
    endloop
  endfacet
  facet normal 0 0 1
    outer loop
      vertex 5.765473338216145 109.62395438815332 17
      vertex 6.124693326287058 109.6954076863906 17
      vertex 5.723523806378151 111.19259271713865 17
    endloop
  endfacet
  facet normal 0 0 1
    outer loop
      vertex 6.124693326287058 109.6954076863906 17
      vertex 6.471513610622251 109.8131373089684 17
      vertex 6.025 111.31746824526944 17
    endloop
  endfacet
  facet normal 0 0 1
    outer loop
      vertex 4.675306673712942 109.6954076863906 17
      vertex 4.6390482137391 111.40830832463595 17
      vertex 4.516116523516816 111.51611652351681 17
    endloop
  endfacet
  facet normal 0 0 1
    outer loop
      vertex 4.675306673712942 109.6954076863906 17
      vertex 4.775 111.31746824526944 17
      vertex 4.6390482137391 111.40830832463595 17
    endloop
  endfacet
  facet normal 0 0 1
    outer loop
      vertex 4.675306673712942 109.6954076863906 17
      vertex 4.921645709543638 111.24515058436089 17
      vertex 4.775 111.31746824526944 17
    endloop
  endfacet
  facet normal 0 0 1
    outer loop
      vertex 5.034526661783856 109.62395438815332 17
      vertex 5.236842259724936 111.16069392328272 17
      vertex 5.07647619362185 111.19259271713865 17
    endloop
  endfacet
  facet normal 0 0 1
    outer loop
      vertex 5.034526661783856 109.62395438815332 17
      vertex 5.07647619362185 111.19259271713865 17
      vertex 4.921645709543638 111.24515058436089 17
    endloop
  endfacet
  facet normal 0 0 1
    outer loop
      vertex 5.4 109.6 17
      vertex 5.4 111.14999999999999 17
      vertex 5.236842259724936 111.16069392328272 17
    endloop
  endfacet
  facet normal 0 0 1
    outer loop
      vertex 5.4 109.6 17
      vertex 5.563157740275065 111.16069392328272 17
      vertex 5.4 111.14999999999999 17
    endloop
  endfacet
  facet normal 0 0 1
    outer loop
      vertex 5.765473338216145 109.62395438815332 17
      vertex 5.723523806378151 111.19259271713865 17
      vertex 5.563157740275065 111.16069392328272 17
    endloop
  endfacet
  facet normal 0 0 1
    outer loop
      vertex 4.328486389377749 114.98686269103159 17
      vertex 4.6390482137391 113.39169167536403 17
      vertex 4.775 113.48253175473054 17
    endloop
  endfacet
  facet normal 0 0 1
    outer loop
      vertex 4.675306673712942 115.10459231360939 17
      vertex 4.775 113.48253175473054 17
      vertex 4.921645709543638 113.5548494156391 17
    endloop
  endfacet
  facet normal 0 0 1
    outer loop
      vertex 4.675306673712942 115.10459231360939 17
      vertex 4.921645709543638 113.5548494156391 17
      vertex 5.07647619362185 113.60740728286133 17
    endloop
  endfacet
  facet normal 0 0 1
    outer loop
      vertex 6.124693326287058 109.6954076863906 17
      vertex 5.878354290456363 111.24515058436089 17
      vertex 5.723523806378151 111.19259271713865 17
    endloop
  endfacet
  facet normal 0 0 1
    outer loop
      vertex 6.124693326287058 109.6954076863906 17
      vertex 6.025 111.31746824526944 17
      vertex 5.878354290456363 111.24515058436089 17
    endloop
  endfacet
  facet normal 0 0 1
    outer loop
      vertex 6.471513610622251 109.8131373089684 17
      vertex 6.160951786260901 111.40830832463595 17
      vertex 6.025 111.31746824526944 17
    endloop
  endfacet
  facet normal 0 0 1
    outer loop
      vertex 6.471513610622251 109.8131373089684 17
      vertex 6.283883476483185 111.51611652351681 17
      vertex 6.160951786260901 111.40830832463595 17
    endloop
  endfacet
  facet normal 0 0 1
    outer loop
      vertex 6.471513610622251 109.8131373089684 17
      vertex 6.3916916753640445 111.63904821373909 17
      vertex 6.283883476483185 111.51611652351681 17
    endloop
  endfacet
  facet normal 0 0 1
    outer loop
      vertex 6.471513610622251 109.8131373089684 17
      vertex 6.800000000000001 109.97512886940356 17
      vertex 6.3916916753640445 111.63904821373909 17
    endloop
  endfacet
  facet normal 0 0 1
    outer loop
      vertex 6.800000000000001 109.97512886940356 17
      vertex 6.482531754730548 111.77499999999999 17
      vertex 6.3916916753640445 111.63904821373909 17
    endloop
  endfacet
  facet normal 0 0 1
    outer loop
      vertex 6.800000000000001 109.97512886940356 17
      vertex 6.554849415639109 111.92164570954363 17
      vertex 6.482531754730548 111.77499999999999 17
    endloop
  endfacet
  facet normal 0 0 1
    outer loop
      vertex 6.800000000000001 109.97512886940356 17
      vertex 6.6074072828613355 112.07647619362184 17
      vertex 6.554849415639109 111.92164570954363 17
    endloop
  endfacet
  facet normal 0 0 1
    outer loop
      vertex 6.800000000000001 109.97512886940356 17
      vertex 6.639306076717263 112.23684225972492 17
      vertex 6.6074072828613355 112.07647619362184 17
    endloop
  endfacet
  facet normal 0 0 1
    outer loop
      vertex 6.800000000000001 109.97512886940356 17
      vertex 6.65 112.39999999999999 17
      vertex 6.639306076717263 112.23684225972492 17
    endloop
  endfacet
  facet normal 0 0 1
    outer loop
      vertex 5.765473338216145 115.17604561184666 17
      vertex 5.723523806378151 113.60740728286133 17
      vertex 5.878354290456363 113.5548494156391 17
    endloop
  endfacet
  facet normal 0 0 1
    outer loop
      vertex 6.124693326287058 115.10459231360939 17
      vertex 5.878354290456363 113.5548494156391 17
      vertex 6.025 113.48253175473054 17
    endloop
  endfacet
  facet normal 0 0 1
    outer loop
      vertex 6.124693326287058 115.10459231360939 17
      vertex 6.025 113.48253175473054 17
      vertex 6.160951786260901 113.39169167536403 17
    endloop
  endfacet
  facet normal 0 0 1
    outer loop
      vertex 6.124693326287058 115.10459231360939 17
      vertex 6.160951786260901 113.39169167536403 17
      vertex 6.283883476483185 113.28388347648317 17
    endloop
  endfacet
  facet normal 0 0 1
    outer loop
      vertex 6.800000000000001 109.97512886940356 17
      vertex 6.800000000000001 114.82487113059642 17
      vertex 6.65 112.39999999999999 17
    endloop
  endfacet
  facet normal 0 0 1
    outer loop
      vertex 6.471513610622251 114.98686269103159 17
      vertex 6.482531754730548 113.02499999999999 17
      vertex 6.554849415639109 112.87835429045636 17
    endloop
  endfacet
  facet normal 0 0 1
    outer loop
      vertex 6.471513610622251 114.98686269103159 17
      vertex 6.283883476483185 113.28388347648317 17
      vertex 6.3916916753640445 113.1609517862609 17
    endloop
  endfacet
  facet normal 0 0 1
    outer loop
      vertex 6.471513610622251 114.98686269103159 17
      vertex 6.3916916753640445 113.1609517862609 17
      vertex 6.482531754730548 113.02499999999999 17
    endloop
  endfacet
  facet normal 0 0 1
    outer loop
      vertex 6.471513610622251 114.98686269103159 17
      vertex 6.6074072828613355 112.72352380637814 17
      vertex 6.639306076717263 112.56315774027506 17
    endloop
  endfacet
  facet normal 0 0 1
    outer loop
      vertex 6.471513610622251 114.98686269103159 17
      vertex 6.554849415639109 112.87835429045636 17
      vertex 6.6074072828613355 112.72352380637814 17
    endloop
  endfacet
  facet normal 0 0 1
    outer loop
      vertex 6.800000000000001 114.82487113059642 17
      vertex 6.639306076717263 112.56315774027506 17
      vertex 6.65 112.39999999999999 17
    endloop
  endfacet
  facet normal 0 0 1
    outer loop
      vertex 4.328486389377749 114.98686269103159 17
      vertex 4.775 113.48253175473054 17
      vertex 4.675306673712942 115.10459231360939 17
    endloop
  endfacet
  facet normal 0 0 1
    outer loop
      vertex 5.034526661783856 115.17604561184666 17
      vertex 5.07647619362185 113.60740728286133 17
      vertex 5.236842259724936 113.63930607671726 17
    endloop
  endfacet
  facet normal 0 0 1
    outer loop
      vertex 4.675306673712942 115.10459231360939 17
      vertex 5.07647619362185 113.60740728286133 17
      vertex 5.034526661783856 115.17604561184666 17
    endloop
  endfacet
  facet normal 0 0 1
    outer loop
      vertex 5.4 115.19999999999999 17
      vertex 5.236842259724936 113.63930607671726 17
      vertex 5.4 113.64999999999999 17
    endloop
  endfacet
  facet normal 0 0 1
    outer loop
      vertex 5.034526661783856 115.17604561184666 17
      vertex 5.236842259724936 113.63930607671726 17
      vertex 5.4 115.19999999999999 17
    endloop
  endfacet
  facet normal 0 0 1
    outer loop
      vertex 5.4 115.19999999999999 17
      vertex 5.4 113.64999999999999 17
      vertex 5.563157740275065 113.63930607671726 17
    endloop
  endfacet
  facet normal 0 0 1
    outer loop
      vertex 5.765473338216145 115.17604561184666 17
      vertex 5.563157740275065 113.63930607671726 17
      vertex 5.723523806378151 113.60740728286133 17
    endloop
  endfacet
  facet normal 0 0 1
    outer loop
      vertex 5.4 115.19999999999999 17
      vertex 5.563157740275065 113.63930607671726 17
      vertex 5.765473338216145 115.17604561184666 17
    endloop
  endfacet
  facet normal 0 0 1
    outer loop
      vertex 5.765473338216145 115.17604561184666 17
      vertex 5.878354290456363 113.5548494156391 17
      vertex 6.124693326287058 115.10459231360939 17
    endloop
  endfacet
  facet normal 0 0 1
    outer loop
      vertex 6.124693326287058 115.10459231360939 17
      vertex 6.283883476483185 113.28388347648317 17
      vertex 6.471513610622251 114.98686269103159 17
    endloop
  endfacet
  facet normal 0 0 1
    outer loop
      vertex 6.471513610622251 114.98686269103159 17
      vertex 6.639306076717263 112.56315774027506 17
      vertex 6.800000000000001 114.82487113059642 17
    endloop
  endfacet
  facet normal 0 0 1
    outer loop
      vertex 6.800000000000001 109.97512886940356 17
      vertex 7.104532001224419 110.17861064718453 17
      vertex 6.800000000000001 114.82487113059642 17
    endloop
  endfacet
  facet normal 0 0 1
    outer loop
      vertex 7.104532001224419 110.17861064718453 17
      vertex 7.379898987322333 110.42010101267766 17
      vertex 7.104532001224419 114.62138935281546 17
    endloop
  endfacet
  facet normal 0 0 1
    outer loop
      vertex 7.379898987322333 110.42010101267766 17
      vertex 7.621389352815459 110.69546799877557 17
      vertex 7.379898987322333 114.37989898732232 17
    endloop
  endfacet
  facet normal 0 0 1
    outer loop
      vertex 7.621389352815459 110.69546799877557 17
      vertex 7.824871130596428 110.99999999999999 17
      vertex 7.621389352815459 114.10453200122441 17
    endloop
  endfacet
  facet normal 0 0 1
    outer loop
      vertex 7.824871130596428 110.99999999999999 17
      vertex 7.986862691031603 111.32848638937774 17
      vertex 7.824871130596428 113.8 17
    endloop
  endfacet
  facet normal 0 0 1
    outer loop
      vertex 7.379898987322333 110.42010101267766 17
      vertex 7.379898987322333 114.37989898732232 17
      vertex 7.104532001224419 114.62138935281546 17
    endloop
  endfacet
  facet normal 0 0 1
    outer loop
      vertex 7.104532001224419 110.17861064718453 17
      vertex 7.104532001224419 114.62138935281546 17
      vertex 6.800000000000001 114.82487113059642 17
    endloop
  endfacet
  facet normal 0 0 1
    outer loop
      vertex 7.621389352815459 110.69546799877557 17
      vertex 7.621389352815459 114.10453200122441 17
      vertex 7.379898987322333 114.37989898732232 17
    endloop
  endfacet
  facet normal 0 0 1
    outer loop
      vertex 7.824871130596428 110.99999999999999 17
      vertex 7.824871130596428 113.8 17
      vertex 7.621389352815459 114.10453200122441 17
    endloop
  endfacet
  facet normal 0 0 1
    outer loop
      vertex 7.824871130596428 113.8 17
      vertex 7.986862691031603 111.32848638937774 17
      vertex 7.986862691031603 113.47151361062224 17
    endloop
  endfacet
  facet normal 0 0 1
    outer loop
      vertex 7.986862691031603 111.32848638937774 17
      vertex 8.104592313609391 111.67530667371294 17
      vertex 7.986862691031603 113.47151361062224 17
    endloop
  endfacet
  facet normal 0 0 1
    outer loop
      vertex 8.104592313609391 111.67530667371294 17
      vertex 8.17604561184667 112.03452666178384 17
      vertex 8.104592313609391 113.12469332628704 17
    endloop
  endfacet
  facet normal 0 0 1
    outer loop
      vertex 8.17604561184667 112.03452666178384 17
      vertex 8.2 112.39999999999999 17
      vertex 8.17604561184667 112.76547333821614 17
    endloop
  endfacet
  facet normal 0 0 1
    outer loop
      vertex 8.17604561184667 112.03452666178384 17
      vertex 8.17604561184667 112.76547333821614 17
      vertex 8.104592313609391 113.12469332628704 17
    endloop
  endfacet
  facet normal 0 0 1
    outer loop
      vertex 8.104592313609391 111.67530667371294 17
      vertex 8.104592313609391 113.12469332628704 17
      vertex 7.986862691031603 113.47151361062224 17
    endloop
  endfacet
  facet normal -0.7518398074789644 -0.6593458151000838 -3.83538036396647e-19
    outer loop
      vertex 65.42010101267766 3.420101012677667 2
      vertex 65.17861064718453 3.6954679987755825 17
      vertex 65.17861064718453 3.6954679987755825 2
    endloop
  endfacet
  facet normal -0.6593458151000795 -0.7518398074789681 -4.926414485549301e-19
    outer loop
      vertex 65.42010101267766 3.420101012677667 2
      vertex 65.69546799877557 3.178610647184542 2
      vertex 65.69546799877557 3.178610647184542 17
    endloop
  endfacet
  facet normal -0.5555702330196037 -0.8314696123025442 5.832939348413623e-19
    outer loop
      vertex 65.69546799877557 3.178610647184542 2
      vertex 65.99999999999999 2.9751288694035725 2
      vertex 65.99999999999999 2.9751288694035725 17
    endloop
  endfacet
  facet normal -0.9469301294950976 -0.32143946530318557 -4.1409266145392193e-19
    outer loop
      vertex 64.8131373089684 4.328486389377749 2
      vertex 64.6954076863906 4.675306673712942 17
      vertex 64.6954076863906 4.675306673712942 2
    endloop
  endfacet
  facet normal -0.9807852804032331 -0.19509032201611562 0
    outer loop
      vertex 64.62395438815332 5.034526661783856 2
      vertex 64.6954076863906 4.675306673712942 2
      vertex 64.62395438815332 5.034526661783856 17
    endloop
  endfacet
  facet normal -0.997858923238604 -0.06540312923013518 1.244848368634853e-19
    outer loop
      vertex 64.62395438815332 5.034526661783856 2
      vertex 64.6 5.4 17
      vertex 64.6 5.4 2
    endloop
  endfacet
  facet normal -0.997858923238604 0.06540312923013518 -1.244848368634853e-19
    outer loop
      vertex 64.6 5.4 2
      vertex 64.62395438815332 5.765473338216145 17
      vertex 64.62395438815332 5.765473338216145 2
    endloop
  endfacet
  facet normal -0.9807852804032331 0.19509032201611562 1.3775778104812639e-19
    outer loop
      vertex 64.62395438815332 5.765473338216145 2
      vertex 64.6954076863906 6.124693326287058 17
      vertex 64.6954076863906 6.124693326287058 2
    endloop
  endfacet
  facet normal -0.9469301294950976 0.32143946530318557 4.1409266145392193e-19
    outer loop
      vertex 64.6954076863906 6.124693326287058 2
      vertex 64.8131373089684 6.471513610622251 17
      vertex 64.8131373089684 6.471513610622251 2
    endloop
  endfacet
  facet normal -0.8314696123025509 -0.5555702330195936 0
    outer loop
      vertex 64.97512886940356 4 2
      vertex 65.17861064718453 3.6954679987755825 2
      vertex 64.97512886940356 4 17
    endloop
  endfacet
  facet normal -0.8968727415326949 -0.44228869021898776 0
    outer loop
      vertex 64.8131373089684 4.328486389377749 2
      vertex 64.97512886940356 4 2
      vertex 64.8131373089684 4.328486389377749 17
    endloop
  endfacet
  facet normal -0.8968727415326949 0.44228869021898776 1.5461149830543325e-19
    outer loop
      vertex 64.8131373089684 6.471513610622251 2
      vertex 64.97512886940356 6.800000000000001 17
      vertex 64.97512886940356 6.800000000000001 2
    endloop
  endfacet
  facet normal -0.8314696123025513 0.5555702330195931 -3.422398768765287e-19
    outer loop
      vertex 64.97512886940356 6.800000000000001 2
      vertex 65.17861064718453 7.104532001224419 17
      vertex 65.17861064718453 7.104532001224419 2
    endloop
  endfacet
  facet normal -0.7518398074789633 0.6593458151000849 -7.66784468131814e-19
    outer loop
      vertex 65.17861064718453 7.104532001224419 2
      vertex 65.42010101267766 7.379898987322333 17
      vertex 65.42010101267766 7.379898987322333 2
    endloop
  endfacet
  facet normal -0.44228869021899075 -0.8968727415326934 2.8760774782466385e-19
    outer loop
      vertex 65.99999999999999 2.9751288694035725 2
      vertex 66.32848638937774 2.8131373089683978 2
      vertex 66.32848638937774 2.8131373089683978 17
    endloop
  endfacet
  facet normal -0.32143946530316125 -0.9469301294951058 -4.2965470471586465e-19
    outer loop
      vertex 66.32848638937774 2.8131373089683978 2
      vertex 66.67530667371294 2.695407686390609 2
      vertex 66.67530667371294 2.695407686390609 17
    endloop
  endfacet
  facet normal -0.1950903220161319 -0.9807852804032298 -6.269690641944791e-20
    outer loop
      vertex 66.67530667371294 2.695407686390609 2
      vertex 67.03452666178384 2.6239543881533316 2
      vertex 67.03452666178384 2.6239543881533316 17
    endloop
  endfacet
  facet normal -0.06540312923014299 -0.9978589232386036 1.2864997547950523e-19
    outer loop
      vertex 67.03452666178384 2.6239543881533316 2
      vertex 67.39999999999999 2.6000000000000005 2
      vertex 67.39999999999999 2.6000000000000005 17
    endloop
  endfacet
  facet normal 0.06540312923014299 -0.9978589232386036 -1.2864997547950523e-19
    outer loop
      vertex 67.39999999999999 2.6000000000000005 2
      vertex 67.76547333821614 2.6239543881533316 2
      vertex 67.76547333821614 2.6239543881533316 17
    endloop
  endfacet
  facet normal 0.1950903220161319 -0.9807852804032298 6.269690641944791e-20
    outer loop
      vertex 67.76547333821614 2.6239543881533316 2
      vertex 68.12469332628704 2.695407686390609 2
      vertex 68.12469332628704 2.695407686390609 17
    endloop
  endfacet
  facet normal -0.6593458151000808 0.7518398074789668 0
    outer loop
      vertex 65.42010101267766 7.379898987322333 2
      vertex 65.42010101267766 7.379898987322333 17
      vertex 65.69546799877557 7.621389352815459 2
    endloop
  endfacet
  facet normal -0.555570233019602 0.8314696123025453 0
    outer loop
      vertex 65.69546799877557 7.621389352815459 2
      vertex 65.69546799877557 7.621389352815459 17
      vertex 65.99999999999999 7.824871130596428 2
    endloop
  endfacet
  facet normal -0.44228869021899175 0.8968727415326929 0
    outer loop
      vertex 65.99999999999999 7.824871130596428 2
      vertex 65.99999999999999 7.824871130596428 17
      vertex 66.32848638937774 7.986862691031603 2
    endloop
  endfacet
  facet normal -0.32143946530316014 0.9469301294951061 0
    outer loop
      vertex 66.32848638937774 7.986862691031603 2
      vertex 66.32848638937774 7.986862691031603 17
      vertex 66.67530667371294 8.104592313609391 2
    endloop
  endfacet
  facet normal -0.19509032201613424 0.9807852804032293 0
    outer loop
      vertex 66.67530667371294 8.104592313609391 2
      vertex 66.67530667371294 8.104592313609391 17
      vertex 67.03452666178384 8.17604561184667 2
    endloop
  endfacet
  facet normal -0.06540312923013937 0.9978589232386037 0
    outer loop
      vertex 67.03452666178384 8.17604561184667 2
      vertex 67.03452666178384 8.17604561184667 17
      vertex 67.39999999999999 8.2 2
    endloop
  endfacet
  facet normal 0.06540312923013937 0.9978589232386037 0
    outer loop
      vertex 67.39999999999999 8.2 2
      vertex 67.39999999999999 8.2 17
      vertex 67.76547333821614 8.17604561184667 2
    endloop
  endfacet
  facet normal 0.19509032201613424 0.9807852804032293 0
    outer loop
      vertex 67.76547333821614 8.17604561184667 2
      vertex 67.76547333821614 8.17604561184667 17
      vertex 68.12469332628704 8.104592313609391 2
    endloop
  endfacet
  facet normal 0.32143946530316014 0.9469301294951061 0
    outer loop
      vertex 68.12469332628704 8.104592313609391 2
      vertex 68.12469332628704 8.104592313609391 17
      vertex 68.47151361062224 7.986862691031603 2
    endloop
  endfacet
  facet normal 0.32143946530316125 -0.9469301294951058 4.2965470471586465e-19
    outer loop
      vertex 68.12469332628704 2.695407686390609 2
      vertex 68.47151361062224 2.8131373089683978 2
      vertex 68.47151361062224 2.8131373089683978 17
    endloop
  endfacet
  facet normal 0.44228869021899075 -0.8968727415326934 -2.8760774782466385e-19
    outer loop
      vertex 68.47151361062224 2.8131373089683978 2
      vertex 68.8 2.9751288694035725 2
      vertex 68.8 2.9751288694035725 17
    endloop
  endfacet
  facet normal 0.5555702330196037 -0.8314696123025442 -5.832939348413623e-19
    outer loop
      vertex 68.8 2.9751288694035725 2
      vertex 69.10453200122441 3.178610647184542 2
      vertex 69.10453200122441 3.178610647184542 17
    endloop
  endfacet
  facet normal 0.6593458151000795 -0.7518398074789681 4.926414485549301e-19
    outer loop
      vertex 69.10453200122441 3.178610647184542 2
      vertex 69.37989898732232 3.420101012677667 2
      vertex 69.37989898732232 3.420101012677667 17
    endloop
  endfacet
  facet normal 0.7518398074789644 -0.6593458151000838 0
    outer loop
      vertex 69.37989898732232 3.420101012677667 2
      vertex 69.62138935281546 3.6954679987755825 2
      vertex 69.37989898732232 3.420101012677667 17
    endloop
  endfacet
  facet normal 0.8314696123025509 -0.5555702330195936 0
    outer loop
      vertex 69.62138935281546 3.6954679987755825 2
      vertex 69.82487113059642 4 2
      vertex 69.62138935281546 3.6954679987755825 17
    endloop
  endfacet
  facet normal 0.8968727415326949 -0.44228869021898776 0
    outer loop
      vertex 69.82487113059642 4 2
      vertex 69.98686269103159 4.328486389377749 2
      vertex 69.82487113059642 4 17
    endloop
  endfacet
  facet normal 0.9469301294950976 -0.32143946530318557 0
    outer loop
      vertex 69.98686269103159 4.328486389377749 2
      vertex 70.10459231360939 4.675306673712942 2
      vertex 69.98686269103159 4.328486389377749 17
    endloop
  endfacet
  facet normal 0.9807852804032331 -0.19509032201611562 0
    outer loop
      vertex 70.10459231360939 4.675306673712942 2
      vertex 70.17604561184666 5.034526661783856 2
      vertex 70.10459231360939 4.675306673712942 17
    endloop
  endfacet
  facet normal 0.997858923238604 -0.06540312923013518 0
    outer loop
      vertex 70.17604561184666 5.034526661783856 2
      vertex 70.19999999999999 5.4 2
      vertex 70.17604561184666 5.034526661783856 17
    endloop
  endfacet
  facet normal 0.997858923238604 0.06540312923013518 0
    outer loop
      vertex 70.19999999999999 5.4 2
      vertex 70.17604561184666 5.765473338216145 2
      vertex 70.19999999999999 5.4 17
    endloop
  endfacet
  facet normal 0.7518398074789633 0.6593458151000849 0
    outer loop
      vertex 69.62138935281546 7.104532001224419 2
      vertex 69.37989898732232 7.379898987322333 2
      vertex 69.62138935281546 7.104532001224419 17
    endloop
  endfacet
  facet normal 0.8314696123025513 0.5555702330195931 3.422398768765287e-19
    outer loop
      vertex 69.62138935281546 7.104532001224419 2
      vertex 69.82487113059642 6.800000000000001 17
      vertex 69.82487113059642 6.800000000000001 2
    endloop
  endfacet
  facet normal 0.8968727415326949 0.44228869021898776 -1.5461149830543325e-19
    outer loop
      vertex 69.82487113059642 6.800000000000001 2
      vertex 69.98686269103159 6.471513610622251 17
      vertex 69.98686269103159 6.471513610622251 2
    endloop
  endfacet
  facet normal 0.9807852804032331 0.19509032201611562 0
    outer loop
      vertex 70.17604561184666 5.765473338216145 2
      vertex 70.10459231360939 6.124693326287058 2
      vertex 70.17604561184666 5.765473338216145 17
    endloop
  endfacet
  facet normal 0.9469301294950976 0.32143946530318557 0
    outer loop
      vertex 70.10459231360939 6.124693326287058 2
      vertex 69.98686269103159 6.471513610622251 2
      vertex 70.10459231360939 6.124693326287058 17
    endloop
  endfacet
  facet normal 0.44228869021899175 0.8968727415326929 0
    outer loop
      vertex 68.47151361062224 7.986862691031603 2
      vertex 68.47151361062224 7.986862691031603 17
      vertex 68.8 7.824871130596428 2
    endloop
  endfacet
  facet normal 0.555570233019602 0.8314696123025453 0
    outer loop
      vertex 68.8 7.824871130596428 2
      vertex 68.8 7.824871130596428 17
      vertex 69.10453200122441 7.621389352815459 2
    endloop
  endfacet
  facet normal 0.6593458151000808 0.7518398074789668 0
    outer loop
      vertex 69.10453200122441 7.621389352815459 2
      vertex 69.10453200122441 7.621389352815459 17
      vertex 69.37989898732232 7.379898987322333 2
    endloop
  endfacet
  facet normal -0.7518398074789644 -0.6593458151000838 0
    outer loop
      vertex 65.42010101267766 3.420101012677667 2
      vertex 65.42010101267766 3.420101012677667 17
      vertex 65.17861064718453 3.6954679987755825 17
    endloop
  endfacet
  facet normal -0.6593458151000795 -0.7518398074789681 0
    outer loop
      vertex 65.42010101267766 3.420101012677667 2
      vertex 65.69546799877557 3.178610647184542 17
      vertex 65.42010101267766 3.420101012677667 17
    endloop
  endfacet
  facet normal -0.5555702330196037 -0.8314696123025442 0
    outer loop
      vertex 65.69546799877557 3.178610647184542 2
      vertex 65.99999999999999 2.9751288694035725 17
      vertex 65.69546799877557 3.178610647184542 17
    endloop
  endfacet
  facet normal -0.9469301294950976 -0.32143946530318557 0
    outer loop
      vertex 64.8131373089684 4.328486389377749 2
      vertex 64.8131373089684 4.328486389377749 17
      vertex 64.6954076863906 4.675306673712942 17
    endloop
  endfacet
  facet normal -0.9807852804032331 -0.19509032201611562 0
    outer loop
      vertex 64.6954076863906 4.675306673712942 2
      vertex 64.6954076863906 4.675306673712942 17
      vertex 64.62395438815332 5.034526661783856 17
    endloop
  endfacet
  facet normal -0.997858923238604 -0.06540312923013518 0
    outer loop
      vertex 64.62395438815332 5.034526661783856 2
      vertex 64.62395438815332 5.034526661783856 17
      vertex 64.6 5.4 17
    endloop
  endfacet
  facet normal -0.997858923238604 0.06540312923013518 0
    outer loop
      vertex 64.6 5.4 2
      vertex 64.6 5.4 17
      vertex 64.62395438815332 5.765473338216145 17
    endloop
  endfacet
  facet normal -0.9807852804032331 0.19509032201611562 0
    outer loop
      vertex 64.62395438815332 5.765473338216145 2
      vertex 64.62395438815332 5.765473338216145 17
      vertex 64.6954076863906 6.124693326287058 17
    endloop
  endfacet
  facet normal -0.9469301294950976 0.32143946530318557 0
    outer loop
      vertex 64.6954076863906 6.124693326287058 2
      vertex 64.6954076863906 6.124693326287058 17
      vertex 64.8131373089684 6.471513610622251 17
    endloop
  endfacet
  facet normal -0.8968727415326949 -0.44228869021898776 0
    outer loop
      vertex 64.97512886940356 4 2
      vertex 64.97512886940356 4 17
      vertex 64.8131373089684 4.328486389377749 17
    endloop
  endfacet
  facet normal -0.8314696123025509 -0.5555702330195936 0
    outer loop
      vertex 65.17861064718453 3.6954679987755825 2
      vertex 65.17861064718453 3.6954679987755825 17
      vertex 64.97512886940356 4 17
    endloop
  endfacet
  facet normal -0.8968727415326949 0.44228869021898776 0
    outer loop
      vertex 64.8131373089684 6.471513610622251 2
      vertex 64.8131373089684 6.471513610622251 17
      vertex 64.97512886940356 6.800000000000001 17
    endloop
  endfacet
  facet normal -0.8314696123025513 0.5555702330195931 0
    outer loop
      vertex 64.97512886940356 6.800000000000001 2
      vertex 64.97512886940356 6.800000000000001 17
      vertex 65.17861064718453 7.104532001224419 17
    endloop
  endfacet
  facet normal -0.7518398074789633 0.6593458151000849 0
    outer loop
      vertex 65.17861064718453 7.104532001224419 2
      vertex 65.17861064718453 7.104532001224419 17
      vertex 65.42010101267766 7.379898987322333 17
    endloop
  endfacet
  facet normal -0.44228869021899075 -0.8968727415326934 0
    outer loop
      vertex 65.99999999999999 2.9751288694035725 2
      vertex 66.32848638937774 2.8131373089683978 17
      vertex 65.99999999999999 2.9751288694035725 17
    endloop
  endfacet
  facet normal -0.32143946530316125 -0.9469301294951058 0
    outer loop
      vertex 66.32848638937774 2.8131373089683978 2
      vertex 66.67530667371294 2.695407686390609 17
      vertex 66.32848638937774 2.8131373089683978 17
    endloop
  endfacet
  facet normal -0.1950903220161319 -0.9807852804032298 0
    outer loop
      vertex 66.67530667371294 2.695407686390609 2
      vertex 67.03452666178384 2.6239543881533316 17
      vertex 66.67530667371294 2.695407686390609 17
    endloop
  endfacet
  facet normal -0.06540312923014299 -0.9978589232386036 0
    outer loop
      vertex 67.03452666178384 2.6239543881533316 2
      vertex 67.39999999999999 2.6000000000000005 17
      vertex 67.03452666178384 2.6239543881533316 17
    endloop
  endfacet
  facet normal 0.06540312923014299 -0.9978589232386036 0
    outer loop
      vertex 67.39999999999999 2.6000000000000005 2
      vertex 67.76547333821614 2.6239543881533316 17
      vertex 67.39999999999999 2.6000000000000005 17
    endloop
  endfacet
  facet normal 0.1950903220161319 -0.9807852804032298 0
    outer loop
      vertex 67.76547333821614 2.6239543881533316 2
      vertex 68.12469332628704 2.695407686390609 17
      vertex 67.76547333821614 2.6239543881533316 17
    endloop
  endfacet
  facet normal 0.32143946530316125 -0.9469301294951058 0
    outer loop
      vertex 68.12469332628704 2.695407686390609 2
      vertex 68.47151361062224 2.8131373089683978 17
      vertex 68.12469332628704 2.695407686390609 17
    endloop
  endfacet
  facet normal -0.6593458151000808 0.7518398074789668 0
    outer loop
      vertex 65.69546799877557 7.621389352815459 2
      vertex 65.42010101267766 7.379898987322333 17
      vertex 65.69546799877557 7.621389352815459 17
    endloop
  endfacet
  facet normal -0.555570233019602 0.8314696123025453 0
    outer loop
      vertex 65.99999999999999 7.824871130596428 2
      vertex 65.69546799877557 7.621389352815459 17
      vertex 65.99999999999999 7.824871130596428 17
    endloop
  endfacet
  facet normal -0.44228869021899175 0.8968727415326929 0
    outer loop
      vertex 66.32848638937774 7.986862691031603 2
      vertex 65.99999999999999 7.824871130596428 17
      vertex 66.32848638937774 7.986862691031603 17
    endloop
  endfacet
  facet normal -0.32143946530316014 0.9469301294951061 0
    outer loop
      vertex 66.67530667371294 8.104592313609391 2
      vertex 66.32848638937774 7.986862691031603 17
      vertex 66.67530667371294 8.104592313609391 17
    endloop
  endfacet
  facet normal -0.19509032201613424 0.9807852804032293 0
    outer loop
      vertex 67.03452666178384 8.17604561184667 2
      vertex 66.67530667371294 8.104592313609391 17
      vertex 67.03452666178384 8.17604561184667 17
    endloop
  endfacet
  facet normal -0.06540312923013937 0.9978589232386037 0
    outer loop
      vertex 67.39999999999999 8.2 2
      vertex 67.03452666178384 8.17604561184667 17
      vertex 67.39999999999999 8.2 17
    endloop
  endfacet
  facet normal 0.06540312923013937 0.9978589232386037 0
    outer loop
      vertex 67.76547333821614 8.17604561184667 2
      vertex 67.39999999999999 8.2 17
      vertex 67.76547333821614 8.17604561184667 17
    endloop
  endfacet
  facet normal 0.19509032201613424 0.9807852804032293 0
    outer loop
      vertex 68.12469332628704 8.104592313609391 2
      vertex 67.76547333821614 8.17604561184667 17
      vertex 68.12469332628704 8.104592313609391 17
    endloop
  endfacet
  facet normal 0.44228869021899075 -0.8968727415326934 0
    outer loop
      vertex 68.47151361062224 2.8131373089683978 2
      vertex 68.8 2.9751288694035725 17
      vertex 68.47151361062224 2.8131373089683978 17
    endloop
  endfacet
  facet normal 0.5555702330196037 -0.8314696123025442 0
    outer loop
      vertex 68.8 2.9751288694035725 2
      vertex 69.10453200122441 3.178610647184542 17
      vertex 68.8 2.9751288694035725 17
    endloop
  endfacet
  facet normal 0.6593458151000795 -0.7518398074789681 0
    outer loop
      vertex 69.10453200122441 3.178610647184542 2
      vertex 69.37989898732232 3.420101012677667 17
      vertex 69.10453200122441 3.178610647184542 17
    endloop
  endfacet
  facet normal 0.7518398074789644 -0.6593458151000838 0
    outer loop
      vertex 69.62138935281546 3.6954679987755825 2
      vertex 69.62138935281546 3.6954679987755825 17
      vertex 69.37989898732232 3.420101012677667 17
    endloop
  endfacet
  facet normal 0.8314696123025509 -0.5555702330195936 0
    outer loop
      vertex 69.82487113059642 4 2
      vertex 69.82487113059642 4 17
      vertex 69.62138935281546 3.6954679987755825 17
    endloop
  endfacet
  facet normal 0.8968727415326949 -0.44228869021898776 0
    outer loop
      vertex 69.98686269103159 4.328486389377749 2
      vertex 69.98686269103159 4.328486389377749 17
      vertex 69.82487113059642 4 17
    endloop
  endfacet
  facet normal 0.9469301294950976 -0.32143946530318557 0
    outer loop
      vertex 70.10459231360939 4.675306673712942 2
      vertex 70.10459231360939 4.675306673712942 17
      vertex 69.98686269103159 4.328486389377749 17
    endloop
  endfacet
  facet normal 0.9807852804032331 -0.19509032201611562 0
    outer loop
      vertex 70.17604561184666 5.034526661783856 2
      vertex 70.17604561184666 5.034526661783856 17
      vertex 70.10459231360939 4.675306673712942 17
    endloop
  endfacet
  facet normal 0.997858923238604 -0.06540312923013518 0
    outer loop
      vertex 70.19999999999999 5.4 2
      vertex 70.19999999999999 5.4 17
      vertex 70.17604561184666 5.034526661783856 17
    endloop
  endfacet
  facet normal 0.7518398074789633 0.6593458151000849 0
    outer loop
      vertex 69.37989898732232 7.379898987322333 2
      vertex 69.37989898732232 7.379898987322333 17
      vertex 69.62138935281546 7.104532001224419 17
    endloop
  endfacet
  facet normal 0.8968727415326949 0.44228869021898776 0
    outer loop
      vertex 69.82487113059642 6.800000000000001 2
      vertex 69.82487113059642 6.800000000000001 17
      vertex 69.98686269103159 6.471513610622251 17
    endloop
  endfacet
  facet normal 0.8314696123025513 0.5555702330195931 0
    outer loop
      vertex 69.62138935281546 7.104532001224419 2
      vertex 69.62138935281546 7.104532001224419 17
      vertex 69.82487113059642 6.800000000000001 17
    endloop
  endfacet
  facet normal 0.997858923238604 0.06540312923013518 0
    outer loop
      vertex 70.17604561184666 5.765473338216145 2
      vertex 70.17604561184666 5.765473338216145 17
      vertex 70.19999999999999 5.4 17
    endloop
  endfacet
  facet normal 0.9469301294950976 0.32143946530318557 0
    outer loop
      vertex 69.98686269103159 6.471513610622251 2
      vertex 69.98686269103159 6.471513610622251 17
      vertex 70.10459231360939 6.124693326287058 17
    endloop
  endfacet
  facet normal 0.9807852804032331 0.19509032201611562 0
    outer loop
      vertex 70.10459231360939 6.124693326287058 2
      vertex 70.10459231360939 6.124693326287058 17
      vertex 70.17604561184666 5.765473338216145 17
    endloop
  endfacet
  facet normal 0.32143946530316014 0.9469301294951061 0
    outer loop
      vertex 68.47151361062224 7.986862691031603 2
      vertex 68.12469332628704 8.104592313609391 17
      vertex 68.47151361062224 7.986862691031603 17
    endloop
  endfacet
  facet normal 0.44228869021899175 0.8968727415326929 0
    outer loop
      vertex 68.8 7.824871130596428 2
      vertex 68.47151361062224 7.986862691031603 17
      vertex 68.8 7.824871130596428 17
    endloop
  endfacet
  facet normal 0.555570233019602 0.8314696123025453 0
    outer loop
      vertex 69.10453200122441 7.621389352815459 2
      vertex 68.8 7.824871130596428 17
      vertex 69.10453200122441 7.621389352815459 17
    endloop
  endfacet
  facet normal 0.6593458151000808 0.7518398074789668 0
    outer loop
      vertex 69.37989898732232 7.379898987322333 2
      vertex 69.10453200122441 7.621389352815459 17
      vertex 69.37989898732232 7.379898987322333 17
    endloop
  endfacet
  facet normal 0 0 1
    outer loop
      vertex 64.8131373089684 4.328486389377749 17
      vertex 64.6954076863906 6.124693326287058 17
      vertex 64.6954076863906 4.675306673712942 17
    endloop
  endfacet
  facet normal 0 0 1
    outer loop
      vertex 64.62395438815332 5.034526661783856 17
      vertex 64.6954076863906 4.675306673712942 17
      vertex 64.62395438815332 5.765473338216145 17
    endloop
  endfacet
  facet normal 0 0 1
    outer loop
      vertex 64.62395438815332 5.034526661783856 17
      vertex 64.62395438815332 5.765473338216145 17
      vertex 64.6 5.4 17
    endloop
  endfacet
  facet normal 0 0 1
    outer loop
      vertex 64.6954076863906 4.675306673712942 17
      vertex 64.6954076863906 6.124693326287058 17
      vertex 64.62395438815332 5.765473338216145 17
    endloop
  endfacet
  facet normal 0 0 1
    outer loop
      vertex 64.8131373089684 4.328486389377749 17
      vertex 64.8131373089684 6.471513610622251 17
      vertex 64.6954076863906 6.124693326287058 17
    endloop
  endfacet
  facet normal 0 0 1
    outer loop
      vertex 64.8131373089684 4.328486389377749 17
      vertex 64.97512886940356 4 17
      vertex 64.8131373089684 6.471513610622251 17
    endloop
  endfacet
  facet normal 0 0 1
    outer loop
      vertex 64.97512886940356 4 17
      vertex 65.17861064718453 3.6954679987755825 17
      vertex 64.97512886940356 6.800000000000001 17
    endloop
  endfacet
  facet normal 0 0 1
    outer loop
      vertex 65.42010101267766 3.420101012677667 17
      vertex 65.17861064718453 7.104532001224419 17
      vertex 65.17861064718453 3.6954679987755825 17
    endloop
  endfacet
  facet normal 0 0 1
    outer loop
      vertex 65.69546799877557 3.178610647184542 17
      vertex 65.99999999999999 2.9751288694035725 17
      vertex 65.69546799877557 7.621389352815459 17
    endloop
  endfacet
  facet normal 0 0 1
    outer loop
      vertex 65.42010101267766 3.420101012677667 17
      vertex 65.69546799877557 3.178610647184542 17
      vertex 65.42010101267766 7.379898987322333 17
    endloop
  endfacet
  facet normal 0 0 1
    outer loop
      vertex 64.8131373089684 6.471513610622251 17
      vertex 64.97512886940356 4 17
      vertex 64.97512886940356 6.800000000000001 17
    endloop
  endfacet
  facet normal 0 0 1
    outer loop
      vertex 65.17861064718453 3.6954679987755825 17
      vertex 65.17861064718453 7.104532001224419 17
      vertex 64.97512886940356 6.800000000000001 17
    endloop
  endfacet
  facet normal 0 0 1
    outer loop
      vertex 65.42010101267766 3.420101012677667 17
      vertex 65.42010101267766 7.379898987322333 17
      vertex 65.17861064718453 7.104532001224419 17
    endloop
  endfacet
  facet normal 0 0 1
    outer loop
      vertex 65.69546799877557 3.178610647184542 17
      vertex 65.69546799877557 7.621389352815459 17
      vertex 65.42010101267766 7.379898987322333 17
    endloop
  endfacet
  facet normal 0 0 1
    outer loop
      vertex 65.99999999999999 2.9751288694035725 17
      vertex 65.99999999999999 7.824871130596428 17
      vertex 65.69546799877557 7.621389352815459 17
    endloop
  endfacet
  facet normal 0 0 1
    outer loop
      vertex 65.99999999999999 2.9751288694035725 17
      vertex 66.32848638937774 2.8131373089683978 17
      vertex 66.16069392328272 5.236842259724936 17
    endloop
  endfacet
  facet normal 0 0 1
    outer loop
      vertex 66.32848638937774 2.8131373089683978 17
      vertex 66.67530667371294 2.695407686390609 17
      vertex 66.51611652351681 4.516116523516816 17
    endloop
  endfacet
  facet normal 0 0 1
    outer loop
      vertex 66.67530667371294 2.695407686390609 17
      vertex 67.03452666178384 2.6239543881533316 17
      vertex 66.92164570954363 4.245150584360892 17
    endloop
  endfacet
  facet normal 0 0 1
    outer loop
      vertex 67.03452666178384 2.6239543881533316 17
      vertex 67.39999999999999 2.6000000000000005 17
      vertex 67.23684225972492 4.160693923282738 17
    endloop
  endfacet
  facet normal 0 0 1
    outer loop
      vertex 67.03452666178384 2.6239543881533316 17
      vertex 67.23684225972492 4.160693923282738 17
      vertex 67.07647619362184 4.192592717138665 17
    endloop
  endfacet
  facet normal 0 0 1
    outer loop
      vertex 67.39999999999999 2.6000000000000005 17
      vertex 67.39999999999999 4.15 17
      vertex 67.23684225972492 4.160693923282738 17
    endloop
  endfacet
  facet normal 0 0 1
    outer loop
      vertex 67.39999999999999 2.6000000000000005 17
      vertex 67.76547333821614 2.6239543881533316 17
      vertex 67.56315774027506 4.160693923282738 17
    endloop
  endfacet
  facet normal 0 0 1
    outer loop
      vertex 67.39999999999999 2.6000000000000005 17
      vertex 67.56315774027506 4.160693923282738 17
      vertex 67.39999999999999 4.15 17
    endloop
  endfacet
  facet normal 0 0 1
    outer loop
      vertex 67.76547333821614 2.6239543881533316 17
      vertex 68.12469332628704 2.695407686390609 17
      vertex 67.72352380637814 4.192592717138665 17
    endloop
  endfacet
  facet normal 0 0 1
    outer loop
      vertex 67.76547333821614 2.6239543881533316 17
      vertex 67.72352380637814 4.192592717138665 17
      vertex 67.56315774027506 4.160693923282738 17
    endloop
  endfacet
  facet normal 0 0 1
    outer loop
      vertex 68.12469332628704 2.695407686390609 17
      vertex 68.47151361062224 2.8131373089683978 17
      vertex 68.02499999999999 4.317468245269453 17
    endloop
  endfacet
  facet normal 0 0 1
    outer loop
      vertex 65.99999999999999 2.9751288694035725 17
      vertex 66.16069392328272 5.236842259724936 17
      vertex 66.14999999999999 5.4 17
    endloop
  endfacet
  facet normal 0 0 1
    outer loop
      vertex 66.32848638937774 2.8131373089683978 17
      vertex 66.24515058436089 4.921645709543638 17
      vertex 66.19259271713865 5.07647619362185 17
    endloop
  endfacet
  facet normal 0 0 1
    outer loop
      vertex 66.32848638937774 2.8131373089683978 17
      vertex 66.19259271713865 5.07647619362185 17
      vertex 66.16069392328272 5.236842259724936 17
    endloop
  endfacet
  facet normal 0 0 1
    outer loop
      vertex 66.32848638937774 2.8131373089683978 17
      vertex 66.40830832463595 4.6390482137391 17
      vertex 66.31746824526944 4.775 17
    endloop
  endfacet
  facet normal 0 0 1
    outer loop
      vertex 66.32848638937774 2.8131373089683978 17
      vertex 66.51611652351681 4.516116523516816 17
      vertex 66.40830832463595 4.6390482137391 17
    endloop
  endfacet
  facet normal 0 0 1
    outer loop
      vertex 66.32848638937774 2.8131373089683978 17
      vertex 66.31746824526944 4.775 17
      vertex 66.24515058436089 4.921645709543638 17
    endloop
  endfacet
  facet normal 0 0 1
    outer loop
      vertex 65.99999999999999 2.9751288694035725 17
      vertex 66.14999999999999 5.4 17
      vertex 65.99999999999999 7.824871130596428 17
    endloop
  endfacet
  facet normal 0 0 1
    outer loop
      vertex 66.67530667371294 2.695407686390609 17
      vertex 66.63904821373909 4.408308324635956 17
      vertex 66.51611652351681 4.516116523516816 17
    endloop
  endfacet
  facet normal 0 0 1
    outer loop
      vertex 66.67530667371294 2.695407686390609 17
      vertex 66.77499999999999 4.317468245269453 17
      vertex 66.63904821373909 4.408308324635956 17
    endloop
  endfacet
  facet normal 0 0 1
    outer loop
      vertex 66.67530667371294 2.695407686390609 17
      vertex 66.92164570954363 4.245150584360892 17
      vertex 66.77499999999999 4.317468245269453 17
    endloop
  endfacet
  facet normal 0 0 1
    outer loop
      vertex 67.03452666178384 2.6239543881533316 17
      vertex 67.07647619362184 4.192592717138665 17
      vertex 66.92164570954363 4.245150584360892 17
    endloop
  endfacet
  facet normal 0 0 1
    outer loop
      vertex 65.99999999999999 7.824871130596428 17
      vertex 66.14999999999999 5.4 17
      vertex 66.16069392328272 5.563157740275065 17
    endloop
  endfacet
  facet normal 0 0 1
    outer loop
      vertex 65.99999999999999 7.824871130596428 17
      vertex 66.16069392328272 5.563157740275065 17
      vertex 66.19259271713865 5.723523806378151 17
    endloop
  endfacet
  facet normal 0 0 1
    outer loop
      vertex 65.99999999999999 7.824871130596428 17
      vertex 66.19259271713865 5.723523806378151 17
      vertex 66.24515058436089 5.878354290456363 17
    endloop
  endfacet
  facet normal 0 0 1
    outer loop
      vertex 65.99999999999999 7.824871130596428 17
      vertex 66.24515058436089 5.878354290456363 17
      vertex 66.31746824526944 6.025 17
    endloop
  endfacet
  facet normal 0 0 1
    outer loop
      vertex 65.99999999999999 7.824871130596428 17
      vertex 66.31746824526944 6.025 17
      vertex 66.40830832463595 6.160951786260901 17
    endloop
  endfacet
  facet normal 0 0 1
    outer loop
      vertex 65.99999999999999 7.824871130596428 17
      vertex 66.40830832463595 6.160951786260901 17
      vertex 66.32848638937774 7.986862691031603 17
    endloop
  endfacet
  facet normal 0 0 1
    outer loop
      vertex 66.32848638937774 7.986862691031603 17
      vertex 66.40830832463595 6.160951786260901 17
      vertex 66.51611652351681 6.283883476483185 17
    endloop
  endfacet
  facet normal 0 0 1
    outer loop
      vertex 66.32848638937774 7.986862691031603 17
      vertex 66.51611652351681 6.283883476483185 17
      vertex 66.63904821373909 6.3916916753640445 17
    endloop
  endfacet
  facet normal 0 0 1
    outer loop
      vertex 66.32848638937774 7.986862691031603 17
      vertex 66.63904821373909 6.3916916753640445 17
      vertex 66.77499999999999 6.482531754730548 17
    endloop
  endfacet
  facet normal 0 0 1
    outer loop
      vertex 66.67530667371294 8.104592313609391 17
      vertex 66.77499999999999 6.482531754730548 17
      vertex 66.92164570954363 6.554849415639109 17
    endloop
  endfacet
  facet normal 0 0 1
    outer loop
      vertex 66.67530667371294 8.104592313609391 17
      vertex 66.92164570954363 6.554849415639109 17
      vertex 67.07647619362184 6.6074072828613355 17
    endloop
  endfacet
  facet normal 0 0 1
    outer loop
      vertex 68.12469332628704 2.695407686390609 17
      vertex 67.87835429045636 4.245150584360892 17
      vertex 67.72352380637814 4.192592717138665 17
    endloop
  endfacet
  facet normal 0 0 1
    outer loop
      vertex 68.12469332628704 2.695407686390609 17
      vertex 68.02499999999999 4.317468245269453 17
      vertex 67.87835429045636 4.245150584360892 17
    endloop
  endfacet
  facet normal 0 0 1
    outer loop
      vertex 68.47151361062224 2.8131373089683978 17
      vertex 68.1609517862609 4.408308324635956 17
      vertex 68.02499999999999 4.317468245269453 17
    endloop
  endfacet
  facet normal 0 0 1
    outer loop
      vertex 67.03452666178384 8.17604561184667 17
      vertex 67.07647619362184 6.6074072828613355 17
      vertex 67.23684225972492 6.639306076717263 17
    endloop
  endfacet
  facet normal 0 0 1
    outer loop
      vertex 67.39999999999999 8.2 17
      vertex 67.23684225972492 6.639306076717263 17
      vertex 67.39999999999999 6.65 17
    endloop
  endfacet
  facet normal 0 0 1
    outer loop
      vertex 67.39999999999999 8.2 17
      vertex 67.39999999999999 6.65 17
      vertex 67.56315774027506 6.639306076717263 17
    endloop
  endfacet
  facet normal 0 0 1
    outer loop
      vertex 67.76547333821614 8.17604561184667 17
      vertex 67.72352380637814 6.6074072828613355 17
      vertex 67.87835429045636 6.554849415639109 17
    endloop
  endfacet
  facet normal 0 0 1
    outer loop
      vertex 67.76547333821614 8.17604561184667 17
      vertex 67.56315774027506 6.639306076717263 17
      vertex 67.72352380637814 6.6074072828613355 17
    endloop
  endfacet
  facet normal 0 0 1
    outer loop
      vertex 68.12469332628704 8.104592313609391 17
      vertex 67.87835429045636 6.554849415639109 17
      vertex 68.02499999999999 6.482531754730548 17
    endloop
  endfacet
  facet normal 0 0 1
    outer loop
      vertex 68.12469332628704 8.104592313609391 17
      vertex 68.02499999999999 6.482531754730548 17
      vertex 68.1609517862609 6.3916916753640445 17
    endloop
  endfacet
  facet normal 0 0 1
    outer loop
      vertex 68.12469332628704 8.104592313609391 17
      vertex 68.1609517862609 6.3916916753640445 17
      vertex 68.28388347648317 6.283883476483185 17
    endloop
  endfacet
  facet normal 0 0 1
    outer loop
      vertex 66.32848638937774 7.986862691031603 17
      vertex 66.77499999999999 6.482531754730548 17
      vertex 66.67530667371294 8.104592313609391 17
    endloop
  endfacet
  facet normal 0 0 1
    outer loop
      vertex 66.67530667371294 8.104592313609391 17
      vertex 67.07647619362184 6.6074072828613355 17
      vertex 67.03452666178384 8.17604561184667 17
    endloop
  endfacet
  facet normal 0 0 1
    outer loop
      vertex 67.03452666178384 8.17604561184667 17
      vertex 67.23684225972492 6.639306076717263 17
      vertex 67.39999999999999 8.2 17
    endloop
  endfacet
  facet normal 0 0 1
    outer loop
      vertex 67.39999999999999 8.2 17
      vertex 67.56315774027506 6.639306076717263 17
      vertex 67.76547333821614 8.17604561184667 17
    endloop
  endfacet
  facet normal 0 0 1
    outer loop
      vertex 67.76547333821614 8.17604561184667 17
      vertex 67.87835429045636 6.554849415639109 17
      vertex 68.12469332628704 8.104592313609391 17
    endloop
  endfacet
  facet normal 0 0 1
    outer loop
      vertex 68.47151361062224 2.8131373089683978 17
      vertex 68.8 2.9751288694035725 17
      vertex 68.39169167536403 4.6390482137391 17
    endloop
  endfacet
  facet normal 0 0 1
    outer loop
      vertex 68.47151361062224 2.8131373089683978 17
      vertex 68.28388347648317 4.516116523516816 17
      vertex 68.1609517862609 4.408308324635956 17
    endloop
  endfacet
  facet normal 0 0 1
    outer loop
      vertex 68.47151361062224 2.8131373089683978 17
      vertex 68.39169167536403 4.6390482137391 17
      vertex 68.28388347648317 4.516116523516816 17
    endloop
  endfacet
  facet normal 0 0 1
    outer loop
      vertex 68.8 2.9751288694035725 17
      vertex 68.48253175473054 4.775 17
      vertex 68.39169167536403 4.6390482137391 17
    endloop
  endfacet
  facet normal 0 0 1
    outer loop
      vertex 68.8 2.9751288694035725 17
      vertex 68.5548494156391 4.921645709543638 17
      vertex 68.48253175473054 4.775 17
    endloop
  endfacet
  facet normal 0 0 1
    outer loop
      vertex 68.8 2.9751288694035725 17
      vertex 68.60740728286133 5.07647619362185 17
      vertex 68.5548494156391 4.921645709543638 17
    endloop
  endfacet
  facet normal 0 0 1
    outer loop
      vertex 68.8 2.9751288694035725 17
      vertex 68.63930607671726 5.236842259724936 17
      vertex 68.60740728286133 5.07647619362185 17
    endloop
  endfacet
  facet normal 0 0 1
    outer loop
      vertex 68.8 2.9751288694035725 17
      vertex 68.64999999999999 5.4 17
      vertex 68.63930607671726 5.236842259724936 17
    endloop
  endfacet
  facet normal 0 0 1
    outer loop
      vertex 68.8 2.9751288694035725 17
      vertex 68.8 7.824871130596428 17
      vertex 68.64999999999999 5.4 17
    endloop
  endfacet
  facet normal 0 0 1
    outer loop
      vertex 68.8 2.9751288694035725 17
      vertex 69.10453200122441 3.178610647184542 17
      vertex 68.8 7.824871130596428 17
    endloop
  endfacet
  facet normal 0 0 1
    outer loop
      vertex 69.10453200122441 3.178610647184542 17
      vertex 69.37989898732232 3.420101012677667 17
      vertex 69.10453200122441 7.621389352815459 17
    endloop
  endfacet
  facet normal 0 0 1
    outer loop
      vertex 68.47151361062224 7.986862691031603 17
      vertex 68.60740728286133 5.723523806378151 17
      vertex 68.63930607671726 5.563157740275065 17
    endloop
  endfacet
  facet normal 0 0 1
    outer loop
      vertex 68.8 7.824871130596428 17
      vertex 68.63930607671726 5.563157740275065 17
      vertex 68.64999999999999 5.4 17
    endloop
  endfacet
  facet normal 0 0 1
    outer loop
      vertex 68.47151361062224 7.986862691031603 17
      vertex 68.28388347648317 6.283883476483185 17
      vertex 68.39169167536403 6.160951786260901 17
    endloop
  endfacet
  facet normal 0 0 1
    outer loop
      vertex 68.47151361062224 7.986862691031603 17
      vertex 68.48253175473054 6.025 17
      vertex 68.5548494156391 5.878354290456363 17
    endloop
  endfacet
  facet normal 0 0 1
    outer loop
      vertex 68.47151361062224 7.986862691031603 17
      vertex 68.39169167536403 6.160951786260901 17
      vertex 68.48253175473054 6.025 17
    endloop
  endfacet
  facet normal 0 0 1
    outer loop
      vertex 68.47151361062224 7.986862691031603 17
      vertex 68.5548494156391 5.878354290456363 17
      vertex 68.60740728286133 5.723523806378151 17
    endloop
  endfacet
  facet normal 0 0 1
    outer loop
      vertex 68.47151361062224 7.986862691031603 17
      vertex 68.63930607671726 5.563157740275065 17
      vertex 68.8 7.824871130596428 17
    endloop
  endfacet
  facet normal 0 0 1
    outer loop
      vertex 69.10453200122441 3.178610647184542 17
      vertex 69.10453200122441 7.621389352815459 17
      vertex 68.8 7.824871130596428 17
    endloop
  endfacet
  facet normal 0 0 1
    outer loop
      vertex 69.37989898732232 3.420101012677667 17
      vertex 69.37989898732232 7.379898987322333 17
      vertex 69.10453200122441 7.621389352815459 17
    endloop
  endfacet
  facet normal 0 0 1
    outer loop
      vertex 69.37989898732232 3.420101012677667 17
      vertex 69.62138935281546 3.6954679987755825 17
      vertex 69.37989898732232 7.379898987322333 17
    endloop
  endfacet
  facet normal 0 0 1
    outer loop
      vertex 69.62138935281546 3.6954679987755825 17
      vertex 69.82487113059642 4 17
      vertex 69.62138935281546 7.104532001224419 17
    endloop
  endfacet
  facet normal 0 0 1
    outer loop
      vertex 69.82487113059642 4 17
      vertex 69.98686269103159 4.328486389377749 17
      vertex 69.82487113059642 6.800000000000001 17
    endloop
  endfacet
  facet normal 0 0 1
    outer loop
      vertex 69.98686269103159 4.328486389377749 17
      vertex 70.10459231360939 4.675306673712942 17
      vertex 69.98686269103159 6.471513610622251 17
    endloop
  endfacet
  facet normal 0 0 1
    outer loop
      vertex 70.10459231360939 4.675306673712942 17
      vertex 70.17604561184666 5.034526661783856 17
      vertex 70.10459231360939 6.124693326287058 17
    endloop
  endfacet
  facet normal 0 0 1
    outer loop
      vertex 70.17604561184666 5.034526661783856 17
      vertex 70.19999999999999 5.4 17
      vertex 70.17604561184666 5.765473338216145 17
    endloop
  endfacet
  facet normal 0 0 1
    outer loop
      vertex 69.62138935281546 3.6954679987755825 17
      vertex 69.62138935281546 7.104532001224419 17
      vertex 69.37989898732232 7.379898987322333 17
    endloop
  endfacet
  facet normal 0 0 1
    outer loop
      vertex 69.82487113059642 4 17
      vertex 69.82487113059642 6.800000000000001 17
      vertex 69.62138935281546 7.104532001224419 17
    endloop
  endfacet
  facet normal 0 0 1
    outer loop
      vertex 69.98686269103159 4.328486389377749 17
      vertex 69.98686269103159 6.471513610622251 17
      vertex 69.82487113059642 6.800000000000001 17
    endloop
  endfacet
  facet normal 0 0 1
    outer loop
      vertex 70.10459231360939 4.675306673712942 17
      vertex 70.10459231360939 6.124693326287058 17
      vertex 69.98686269103159 6.471513610622251 17
    endloop
  endfacet
  facet normal 0 0 1
    outer loop
      vertex 70.17604561184666 5.034526661783856 17
      vertex 70.17604561184666 5.765473338216145 17
      vertex 70.10459231360939 6.124693326287058 17
    endloop
  endfacet
  facet normal 0 0 1
    outer loop
      vertex 68.12469332628704 8.104592313609391 17
      vertex 68.28388347648317 6.283883476483185 17
      vertex 68.47151361062224 7.986862691031603 17
    endloop
  endfacet
  facet normal -0.946930129495098 -0.32143946530318407 -5.893797361813215e-19
    outer loop
      vertex 64.8131373089684 32.328486389377744 2
      vertex 64.6954076863906 32.67530667371294 17
      vertex 64.6954076863906 32.67530667371294 2
    endloop
  endfacet
  facet normal -0.9807852804032335 -0.19509032201611282 0
    outer loop
      vertex 64.62395438815332 33.03452666178386 2
      vertex 64.6954076863906 32.67530667371294 2
      vertex 64.62395438815332 33.03452666178386 17
    endloop
  endfacet
  facet normal -0.6593458151000782 -0.7518398074789693 0
    outer loop
      vertex 65.69546799877557 31.17861064718454 2
      vertex 65.69546799877557 31.17861064718454 17
      vertex 65.42010101267766 31.420101012677666 2
    endloop
  endfacet
  facet normal -0.5555702330196087 -0.8314696123025409 -6.04315240237477e-19
    outer loop
      vertex 65.69546799877557 31.17861064718454 2
      vertex 65.99999999999999 30.97512886940357 2
      vertex 65.99999999999999 30.97512886940357 17
    endloop
  endfacet
  facet normal -0.8314696123025529 -0.5555702330195909 0
    outer loop
      vertex 64.97512886940356 32 2
      vertex 65.17861064718453 31.69546799877558 2
      vertex 64.97512886940356 32 17
    endloop
  endfacet
  facet normal -0.7518398074789633 -0.6593458151000849 0
    outer loop
      vertex 65.17861064718453 31.69546799877558 2
      vertex 65.42010101267766 31.420101012677666 2
      vertex 65.17861064718453 31.69546799877558 17
    endloop
  endfacet
  facet normal -0.8968727415326921 -0.44228869021899353 0
    outer loop
      vertex 64.8131373089684 32.328486389377744 2
      vertex 64.97512886940356 32 2
      vertex 64.8131373089684 32.328486389377744 17
    endloop
  endfacet
  facet normal -0.997858923238604 -0.0654031292301358 1.4298404942805038e-19
    outer loop
      vertex 64.62395438815332 33.03452666178386 2
      vertex 64.6 33.4 17
      vertex 64.6 33.4 2
    endloop
  endfacet
  facet normal -0.997858923238604 0.0654031292301358 -1.4298404942805038e-19
    outer loop
      vertex 64.6 33.4 2
      vertex 64.62395438815332 33.76547333821614 17
      vertex 64.62395438815332 33.76547333821614 2
    endloop
  endfacet
  facet normal -0.9807852804032335 0.19509032201611282 -1.8689453452030257e-20
    outer loop
      vertex 64.62395438815332 33.76547333821614 2
      vertex 64.6954076863906 34.12469332628706 17
      vertex 64.6954076863906 34.12469332628706 2
    endloop
  endfacet
  facet normal -0.946930129495098 0.32143946530318407 5.893797361813215e-19
    outer loop
      vertex 64.6954076863906 34.12469332628706 2
      vertex 64.8131373089684 34.47151361062225 17
      vertex 64.8131373089684 34.47151361062225 2
    endloop
  endfacet
  facet normal -0.8968727415326921 0.44228869021899353 -3.626210760643262e-19
    outer loop
      vertex 64.8131373089684 34.47151361062225 2
      vertex 64.97512886940356 34.8 17
      vertex 64.97512886940356 34.8 2
    endloop
  endfacet
  facet normal -0.8314696123025499 0.5555702330195953 -4.575985358114026e-19
    outer loop
      vertex 64.97512886940356 34.8 2
      vertex 65.17861064718453 35.10453200122441 17
      vertex 65.17861064718453 35.10453200122441 2
    endloop
  endfacet
  facet normal -0.7518398074789717 0.6593458151000754 8.576370811151002e-19
    outer loop
      vertex 65.17861064718453 35.10453200122441 2
      vertex 65.42010101267766 35.379898987322335 17
      vertex 65.42010101267766 35.379898987322335 2
    endloop
  endfacet
  facet normal -0.6593458151000727 0.7518398074789742 0
    outer loop
      vertex 65.42010101267766 35.379898987322335 2
      vertex 65.42010101267766 35.379898987322335 17
      vertex 65.69546799877557 35.621389352815456 2
    endloop
  endfacet
  facet normal -0.5555702330196087 0.8314696123025409 0
    outer loop
      vertex 65.69546799877557 35.621389352815456 2
      vertex 65.69546799877557 35.621389352815456 17
      vertex 65.99999999999999 35.82487113059643 2
    endloop
  endfacet
  facet normal -0.4422886902189859 -0.8968727415326958 4.3366993343340354e-19
    outer loop
      vertex 65.99999999999999 30.97512886940357 2
      vertex 66.32848638937774 30.813137308968397 2
      vertex 66.32848638937774 30.813137308968397 17
    endloop
  endfacet
  facet normal -0.3214394653031667 -0.946930129495104 -4.0754035913636386e-19
    outer loop
      vertex 66.32848638937774 30.813137308968397 2
      vertex 66.67530667371294 30.695407686390606 2
      vertex 66.67530667371294 30.695407686390606 17
    endloop
  endfacet
  facet normal -0.19509032201612958 -0.9807852804032302 -8.775727902867613e-20
    outer loop
      vertex 66.67530667371294 30.695407686390606 2
      vertex 67.03452666178384 30.62395438815333 2
      vertex 67.03452666178384 30.62395438815333 17
    endloop
  endfacet
  facet normal -0.0654031292301442 -0.9978589232386034 -4.854460499424002e-20
    outer loop
      vertex 67.03452666178384 30.62395438815333 2
      vertex 67.39999999999999 30.599999999999998 2
      vertex 67.39999999999999 30.599999999999998 17
    endloop
  endfacet
  facet normal 0.0654031292301442 -0.9978589232386034 4.854460499424002e-20
    outer loop
      vertex 67.39999999999999 30.599999999999998 2
      vertex 67.76547333821614 30.62395438815333 2
      vertex 67.76547333821614 30.62395438815333 17
    endloop
  endfacet
  facet normal 0.19509032201612958 -0.9807852804032302 8.775727902867613e-20
    outer loop
      vertex 67.76547333821614 30.62395438815333 2
      vertex 68.12469332628704 30.695407686390606 2
      vertex 68.12469332628704 30.695407686390606 17
    endloop
  endfacet
  facet normal -0.4422886902189937 0.8968727415326919 0
    outer loop
      vertex 65.99999999999999 35.82487113059643 2
      vertex 65.99999999999999 35.82487113059643 17
      vertex 66.32848638937774 35.986862691031604 2
    endloop
  endfacet
  facet normal -0.32143946530314926 0.9469301294951098 0
    outer loop
      vertex 66.32848638937774 35.986862691031604 2
      vertex 66.32848638937774 35.986862691031604 17
      vertex 66.67530667371294 36.10459231360939 2
    endloop
  endfacet
  facet normal -0.1950903220161389 0.9807852804032283 0
    outer loop
      vertex 66.67530667371294 36.10459231360939 2
      vertex 66.67530667371294 36.10459231360939 17
      vertex 67.03452666178384 36.17604561184667 2
    endloop
  endfacet
  facet normal -0.06540312923013454 0.997858923238604 0
    outer loop
      vertex 67.03452666178384 36.17604561184667 2
      vertex 67.03452666178384 36.17604561184667 17
      vertex 67.39999999999999 36.199999999999996 2
    endloop
  endfacet
  facet normal 0.06540312923013454 0.997858923238604 0
    outer loop
      vertex 67.39999999999999 36.199999999999996 2
      vertex 67.39999999999999 36.199999999999996 17
      vertex 67.76547333821614 36.17604561184667 2
    endloop
  endfacet
  facet normal 0.1950903220161389 0.9807852804032283 0
    outer loop
      vertex 67.76547333821614 36.17604561184667 2
      vertex 67.76547333821614 36.17604561184667 17
      vertex 68.12469332628704 36.10459231360939 2
    endloop
  endfacet
  facet normal 0.32143946530314926 0.9469301294951098 0
    outer loop
      vertex 68.12469332628704 36.10459231360939 2
      vertex 68.12469332628704 36.10459231360939 17
      vertex 68.47151361062224 35.986862691031604 2
    endloop
  endfacet
  facet normal 0.3214394653031667 -0.946930129495104 4.0754035913636386e-19
    outer loop
      vertex 68.12469332628704 30.695407686390606 2
      vertex 68.47151361062224 30.813137308968397 2
      vertex 68.47151361062224 30.813137308968397 17
    endloop
  endfacet
  facet normal 0.4422886902189859 -0.8968727415326958 -4.3366993343340354e-19
    outer loop
      vertex 68.47151361062224 30.813137308968397 2
      vertex 68.8 30.97512886940357 2
      vertex 68.8 30.97512886940357 17
    endloop
  endfacet
  facet normal 0.5555702330196087 -0.8314696123025409 6.04315240237477e-19
    outer loop
      vertex 68.8 30.97512886940357 2
      vertex 69.10453200122441 31.17861064718454 2
      vertex 69.10453200122441 31.17861064718454 17
    endloop
  endfacet
  facet normal 0.6593458151000782 -0.7518398074789693 -1.0823199301737638e-18
    outer loop
      vertex 69.10453200122441 31.17861064718454 2
      vertex 69.37989898732232 31.420101012677666 2
      vertex 69.37989898732232 31.420101012677666 17
    endloop
  endfacet
  facet normal 0.7518398074789633 -0.6593458151000849 0
    outer loop
      vertex 69.37989898732232 31.420101012677666 2
      vertex 69.62138935281546 31.69546799877558 2
      vertex 69.37989898732232 31.420101012677666 17
    endloop
  endfacet
  facet normal 0.8314696123025529 -0.5555702330195909 0
    outer loop
      vertex 69.62138935281546 31.69546799877558 2
      vertex 69.82487113059642 32 2
      vertex 69.62138935281546 31.69546799877558 17
    endloop
  endfacet
  facet normal 0.8968727415326921 -0.44228869021899353 0
    outer loop
      vertex 69.82487113059642 32 2
      vertex 69.98686269103159 32.328486389377744 2
      vertex 69.82487113059642 32 17
    endloop
  endfacet
  facet normal 0.946930129495098 -0.32143946530318407 0
    outer loop
      vertex 69.98686269103159 32.328486389377744 2
      vertex 70.10459231360939 32.67530667371294 2
      vertex 69.98686269103159 32.328486389377744 17
    endloop
  endfacet
  facet normal 0.9807852804032335 -0.19509032201611282 0
    outer loop
      vertex 70.10459231360939 32.67530667371294 2
      vertex 70.17604561184666 33.03452666178386 2
      vertex 70.10459231360939 32.67530667371294 17
    endloop
  endfacet
  facet normal 0.4422886902189937 0.8968727415326919 1.9997043645942047e-19
    outer loop
      vertex 68.8 35.82487113059643 2
      vertex 68.47151361062224 35.986862691031604 2
      vertex 68.47151361062224 35.986862691031604 17
    endloop
  endfacet
  facet normal 0.5555702330196087 0.8314696123025409 0
    outer loop
      vertex 68.8 35.82487113059643 2
      vertex 68.8 35.82487113059643 17
      vertex 69.10453200122441 35.621389352815456 2
    endloop
  endfacet
  facet normal 0.6593458151000727 0.7518398074789742 -1.9599304189248151e-19
    outer loop
      vertex 69.37989898732232 35.379898987322335 2
      vertex 69.10453200122441 35.621389352815456 2
      vertex 69.10453200122441 35.621389352815456 17
    endloop
  endfacet
  facet normal 0.8314696123025499 0.5555702330195953 0
    outer loop
      vertex 69.82487113059642 34.8 2
      vertex 69.62138935281546 35.10453200122441 2
      vertex 69.82487113059642 34.8 17
    endloop
  endfacet
  facet normal 0.8968727415326921 0.44228869021899353 3.626210760643262e-19
    outer loop
      vertex 69.82487113059642 34.8 2
      vertex 69.98686269103159 34.47151361062225 17
      vertex 69.98686269103159 34.47151361062225 2
    endloop
  endfacet
  facet normal 0.997858923238604 -0.0654031292301358 0
    outer loop
      vertex 70.17604561184666 33.03452666178386 2
      vertex 70.19999999999999 33.4 2
      vertex 70.17604561184666 33.03452666178386 17
    endloop
  endfacet
  facet normal 0.997858923238604 0.0654031292301358 0
    outer loop
      vertex 70.19999999999999 33.4 2
      vertex 70.17604561184666 33.76547333821614 2
      vertex 70.19999999999999 33.4 17
    endloop
  endfacet
  facet normal 0.9807852804032335 0.19509032201611282 0
    outer loop
      vertex 70.17604561184666 33.76547333821614 2
      vertex 70.10459231360939 34.12469332628706 2
      vertex 70.17604561184666 33.76547333821614 17
    endloop
  endfacet
  facet normal 0.946930129495098 0.32143946530318407 -5.893797361813215e-19
    outer loop
      vertex 69.98686269103159 34.47151361062225 2
      vertex 70.10459231360939 34.12469332628706 17
      vertex 70.10459231360939 34.12469332628706 2
    endloop
  endfacet
  facet normal 0.7518398074789717 0.6593458151000754 -8.576370811151002e-19
    outer loop
      vertex 69.37989898732232 35.379898987322335 2
      vertex 69.62138935281546 35.10453200122441 17
      vertex 69.62138935281546 35.10453200122441 2
    endloop
  endfacet
  facet normal -0.946930129495098 -0.32143946530318407 0
    outer loop
      vertex 64.8131373089684 32.328486389377744 2
      vertex 64.8131373089684 32.328486389377744 17
      vertex 64.6954076863906 32.67530667371294 17
    endloop
  endfacet
  facet normal -0.9807852804032335 -0.19509032201611282 0
    outer loop
      vertex 64.6954076863906 32.67530667371294 2
      vertex 64.6954076863906 32.67530667371294 17
      vertex 64.62395438815332 33.03452666178386 17
    endloop
  endfacet
  facet normal -0.5555702330196087 -0.8314696123025409 0
    outer loop
      vertex 65.69546799877557 31.17861064718454 2
      vertex 65.99999999999999 30.97512886940357 17
      vertex 65.69546799877557 31.17861064718454 17
    endloop
  endfacet
  facet normal -0.8968727415326921 -0.44228869021899353 0
    outer loop
      vertex 64.97512886940356 32 2
      vertex 64.97512886940356 32 17
      vertex 64.8131373089684 32.328486389377744 17
    endloop
  endfacet
  facet normal -0.8314696123025529 -0.5555702330195909 0
    outer loop
      vertex 65.17861064718453 31.69546799877558 2
      vertex 65.17861064718453 31.69546799877558 17
      vertex 64.97512886940356 32 17
    endloop
  endfacet
  facet normal -0.7518398074789633 -0.6593458151000849 0
    outer loop
      vertex 65.42010101267766 31.420101012677666 2
      vertex 65.42010101267766 31.420101012677666 17
      vertex 65.17861064718453 31.69546799877558 17
    endloop
  endfacet
  facet normal -0.6593458151000782 -0.7518398074789693 0
    outer loop
      vertex 65.42010101267766 31.420101012677666 2
      vertex 65.69546799877557 31.17861064718454 17
      vertex 65.42010101267766 31.420101012677666 17
    endloop
  endfacet
  facet normal -0.997858923238604 -0.0654031292301358 0
    outer loop
      vertex 64.62395438815332 33.03452666178386 2
      vertex 64.62395438815332 33.03452666178386 17
      vertex 64.6 33.4 17
    endloop
  endfacet
  facet normal -0.997858923238604 0.0654031292301358 0
    outer loop
      vertex 64.6 33.4 2
      vertex 64.6 33.4 17
      vertex 64.62395438815332 33.76547333821614 17
    endloop
  endfacet
  facet normal -0.9807852804032335 0.19509032201611282 0
    outer loop
      vertex 64.62395438815332 33.76547333821614 2
      vertex 64.62395438815332 33.76547333821614 17
      vertex 64.6954076863906 34.12469332628706 17
    endloop
  endfacet
  facet normal -0.946930129495098 0.32143946530318407 0
    outer loop
      vertex 64.6954076863906 34.12469332628706 2
      vertex 64.6954076863906 34.12469332628706 17
      vertex 64.8131373089684 34.47151361062225 17
    endloop
  endfacet
  facet normal -0.8968727415326921 0.44228869021899353 0
    outer loop
      vertex 64.8131373089684 34.47151361062225 2
      vertex 64.8131373089684 34.47151361062225 17
      vertex 64.97512886940356 34.8 17
    endloop
  endfacet
  facet normal -0.8314696123025499 0.5555702330195953 0
    outer loop
      vertex 64.97512886940356 34.8 2
      vertex 64.97512886940356 34.8 17
      vertex 65.17861064718453 35.10453200122441 17
    endloop
  endfacet
  facet normal -0.7518398074789717 0.6593458151000754 0
    outer loop
      vertex 65.17861064718453 35.10453200122441 2
      vertex 65.17861064718453 35.10453200122441 17
      vertex 65.42010101267766 35.379898987322335 17
    endloop
  endfacet
  facet normal -0.6593458151000727 0.7518398074789742 0
    outer loop
      vertex 65.69546799877557 35.621389352815456 2
      vertex 65.42010101267766 35.379898987322335 17
      vertex 65.69546799877557 35.621389352815456 17
    endloop
  endfacet
  facet normal -0.5555702330196087 0.8314696123025409 0
    outer loop
      vertex 65.99999999999999 35.82487113059643 2
      vertex 65.69546799877557 35.621389352815456 17
      vertex 65.99999999999999 35.82487113059643 17
    endloop
  endfacet
  facet normal -0.4422886902189859 -0.8968727415326958 0
    outer loop
      vertex 65.99999999999999 30.97512886940357 2
      vertex 66.32848638937774 30.813137308968397 17
      vertex 65.99999999999999 30.97512886940357 17
    endloop
  endfacet
  facet normal -0.3214394653031667 -0.946930129495104 0
    outer loop
      vertex 66.32848638937774 30.813137308968397 2
      vertex 66.67530667371294 30.695407686390606 17
      vertex 66.32848638937774 30.813137308968397 17
    endloop
  endfacet
  facet normal -0.19509032201612958 -0.9807852804032302 0
    outer loop
      vertex 66.67530667371294 30.695407686390606 2
      vertex 67.03452666178384 30.62395438815333 17
      vertex 66.67530667371294 30.695407686390606 17
    endloop
  endfacet
  facet normal -0.0654031292301442 -0.9978589232386034 0
    outer loop
      vertex 67.03452666178384 30.62395438815333 2
      vertex 67.39999999999999 30.599999999999998 17
      vertex 67.03452666178384 30.62395438815333 17
    endloop
  endfacet
  facet normal 0.0654031292301442 -0.9978589232386034 0
    outer loop
      vertex 67.39999999999999 30.599999999999998 2
      vertex 67.76547333821614 30.62395438815333 17
      vertex 67.39999999999999 30.599999999999998 17
    endloop
  endfacet
  facet normal 0.19509032201612958 -0.9807852804032302 0
    outer loop
      vertex 67.76547333821614 30.62395438815333 2
      vertex 68.12469332628704 30.695407686390606 17
      vertex 67.76547333821614 30.62395438815333 17
    endloop
  endfacet
  facet normal 0.3214394653031667 -0.946930129495104 0
    outer loop
      vertex 68.12469332628704 30.695407686390606 2
      vertex 68.47151361062224 30.813137308968397 17
      vertex 68.12469332628704 30.695407686390606 17
    endloop
  endfacet
  facet normal -0.4422886902189937 0.8968727415326919 0
    outer loop
      vertex 66.32848638937774 35.986862691031604 2
      vertex 65.99999999999999 35.82487113059643 17
      vertex 66.32848638937774 35.986862691031604 17
    endloop
  endfacet
  facet normal -0.32143946530314926 0.9469301294951098 0
    outer loop
      vertex 66.67530667371294 36.10459231360939 2
      vertex 66.32848638937774 35.986862691031604 17
      vertex 66.67530667371294 36.10459231360939 17
    endloop
  endfacet
  facet normal -0.1950903220161389 0.9807852804032283 0
    outer loop
      vertex 67.03452666178384 36.17604561184667 2
      vertex 66.67530667371294 36.10459231360939 17
      vertex 67.03452666178384 36.17604561184667 17
    endloop
  endfacet
  facet normal -0.06540312923013454 0.997858923238604 0
    outer loop
      vertex 67.39999999999999 36.199999999999996 2
      vertex 67.03452666178384 36.17604561184667 17
      vertex 67.39999999999999 36.199999999999996 17
    endloop
  endfacet
  facet normal 0.06540312923013454 0.997858923238604 0
    outer loop
      vertex 67.76547333821614 36.17604561184667 2
      vertex 67.39999999999999 36.199999999999996 17
      vertex 67.76547333821614 36.17604561184667 17
    endloop
  endfacet
  facet normal 0.1950903220161389 0.9807852804032283 0
    outer loop
      vertex 68.12469332628704 36.10459231360939 2
      vertex 67.76547333821614 36.17604561184667 17
      vertex 68.12469332628704 36.10459231360939 17
    endloop
  endfacet
  facet normal 0.4422886902189859 -0.8968727415326958 0
    outer loop
      vertex 68.47151361062224 30.813137308968397 2
      vertex 68.8 30.97512886940357 17
      vertex 68.47151361062224 30.813137308968397 17
    endloop
  endfacet
  facet normal 0.5555702330196087 -0.8314696123025409 0
    outer loop
      vertex 68.8 30.97512886940357 2
      vertex 69.10453200122441 31.17861064718454 17
      vertex 68.8 30.97512886940357 17
    endloop
  endfacet
  facet normal 0.6593458151000782 -0.7518398074789693 0
    outer loop
      vertex 69.10453200122441 31.17861064718454 2
      vertex 69.37989898732232 31.420101012677666 17
      vertex 69.10453200122441 31.17861064718454 17
    endloop
  endfacet
  facet normal 0.7518398074789633 -0.6593458151000849 0
    outer loop
      vertex 69.62138935281546 31.69546799877558 2
      vertex 69.62138935281546 31.69546799877558 17
      vertex 69.37989898732232 31.420101012677666 17
    endloop
  endfacet
  facet normal 0.8314696123025529 -0.5555702330195909 0
    outer loop
      vertex 69.82487113059642 32 2
      vertex 69.82487113059642 32 17
      vertex 69.62138935281546 31.69546799877558 17
    endloop
  endfacet
  facet normal 0.8968727415326921 -0.44228869021899353 0
    outer loop
      vertex 69.98686269103159 32.328486389377744 2
      vertex 69.98686269103159 32.328486389377744 17
      vertex 69.82487113059642 32 17
    endloop
  endfacet
  facet normal 0.946930129495098 -0.32143946530318407 0
    outer loop
      vertex 70.10459231360939 32.67530667371294 2
      vertex 70.10459231360939 32.67530667371294 17
      vertex 69.98686269103159 32.328486389377744 17
    endloop
  endfacet
  facet normal 0.9807852804032335 -0.19509032201611282 0
    outer loop
      vertex 70.17604561184666 33.03452666178386 2
      vertex 70.17604561184666 33.03452666178386 17
      vertex 70.10459231360939 32.67530667371294 17
    endloop
  endfacet
  facet normal 0.4422886902189937 0.8968727415326919 0
    outer loop
      vertex 68.8 35.82487113059643 2
      vertex 68.47151361062224 35.986862691031604 17
      vertex 68.8 35.82487113059643 17
    endloop
  endfacet
  facet normal 0.32143946530314926 0.9469301294951098 0
    outer loop
      vertex 68.47151361062224 35.986862691031604 2
      vertex 68.12469332628704 36.10459231360939 17
      vertex 68.47151361062224 35.986862691031604 17
    endloop
  endfacet
  facet normal 0.5555702330196087 0.8314696123025409 0
    outer loop
      vertex 69.10453200122441 35.621389352815456 2
      vertex 68.8 35.82487113059643 17
      vertex 69.10453200122441 35.621389352815456 17
    endloop
  endfacet
  facet normal 0.6593458151000727 0.7518398074789742 0
    outer loop
      vertex 69.37989898732232 35.379898987322335 2
      vertex 69.10453200122441 35.621389352815456 17
      vertex 69.37989898732232 35.379898987322335 17
    endloop
  endfacet
  facet normal 0.8968727415326921 0.44228869021899353 0
    outer loop
      vertex 69.82487113059642 34.8 2
      vertex 69.82487113059642 34.8 17
      vertex 69.98686269103159 34.47151361062225 17
    endloop
  endfacet
  facet normal 0.997858923238604 -0.0654031292301358 0
    outer loop
      vertex 70.19999999999999 33.4 2
      vertex 70.19999999999999 33.4 17
      vertex 70.17604561184666 33.03452666178386 17
    endloop
  endfacet
  facet normal 0.997858923238604 0.0654031292301358 0
    outer loop
      vertex 70.17604561184666 33.76547333821614 2
      vertex 70.17604561184666 33.76547333821614 17
      vertex 70.19999999999999 33.4 17
    endloop
  endfacet
  facet normal 0.9807852804032335 0.19509032201611282 0
    outer loop
      vertex 70.10459231360939 34.12469332628706 2
      vertex 70.10459231360939 34.12469332628706 17
      vertex 70.17604561184666 33.76547333821614 17
    endloop
  endfacet
  facet normal 0.946930129495098 0.32143946530318407 0
    outer loop
      vertex 69.98686269103159 34.47151361062225 2
      vertex 69.98686269103159 34.47151361062225 17
      vertex 70.10459231360939 34.12469332628706 17
    endloop
  endfacet
  facet normal 0.7518398074789717 0.6593458151000754 0
    outer loop
      vertex 69.37989898732232 35.379898987322335 2
      vertex 69.37989898732232 35.379898987322335 17
      vertex 69.62138935281546 35.10453200122441 17
    endloop
  endfacet
  facet normal 0.8314696123025499 0.5555702330195953 0
    outer loop
      vertex 69.62138935281546 35.10453200122441 2
      vertex 69.62138935281546 35.10453200122441 17
      vertex 69.82487113059642 34.8 17
    endloop
  endfacet
  facet normal 0 0 1
    outer loop
      vertex 64.8131373089684 32.328486389377744 17
      vertex 64.6954076863906 34.12469332628706 17
      vertex 64.6954076863906 32.67530667371294 17
    endloop
  endfacet
  facet normal 0 0 1
    outer loop
      vertex 64.8131373089684 32.328486389377744 17
      vertex 64.97512886940356 32 17
      vertex 64.8131373089684 34.47151361062225 17
    endloop
  endfacet
  facet normal 0 0 1
    outer loop
      vertex 64.97512886940356 32 17
      vertex 65.17861064718453 31.69546799877558 17
      vertex 64.97512886940356 34.8 17
    endloop
  endfacet
  facet normal 0 0 1
    outer loop
      vertex 65.17861064718453 31.69546799877558 17
      vertex 65.42010101267766 31.420101012677666 17
      vertex 65.17861064718453 35.10453200122441 17
    endloop
  endfacet
  facet normal 0 0 1
    outer loop
      vertex 65.69546799877557 31.17861064718454 17
      vertex 65.42010101267766 35.379898987322335 17
      vertex 65.42010101267766 31.420101012677666 17
    endloop
  endfacet
  facet normal 0 0 1
    outer loop
      vertex 65.69546799877557 31.17861064718454 17
      vertex 65.99999999999999 30.97512886940357 17
      vertex 65.69546799877557 35.621389352815456 17
    endloop
  endfacet
  facet normal 0 0 1
    outer loop
      vertex 64.62395438815332 33.03452666178386 17
      vertex 64.6954076863906 32.67530667371294 17
      vertex 64.62395438815332 33.76547333821614 17
    endloop
  endfacet
  facet normal 0 0 1
    outer loop
      vertex 64.62395438815332 33.03452666178386 17
      vertex 64.62395438815332 33.76547333821614 17
      vertex 64.6 33.4 17
    endloop
  endfacet
  facet normal 0 0 1
    outer loop
      vertex 64.6954076863906 32.67530667371294 17
      vertex 64.6954076863906 34.12469332628706 17
      vertex 64.62395438815332 33.76547333821614 17
    endloop
  endfacet
  facet normal 0 0 1
    outer loop
      vertex 64.8131373089684 32.328486389377744 17
      vertex 64.8131373089684 34.47151361062225 17
      vertex 64.6954076863906 34.12469332628706 17
    endloop
  endfacet
  facet normal 0 0 1
    outer loop
      vertex 64.97512886940356 32 17
      vertex 64.97512886940356 34.8 17
      vertex 64.8131373089684 34.47151361062225 17
    endloop
  endfacet
  facet normal 0 0 1
    outer loop
      vertex 65.17861064718453 31.69546799877558 17
      vertex 65.17861064718453 35.10453200122441 17
      vertex 64.97512886940356 34.8 17
    endloop
  endfacet
  facet normal 0 0 1
    outer loop
      vertex 65.42010101267766 31.420101012677666 17
      vertex 65.42010101267766 35.379898987322335 17
      vertex 65.17861064718453 35.10453200122441 17
    endloop
  endfacet
  facet normal 0 0 1
    outer loop
      vertex 65.69546799877557 31.17861064718454 17
      vertex 65.69546799877557 35.621389352815456 17
      vertex 65.42010101267766 35.379898987322335 17
    endloop
  endfacet
  facet normal 0 0 1
    outer loop
      vertex 65.69546799877557 35.621389352815456 17
      vertex 65.99999999999999 30.97512886940357 17
      vertex 65.99999999999999 35.82487113059643 17
    endloop
  endfacet
  facet normal 0 0 1
    outer loop
      vertex 66.67530667371294 30.695407686390606 17
      vertex 67.03452666178384 30.62395438815333 17
      vertex 66.92164570954363 32.24515058436089 17
    endloop
  endfacet
  facet normal 0 0 1
    outer loop
      vertex 65.99999999999999 30.97512886940357 17
      vertex 66.32848638937774 30.813137308968397 17
      vertex 66.16069392328272 33.23684225972493 17
    endloop
  endfacet
  facet normal 0 0 1
    outer loop
      vertex 66.32848638937774 30.813137308968397 17
      vertex 66.67530667371294 30.695407686390606 17
      vertex 66.51611652351681 32.516116523516814 17
    endloop
  endfacet
  facet normal 0 0 1
    outer loop
      vertex 66.32848638937774 30.813137308968397 17
      vertex 66.31746824526944 32.775 17
      vertex 66.24515058436089 32.92164570954364 17
    endloop
  endfacet
  facet normal 0 0 1
    outer loop
      vertex 66.32848638937774 30.813137308968397 17
      vertex 66.40830832463595 32.639048213739095 17
      vertex 66.31746824526944 32.775 17
    endloop
  endfacet
  facet normal 0 0 1
    outer loop
      vertex 66.32848638937774 30.813137308968397 17
      vertex 66.51611652351681 32.516116523516814 17
      vertex 66.40830832463595 32.639048213739095 17
    endloop
  endfacet
  facet normal 0 0 1
    outer loop
      vertex 65.99999999999999 30.97512886940357 17
      vertex 66.16069392328272 33.23684225972493 17
      vertex 66.14999999999999 33.4 17
    endloop
  endfacet
  facet normal 0 0 1
    outer loop
      vertex 66.32848638937774 30.813137308968397 17
      vertex 66.24515058436089 32.92164570954364 17
      vertex 66.19259271713865 33.07647619362185 17
    endloop
  endfacet
  facet normal 0 0 1
    outer loop
      vertex 66.32848638937774 30.813137308968397 17
      vertex 66.19259271713865 33.07647619362185 17
      vertex 66.16069392328272 33.23684225972493 17
    endloop
  endfacet
  facet normal 0 0 1
    outer loop
      vertex 66.67530667371294 30.695407686390606 17
      vertex 66.63904821373909 32.408308324635954 17
      vertex 66.51611652351681 32.516116523516814 17
    endloop
  endfacet
  facet normal 0 0 1
    outer loop
      vertex 66.67530667371294 30.695407686390606 17
      vertex 66.77499999999999 32.31746824526945 17
      vertex 66.63904821373909 32.408308324635954 17
    endloop
  endfacet
  facet normal 0 0 1
    outer loop
      vertex 66.67530667371294 30.695407686390606 17
      vertex 66.92164570954363 32.24515058436089 17
      vertex 66.77499999999999 32.31746824526945 17
    endloop
  endfacet
  facet normal 0 0 1
    outer loop
      vertex 67.03452666178384 30.62395438815333 17
      vertex 67.07647619362184 32.192592717138666 17
      vertex 66.92164570954363 32.24515058436089 17
    endloop
  endfacet
  facet normal 0 0 1
    outer loop
      vertex 67.03452666178384 30.62395438815333 17
      vertex 67.39999999999999 30.599999999999998 17
      vertex 67.23684225972492 32.160693923282736 17
    endloop
  endfacet
  facet normal 0 0 1
    outer loop
      vertex 67.39999999999999 30.599999999999998 17
      vertex 67.76547333821614 30.62395438815333 17
      vertex 67.56315774027506 32.160693923282736 17
    endloop
  endfacet
  facet normal 0 0 1
    outer loop
      vertex 67.76547333821614 30.62395438815333 17
      vertex 68.12469332628704 30.695407686390606 17
      vertex 67.72352380637814 32.192592717138666 17
    endloop
  endfacet
  facet normal 0 0 1
    outer loop
      vertex 68.12469332628704 30.695407686390606 17
      vertex 68.47151361062224 30.813137308968397 17
      vertex 68.02499999999999 32.31746824526945 17
    endloop
  endfacet
  facet normal 0 0 1
    outer loop
      vertex 67.03452666178384 30.62395438815333 17
      vertex 67.23684225972492 32.160693923282736 17
      vertex 67.07647619362184 32.192592717138666 17
    endloop
  endfacet
  facet normal 0 0 1
    outer loop
      vertex 67.39999999999999 30.599999999999998 17
      vertex 67.39999999999999 32.15 17
      vertex 67.23684225972492 32.160693923282736 17
    endloop
  endfacet
  facet normal 0 0 1
    outer loop
      vertex 67.39999999999999 30.599999999999998 17
      vertex 67.56315774027506 32.160693923282736 17
      vertex 67.39999999999999 32.15 17
    endloop
  endfacet
  facet normal 0 0 1
    outer loop
      vertex 67.76547333821614 30.62395438815333 17
      vertex 67.72352380637814 32.192592717138666 17
      vertex 67.56315774027506 32.160693923282736 17
    endloop
  endfacet
  facet normal 0 0 1
    outer loop
      vertex 68.12469332628704 30.695407686390606 17
      vertex 67.87835429045636 32.24515058436089 17
      vertex 67.72352380637814 32.192592717138666 17
    endloop
  endfacet
  facet normal 0 0 1
    outer loop
      vertex 68.12469332628704 30.695407686390606 17
      vertex 68.02499999999999 32.31746824526945 17
      vertex 67.87835429045636 32.24515058436089 17
    endloop
  endfacet
  facet normal 0 0 1
    outer loop
      vertex 68.47151361062224 30.813137308968397 17
      vertex 68.1609517862609 32.408308324635954 17
      vertex 68.02499999999999 32.31746824526945 17
    endloop
  endfacet
  facet normal 0 0 1
    outer loop
      vertex 65.99999999999999 30.97512886940357 17
      vertex 66.14999999999999 33.4 17
      vertex 65.99999999999999 35.82487113059643 17
    endloop
  endfacet
  facet normal 0 0 1
    outer loop
      vertex 65.99999999999999 35.82487113059643 17
      vertex 66.14999999999999 33.4 17
      vertex 66.16069392328272 33.56315774027507 17
    endloop
  endfacet
  facet normal 0 0 1
    outer loop
      vertex 65.99999999999999 35.82487113059643 17
      vertex 66.16069392328272 33.56315774027507 17
      vertex 66.19259271713865 33.72352380637815 17
    endloop
  endfacet
  facet normal 0 0 1
    outer loop
      vertex 65.99999999999999 35.82487113059643 17
      vertex 66.19259271713865 33.72352380637815 17
      vertex 66.24515058436089 33.87835429045636 17
    endloop
  endfacet
  facet normal 0 0 1
    outer loop
      vertex 65.99999999999999 35.82487113059643 17
      vertex 66.24515058436089 33.87835429045636 17
      vertex 66.31746824526944 34.025 17
    endloop
  endfacet
  facet normal 0 0 1
    outer loop
      vertex 65.99999999999999 35.82487113059643 17
      vertex 66.31746824526944 34.025 17
      vertex 66.40830832463595 34.1609517862609 17
    endloop
  endfacet
  facet normal 0 0 1
    outer loop
      vertex 66.32848638937774 35.986862691031604 17
      vertex 66.40830832463595 34.1609517862609 17
      vertex 66.51611652351681 34.28388347648318 17
    endloop
  endfacet
  facet normal 0 0 1
    outer loop
      vertex 66.32848638937774 35.986862691031604 17
      vertex 66.51611652351681 34.28388347648318 17
      vertex 66.63904821373909 34.391691675364044 17
    endloop
  endfacet
  facet normal 0 0 1
    outer loop
      vertex 66.32848638937774 35.986862691031604 17
      vertex 66.63904821373909 34.391691675364044 17
      vertex 66.77499999999999 34.482531754730545 17
    endloop
  endfacet
  facet normal 0 0 1
    outer loop
      vertex 65.99999999999999 35.82487113059643 17
      vertex 66.40830832463595 34.1609517862609 17
      vertex 66.32848638937774 35.986862691031604 17
    endloop
  endfacet
  facet normal 0 0 1
    outer loop
      vertex 66.67530667371294 36.10459231360939 17
      vertex 66.77499999999999 34.482531754730545 17
      vertex 66.92164570954363 34.554849415639104 17
    endloop
  endfacet
  facet normal 0 0 1
    outer loop
      vertex 66.32848638937774 35.986862691031604 17
      vertex 66.77499999999999 34.482531754730545 17
      vertex 66.67530667371294 36.10459231360939 17
    endloop
  endfacet
  facet normal 0 0 1
    outer loop
      vertex 66.67530667371294 36.10459231360939 17
      vertex 66.92164570954363 34.554849415639104 17
      vertex 67.07647619362184 34.60740728286133 17
    endloop
  endfacet
  facet normal 0 0 1
    outer loop
      vertex 66.67530667371294 36.10459231360939 17
      vertex 67.07647619362184 34.60740728286133 17
      vertex 67.03452666178384 36.17604561184667 17
    endloop
  endfacet
  facet normal 0 0 1
    outer loop
      vertex 68.12469332628704 36.10459231360939 17
      vertex 68.1609517862609 34.391691675364044 17
      vertex 68.28388347648317 34.28388347648318 17
    endloop
  endfacet
  facet normal 0 0 1
    outer loop
      vertex 67.03452666178384 36.17604561184667 17
      vertex 67.07647619362184 34.60740728286133 17
      vertex 67.23684225972492 34.63930607671726 17
    endloop
  endfacet
  facet normal 0 0 1
    outer loop
      vertex 67.39999999999999 36.199999999999996 17
      vertex 67.23684225972492 34.63930607671726 17
      vertex 67.39999999999999 34.65 17
    endloop
  endfacet
  facet normal 0 0 1
    outer loop
      vertex 67.03452666178384 36.17604561184667 17
      vertex 67.23684225972492 34.63930607671726 17
      vertex 67.39999999999999 36.199999999999996 17
    endloop
  endfacet
  facet normal 0 0 1
    outer loop
      vertex 67.39999999999999 36.199999999999996 17
      vertex 67.39999999999999 34.65 17
      vertex 67.56315774027506 34.63930607671726 17
    endloop
  endfacet
  facet normal 0 0 1
    outer loop
      vertex 67.39999999999999 36.199999999999996 17
      vertex 67.56315774027506 34.63930607671726 17
      vertex 67.76547333821614 36.17604561184667 17
    endloop
  endfacet
  facet normal 0 0 1
    outer loop
      vertex 67.76547333821614 36.17604561184667 17
      vertex 67.56315774027506 34.63930607671726 17
      vertex 67.72352380637814 34.60740728286133 17
    endloop
  endfacet
  facet normal 0 0 1
    outer loop
      vertex 67.76547333821614 36.17604561184667 17
      vertex 67.72352380637814 34.60740728286133 17
      vertex 67.87835429045636 34.554849415639104 17
    endloop
  endfacet
  facet normal 0 0 1
    outer loop
      vertex 67.76547333821614 36.17604561184667 17
      vertex 67.87835429045636 34.554849415639104 17
      vertex 68.12469332628704 36.10459231360939 17
    endloop
  endfacet
  facet normal 0 0 1
    outer loop
      vertex 68.12469332628704 36.10459231360939 17
      vertex 67.87835429045636 34.554849415639104 17
      vertex 68.02499999999999 34.482531754730545 17
    endloop
  endfacet
  facet normal 0 0 1
    outer loop
      vertex 68.12469332628704 36.10459231360939 17
      vertex 68.02499999999999 34.482531754730545 17
      vertex 68.1609517862609 34.391691675364044 17
    endloop
  endfacet
  facet normal 0 0 1
    outer loop
      vertex 68.47151361062224 30.813137308968397 17
      vertex 68.28388347648317 32.516116523516814 17
      vertex 68.1609517862609 32.408308324635954 17
    endloop
  endfacet
  facet normal 0 0 1
    outer loop
      vertex 68.47151361062224 30.813137308968397 17
      vertex 68.39169167536403 32.639048213739095 17
      vertex 68.28388347648317 32.516116523516814 17
    endloop
  endfacet
  facet normal 0 0 1
    outer loop
      vertex 68.47151361062224 30.813137308968397 17
      vertex 68.8 30.97512886940357 17
      vertex 68.39169167536403 32.639048213739095 17
    endloop
  endfacet
  facet normal 0 0 1
    outer loop
      vertex 68.8 30.97512886940357 17
      vertex 68.48253175473054 32.775 17
      vertex 68.39169167536403 32.639048213739095 17
    endloop
  endfacet
  facet normal 0 0 1
    outer loop
      vertex 68.8 30.97512886940357 17
      vertex 68.60740728286133 33.07647619362185 17
      vertex 68.5548494156391 32.92164570954364 17
    endloop
  endfacet
  facet normal 0 0 1
    outer loop
      vertex 68.8 30.97512886940357 17
      vertex 68.5548494156391 32.92164570954364 17
      vertex 68.48253175473054 32.775 17
    endloop
  endfacet
  facet normal 0 0 1
    outer loop
      vertex 68.8 30.97512886940357 17
      vertex 68.63930607671726 33.23684225972493 17
      vertex 68.60740728286133 33.07647619362185 17
    endloop
  endfacet
  facet normal 0 0 1
    outer loop
      vertex 68.8 30.97512886940357 17
      vertex 68.64999999999999 33.4 17
      vertex 68.63930607671726 33.23684225972493 17
    endloop
  endfacet
  facet normal 0 0 1
    outer loop
      vertex 68.8 30.97512886940357 17
      vertex 69.10453200122441 31.17861064718454 17
      vertex 68.8 35.82487113059643 17
    endloop
  endfacet
  facet normal 0 0 1
    outer loop
      vertex 69.10453200122441 31.17861064718454 17
      vertex 69.37989898732232 31.420101012677666 17
      vertex 69.10453200122441 35.621389352815456 17
    endloop
  endfacet
  facet normal 0 0 1
    outer loop
      vertex 69.37989898732232 31.420101012677666 17
      vertex 69.62138935281546 31.69546799877558 17
      vertex 69.37989898732232 35.379898987322335 17
    endloop
  endfacet
  facet normal 0 0 1
    outer loop
      vertex 69.62138935281546 31.69546799877558 17
      vertex 69.82487113059642 32 17
      vertex 69.62138935281546 35.10453200122441 17
    endloop
  endfacet
  facet normal 0 0 1
    outer loop
      vertex 69.82487113059642 32 17
      vertex 69.98686269103159 32.328486389377744 17
      vertex 69.82487113059642 34.8 17
    endloop
  endfacet
  facet normal 0 0 1
    outer loop
      vertex 68.8 30.97512886940357 17
      vertex 68.8 35.82487113059643 17
      vertex 68.64999999999999 33.4 17
    endloop
  endfacet
  facet normal 0 0 1
    outer loop
      vertex 68.47151361062224 35.986862691031604 17
      vertex 68.28388347648317 34.28388347648318 17
      vertex 68.39169167536403 34.1609517862609 17
    endloop
  endfacet
  facet normal 0 0 1
    outer loop
      vertex 68.47151361062224 35.986862691031604 17
      vertex 68.39169167536403 34.1609517862609 17
      vertex 68.48253175473054 34.025 17
    endloop
  endfacet
  facet normal 0 0 1
    outer loop
      vertex 68.47151361062224 35.986862691031604 17
      vertex 68.48253175473054 34.025 17
      vertex 68.5548494156391 33.87835429045636 17
    endloop
  endfacet
  facet normal 0 0 1
    outer loop
      vertex 68.47151361062224 35.986862691031604 17
      vertex 68.60740728286133 33.72352380637815 17
      vertex 68.63930607671726 33.56315774027507 17
    endloop
  endfacet
  facet normal 0 0 1
    outer loop
      vertex 68.8 35.82487113059643 17
      vertex 68.63930607671726 33.56315774027507 17
      vertex 68.64999999999999 33.4 17
    endloop
  endfacet
  facet normal 0 0 1
    outer loop
      vertex 68.47151361062224 35.986862691031604 17
      vertex 68.5548494156391 33.87835429045636 17
      vertex 68.60740728286133 33.72352380637815 17
    endloop
  endfacet
  facet normal 0 0 1
    outer loop
      vertex 69.10453200122441 31.17861064718454 17
      vertex 69.10453200122441 35.621389352815456 17
      vertex 68.8 35.82487113059643 17
    endloop
  endfacet
  facet normal 0 0 1
    outer loop
      vertex 69.37989898732232 31.420101012677666 17
      vertex 69.37989898732232 35.379898987322335 17
      vertex 69.10453200122441 35.621389352815456 17
    endloop
  endfacet
  facet normal 0 0 1
    outer loop
      vertex 68.12469332628704 36.10459231360939 17
      vertex 68.28388347648317 34.28388347648318 17
      vertex 68.47151361062224 35.986862691031604 17
    endloop
  endfacet
  facet normal 0 0 1
    outer loop
      vertex 68.8 35.82487113059643 17
      vertex 68.47151361062224 35.986862691031604 17
      vertex 68.63930607671726 33.56315774027507 17
    endloop
  endfacet
  facet normal 0 0 1
    outer loop
      vertex 69.82487113059642 32 17
      vertex 69.82487113059642 34.8 17
      vertex 69.62138935281546 35.10453200122441 17
    endloop
  endfacet
  facet normal 0 0 1
    outer loop
      vertex 69.98686269103159 32.328486389377744 17
      vertex 69.98686269103159 34.47151361062225 17
      vertex 69.82487113059642 34.8 17
    endloop
  endfacet
  facet normal 0 0 1
    outer loop
      vertex 69.62138935281546 31.69546799877558 17
      vertex 69.62138935281546 35.10453200122441 17
      vertex 69.37989898732232 35.379898987322335 17
    endloop
  endfacet
  facet normal 0 0 1
    outer loop
      vertex 69.98686269103159 32.328486389377744 17
      vertex 70.10459231360939 32.67530667371294 17
      vertex 69.98686269103159 34.47151361062225 17
    endloop
  endfacet
  facet normal 0 0 1
    outer loop
      vertex 70.10459231360939 32.67530667371294 17
      vertex 70.17604561184666 33.03452666178386 17
      vertex 70.10459231360939 34.12469332628706 17
    endloop
  endfacet
  facet normal 0 0 1
    outer loop
      vertex 70.17604561184666 33.03452666178386 17
      vertex 70.19999999999999 33.4 17
      vertex 70.17604561184666 33.76547333821614 17
    endloop
  endfacet
  facet normal 0 0 1
    outer loop
      vertex 70.10459231360939 32.67530667371294 17
      vertex 70.10459231360939 34.12469332628706 17
      vertex 69.98686269103159 34.47151361062225 17
    endloop
  endfacet
  facet normal 0 0 1
    outer loop
      vertex 70.17604561184666 33.03452666178386 17
      vertex 70.17604561184666 33.76547333821614 17
      vertex 70.10459231360939 34.12469332628706 17
    endloop
  endfacet
  facet normal -0.6593458151000945 -0.7518398074789548 -1.348468116148501e-19
    outer loop
      vertex 65.42010101267766 110.42010101267766 2
      vertex 65.69546799877557 110.17861064718453 2
      vertex 65.69546799877557 110.17861064718453 17
    endloop
  endfacet
  facet normal -0.5555702330195953 -0.8314696123025499 4.575985358114026e-19
    outer loop
      vertex 65.69546799877557 110.17861064718453 2
      vertex 65.99999999999999 109.97512886940356 2
      vertex 65.99999999999999 109.97512886940356 17
    endloop
  endfacet
  facet normal -0.4422886902189781 -0.8968727415326996 -5.956569840894045e-19
    outer loop
      vertex 65.99999999999999 109.97512886940356 2
      vertex 66.32848638937774 109.8131373089684 2
      vertex 66.32848638937774 109.8131373089684 17
    endloop
  endfacet
  facet normal -0.32143946530318407 -0.946930129495098 -5.893797361813215e-19
    outer loop
      vertex 66.32848638937774 109.8131373089684 2
      vertex 66.67530667371294 109.6954076863906 2
      vertex 66.67530667371294 109.6954076863906 17
    endloop
  endfacet
  facet normal -0.19509032201612025 -0.9807852804032321 -1.8799876946558928e-19
    outer loop
      vertex 66.67530667371294 109.6954076863906 2
      vertex 67.03452666178384 109.62395438815332 2
      vertex 67.03452666178384 109.62395438815332 17
    endloop
  endfacet
  facet normal -0.06540312923013454 -0.997858923238604 1.059856242989206e-19
    outer loop
      vertex 67.03452666178384 109.62395438815332 2
      vertex 67.39999999999999 109.6 2
      vertex 67.39999999999999 109.6 17
    endloop
  endfacet
  facet normal 0.06540312923013454 -0.997858923238604 -1.059856242989206e-19
    outer loop
      vertex 67.39999999999999 109.6 2
      vertex 67.76547333821614 109.62395438815332 2
      vertex 67.76547333821614 109.62395438815332 17
    endloop
  endfacet
  facet normal 0.19509032201612025 -0.9807852804032321 1.8799876946558928e-19
    outer loop
      vertex 67.76547333821614 109.62395438815332 2
      vertex 68.12469332628704 109.6954076863906 2
      vertex 68.12469332628704 109.6954076863906 17
    endloop
  endfacet
  facet normal -0.946930129495098 -0.32143946530318407 -5.893797361813215e-19
    outer loop
      vertex 64.8131373089684 111.32848638937774 2
      vertex 64.6954076863906 111.67530667371294 17
      vertex 64.6954076863906 111.67530667371294 2
    endloop
  endfacet
  facet normal -0.9807852804032321 -0.19509032201612025 -1.8799876946558928e-19
    outer loop
      vertex 64.6954076863906 111.67530667371294 2
      vertex 64.62395438815332 112.03452666178384 17
      vertex 64.62395438815332 112.03452666178384 2
    endloop
  endfacet
  facet normal -0.997858923238604 -0.06540312923013454 1.059856242989206e-19
    outer loop
      vertex 64.62395438815332 112.03452666178384 2
      vertex 64.6 112.39999999999999 17
      vertex 64.6 112.39999999999999 2
    endloop
  endfacet
  facet normal -0.997858923238604 0.06540312923013454 -1.059856242989206e-19
    outer loop
      vertex 64.6 112.39999999999999 2
      vertex 64.62395438815332 112.76547333821614 17
      vertex 64.62395438815332 112.76547333821614 2
    endloop
  endfacet
  facet normal -0.9807852804032321 0.19509032201612025 1.8799876946558928e-19
    outer loop
      vertex 64.62395438815332 112.76547333821614 2
      vertex 64.6954076863906 113.12469332628704 17
      vertex 64.6954076863906 113.12469332628704 2
    endloop
  endfacet
  facet normal -0.946930129495098 0.32143946530318407 5.893797361813215e-19
    outer loop
      vertex 64.6954076863906 113.12469332628704 2
      vertex 64.8131373089684 113.47151361062224 17
      vertex 64.8131373089684 113.47151361062224 2
    endloop
  endfacet
  facet normal -0.8968727415326996 -0.4422886902189781 0
    outer loop
      vertex 64.8131373089684 111.32848638937774 2
      vertex 64.97512886940356 110.99999999999999 2
      vertex 64.8131373089684 111.32848638937774 17
    endloop
  endfacet
  facet normal -0.8314696123025499 -0.5555702330195953 0
    outer loop
      vertex 64.97512886940356 110.99999999999999 2
      vertex 65.17861064718453 110.69546799877557 2
      vertex 64.97512886940356 110.99999999999999 17
    endloop
  endfacet
  facet normal -0.7518398074789548 -0.6593458151000945 -1.348468116148501e-19
    outer loop
      vertex 65.42010101267766 110.42010101267766 2
      vertex 65.17861064718453 110.69546799877557 17
      vertex 65.17861064718453 110.69546799877557 2
    endloop
  endfacet
  facet normal -0.8968727415326996 0.4422886902189781 5.956569840894045e-19
    outer loop
      vertex 64.8131373089684 113.47151361062224 2
      vertex 64.97512886940356 113.8 17
      vertex 64.97512886940356 113.8 2
    endloop
  endfacet
  facet normal -0.8314696123025499 0.5555702330195953 -4.575985358114026e-19
    outer loop
      vertex 64.97512886940356 113.8 2
      vertex 65.17861064718453 114.10453200122441 17
      vertex 65.17861064718453 114.10453200122441 2
    endloop
  endfacet
  facet normal -0.7518398074789548 0.6593458151000945 1.348468116148501e-19
    outer loop
      vertex 65.17861064718453 114.10453200122441 2
      vertex 65.42010101267766 114.37989898732232 17
      vertex 65.42010101267766 114.37989898732232 2
    endloop
  endfacet
  facet normal -0.6593458151000945 0.7518398074789548 0
    outer loop
      vertex 65.42010101267766 114.37989898732232 2
      vertex 65.42010101267766 114.37989898732232 17
      vertex 65.69546799877557 114.62138935281546 2
    endloop
  endfacet
  facet normal -0.5555702330195953 0.8314696123025499 0
    outer loop
      vertex 65.69546799877557 114.62138935281546 2
      vertex 65.69546799877557 114.62138935281546 17
      vertex 65.99999999999999 114.82487113059642 2
    endloop
  endfacet
  facet normal -0.4422886902189781 0.8968727415326996 0
    outer loop
      vertex 65.99999999999999 114.82487113059642 2
      vertex 65.99999999999999 114.82487113059642 17
      vertex 66.32848638937774 114.98686269103159 2
    endloop
  endfacet
  facet normal -0.32143946530318407 0.946930129495098 0
    outer loop
      vertex 66.32848638937774 114.98686269103159 2
      vertex 66.32848638937774 114.98686269103159 17
      vertex 66.67530667371294 115.10459231360939 2
    endloop
  endfacet
  facet normal -0.19509032201612025 0.9807852804032321 0
    outer loop
      vertex 66.67530667371294 115.10459231360939 2
      vertex 66.67530667371294 115.10459231360939 17
      vertex 67.03452666178384 115.17604561184666 2
    endloop
  endfacet
  facet normal -0.06540312923013454 0.997858923238604 0
    outer loop
      vertex 67.03452666178384 115.17604561184666 2
      vertex 67.03452666178384 115.17604561184666 17
      vertex 67.39999999999999 115.19999999999999 2
    endloop
  endfacet
  facet normal 0.06540312923013454 0.997858923238604 0
    outer loop
      vertex 67.39999999999999 115.19999999999999 2
      vertex 67.39999999999999 115.19999999999999 17
      vertex 67.76547333821614 115.17604561184666 2
    endloop
  endfacet
  facet normal 0.19509032201612025 0.9807852804032321 0
    outer loop
      vertex 67.76547333821614 115.17604561184666 2
      vertex 67.76547333821614 115.17604561184666 17
      vertex 68.12469332628704 115.10459231360939 2
    endloop
  endfacet
  facet normal 0.32143946530318407 0.946930129495098 0
    outer loop
      vertex 68.12469332628704 115.10459231360939 2
      vertex 68.12469332628704 115.10459231360939 17
      vertex 68.47151361062224 114.98686269103159 2
    endloop
  endfacet
  facet normal 0.32143946530318407 -0.946930129495098 5.893797361813215e-19
    outer loop
      vertex 68.12469332628704 109.6954076863906 2
      vertex 68.47151361062224 109.8131373089684 2
      vertex 68.47151361062224 109.8131373089684 17
    endloop
  endfacet
  facet normal 0.4422886902189781 -0.8968727415326996 5.956569840894045e-19
    outer loop
      vertex 68.47151361062224 109.8131373089684 2
      vertex 68.8 109.97512886940356 2
      vertex 68.8 109.97512886940356 17
    endloop
  endfacet
  facet normal 0.5555702330195953 -0.8314696123025499 -4.575985358114026e-19
    outer loop
      vertex 68.8 109.97512886940356 2
      vertex 69.10453200122441 110.17861064718453 2
      vertex 69.10453200122441 110.17861064718453 17
    endloop
  endfacet
  facet normal 0.6593458151000945 -0.7518398074789548 1.348468116148501e-19
    outer loop
      vertex 69.10453200122441 110.17861064718453 2
      vertex 69.37989898732232 110.42010101267766 2
      vertex 69.37989898732232 110.42010101267766 17
    endloop
  endfacet
  facet normal 0.7518398074789548 -0.6593458151000945 0
    outer loop
      vertex 69.37989898732232 110.42010101267766 2
      vertex 69.62138935281546 110.69546799877557 2
      vertex 69.37989898732232 110.42010101267766 17
    endloop
  endfacet
  facet normal 0.8314696123025499 -0.5555702330195953 0
    outer loop
      vertex 69.62138935281546 110.69546799877557 2
      vertex 69.82487113059642 110.99999999999999 2
      vertex 69.62138935281546 110.69546799877557 17
    endloop
  endfacet
  facet normal 0.8968727415326996 -0.4422886902189781 0
    outer loop
      vertex 69.82487113059642 110.99999999999999 2
      vertex 69.98686269103159 111.32848638937774 2
      vertex 69.82487113059642 110.99999999999999 17
    endloop
  endfacet
  facet normal 0.946930129495098 -0.32143946530318407 0
    outer loop
      vertex 69.98686269103159 111.32848638937774 2
      vertex 70.10459231360939 111.67530667371294 2
      vertex 69.98686269103159 111.32848638937774 17
    endloop
  endfacet
  facet normal 0.9807852804032321 -0.19509032201612025 0
    outer loop
      vertex 70.10459231360939 111.67530667371294 2
      vertex 70.17604561184666 112.03452666178384 2
      vertex 70.10459231360939 111.67530667371294 17
    endloop
  endfacet
  facet normal 0.997858923238604 -0.06540312923013454 0
    outer loop
      vertex 70.17604561184666 112.03452666178384 2
      vertex 70.19999999999999 112.39999999999999 2
      vertex 70.17604561184666 112.03452666178384 17
    endloop
  endfacet
  facet normal 0.8968727415326996 0.4422886902189781 -5.956569840894045e-19
    outer loop
      vertex 69.82487113059642 113.8 2
      vertex 69.98686269103159 113.47151361062224 17
      vertex 69.98686269103159 113.47151361062224 2
    endloop
  endfacet
  facet normal 0.8314696123025499 0.5555702330195953 4.575985358114026e-19
    outer loop
      vertex 69.62138935281546 114.10453200122441 2
      vertex 69.82487113059642 113.8 17
      vertex 69.82487113059642 113.8 2
    endloop
  endfacet
  facet normal 0.997858923238604 0.06540312923013454 0
    outer loop
      vertex 70.19999999999999 112.39999999999999 2
      vertex 70.17604561184666 112.76547333821614 2
      vertex 70.19999999999999 112.39999999999999 17
    endloop
  endfacet
  facet normal 0.9807852804032321 0.19509032201612025 0
    outer loop
      vertex 70.17604561184666 112.76547333821614 2
      vertex 70.10459231360939 113.12469332628704 2
      vertex 70.17604561184666 112.76547333821614 17
    endloop
  endfacet
  facet normal 0.946930129495098 0.32143946530318407 0
    outer loop
      vertex 70.10459231360939 113.12469332628704 2
      vertex 69.98686269103159 113.47151361062224 2
      vertex 70.10459231360939 113.12469332628704 17
    endloop
  endfacet
  facet normal 0.4422886902189781 0.8968727415326996 0
    outer loop
      vertex 68.47151361062224 114.98686269103159 2
      vertex 68.47151361062224 114.98686269103159 17
      vertex 68.8 114.82487113059642 2
    endloop
  endfacet
  facet normal 0.5555702330195953 0.8314696123025499 0
    outer loop
      vertex 68.8 114.82487113059642 2
      vertex 68.8 114.82487113059642 17
      vertex 69.10453200122441 114.62138935281546 2
    endloop
  endfacet
  facet normal 0.6593458151000945 0.7518398074789548 -1.348468116148501e-19
    outer loop
      vertex 69.37989898732232 114.37989898732232 2
      vertex 69.10453200122441 114.62138935281546 2
      vertex 69.10453200122441 114.62138935281546 17
    endloop
  endfacet
  facet normal 0.7518398074789548 0.6593458151000945 0
    outer loop
      vertex 69.62138935281546 114.10453200122441 2
      vertex 69.37989898732232 114.37989898732232 2
      vertex 69.62138935281546 114.10453200122441 17
    endloop
  endfacet
  facet normal -0.6593458151000945 -0.7518398074789548 0
    outer loop
      vertex 65.42010101267766 110.42010101267766 2
      vertex 65.69546799877557 110.17861064718453 17
      vertex 65.42010101267766 110.42010101267766 17
    endloop
  endfacet
  facet normal -0.5555702330195953 -0.8314696123025499 0
    outer loop
      vertex 65.69546799877557 110.17861064718453 2
      vertex 65.99999999999999 109.97512886940356 17
      vertex 65.69546799877557 110.17861064718453 17
    endloop
  endfacet
  facet normal -0.4422886902189781 -0.8968727415326996 0
    outer loop
      vertex 65.99999999999999 109.97512886940356 2
      vertex 66.32848638937774 109.8131373089684 17
      vertex 65.99999999999999 109.97512886940356 17
    endloop
  endfacet
  facet normal -0.32143946530318407 -0.946930129495098 0
    outer loop
      vertex 66.32848638937774 109.8131373089684 2
      vertex 66.67530667371294 109.6954076863906 17
      vertex 66.32848638937774 109.8131373089684 17
    endloop
  endfacet
  facet normal -0.19509032201612025 -0.9807852804032321 0
    outer loop
      vertex 66.67530667371294 109.6954076863906 2
      vertex 67.03452666178384 109.62395438815332 17
      vertex 66.67530667371294 109.6954076863906 17
    endloop
  endfacet
  facet normal -0.06540312923013454 -0.997858923238604 0
    outer loop
      vertex 67.03452666178384 109.62395438815332 2
      vertex 67.39999999999999 109.6 17
      vertex 67.03452666178384 109.62395438815332 17
    endloop
  endfacet
  facet normal 0.06540312923013454 -0.997858923238604 0
    outer loop
      vertex 67.39999999999999 109.6 2
      vertex 67.76547333821614 109.62395438815332 17
      vertex 67.39999999999999 109.6 17
    endloop
  endfacet
  facet normal 0.19509032201612025 -0.9807852804032321 0
    outer loop
      vertex 67.76547333821614 109.62395438815332 2
      vertex 68.12469332628704 109.6954076863906 17
      vertex 67.76547333821614 109.62395438815332 17
    endloop
  endfacet
  facet normal 0.32143946530318407 -0.946930129495098 0
    outer loop
      vertex 68.12469332628704 109.6954076863906 2
      vertex 68.47151361062224 109.8131373089684 17
      vertex 68.12469332628704 109.6954076863906 17
    endloop
  endfacet
  facet normal -0.9807852804032321 -0.19509032201612025 0
    outer loop
      vertex 64.6954076863906 111.67530667371294 2
      vertex 64.6954076863906 111.67530667371294 17
      vertex 64.62395438815332 112.03452666178384 17
    endloop
  endfacet
  facet normal -0.946930129495098 -0.32143946530318407 0
    outer loop
      vertex 64.8131373089684 111.32848638937774 2
      vertex 64.8131373089684 111.32848638937774 17
      vertex 64.6954076863906 111.67530667371294 17
    endloop
  endfacet
  facet normal -0.997858923238604 -0.06540312923013454 0
    outer loop
      vertex 64.62395438815332 112.03452666178384 2
      vertex 64.62395438815332 112.03452666178384 17
      vertex 64.6 112.39999999999999 17
    endloop
  endfacet
  facet normal -0.997858923238604 0.06540312923013454 0
    outer loop
      vertex 64.6 112.39999999999999 2
      vertex 64.6 112.39999999999999 17
      vertex 64.62395438815332 112.76547333821614 17
    endloop
  endfacet
  facet normal -0.9807852804032321 0.19509032201612025 0
    outer loop
      vertex 64.62395438815332 112.76547333821614 2
      vertex 64.62395438815332 112.76547333821614 17
      vertex 64.6954076863906 113.12469332628704 17
    endloop
  endfacet
  facet normal -0.946930129495098 0.32143946530318407 0
    outer loop
      vertex 64.6954076863906 113.12469332628704 2
      vertex 64.6954076863906 113.12469332628704 17
      vertex 64.8131373089684 113.47151361062224 17
    endloop
  endfacet
  facet normal -0.8314696123025499 -0.5555702330195953 0
    outer loop
      vertex 65.17861064718453 110.69546799877557 2
      vertex 65.17861064718453 110.69546799877557 17
      vertex 64.97512886940356 110.99999999999999 17
    endloop
  endfacet
  facet normal -0.8968727415326996 -0.4422886902189781 0
    outer loop
      vertex 64.97512886940356 110.99999999999999 2
      vertex 64.97512886940356 110.99999999999999 17
      vertex 64.8131373089684 111.32848638937774 17
    endloop
  endfacet
  facet normal -0.7518398074789548 -0.6593458151000945 0
    outer loop
      vertex 65.42010101267766 110.42010101267766 2
      vertex 65.42010101267766 110.42010101267766 17
      vertex 65.17861064718453 110.69546799877557 17
    endloop
  endfacet
  facet normal -0.8968727415326996 0.4422886902189781 0
    outer loop
      vertex 64.8131373089684 113.47151361062224 2
      vertex 64.8131373089684 113.47151361062224 17
      vertex 64.97512886940356 113.8 17
    endloop
  endfacet
  facet normal -0.8314696123025499 0.5555702330195953 0
    outer loop
      vertex 64.97512886940356 113.8 2
      vertex 64.97512886940356 113.8 17
      vertex 65.17861064718453 114.10453200122441 17
    endloop
  endfacet
  facet normal -0.7518398074789548 0.6593458151000945 0
    outer loop
      vertex 65.17861064718453 114.10453200122441 2
      vertex 65.17861064718453 114.10453200122441 17
      vertex 65.42010101267766 114.37989898732232 17
    endloop
  endfacet
  facet normal -0.6593458151000945 0.7518398074789548 0
    outer loop
      vertex 65.69546799877557 114.62138935281546 2
      vertex 65.42010101267766 114.37989898732232 17
      vertex 65.69546799877557 114.62138935281546 17
    endloop
  endfacet
  facet normal -0.5555702330195953 0.8314696123025499 0
    outer loop
      vertex 65.99999999999999 114.82487113059642 2
      vertex 65.69546799877557 114.62138935281546 17
      vertex 65.99999999999999 114.82487113059642 17
    endloop
  endfacet
  facet normal -0.4422886902189781 0.8968727415326996 0
    outer loop
      vertex 66.32848638937774 114.98686269103159 2
      vertex 65.99999999999999 114.82487113059642 17
      vertex 66.32848638937774 114.98686269103159 17
    endloop
  endfacet
  facet normal -0.32143946530318407 0.946930129495098 0
    outer loop
      vertex 66.67530667371294 115.10459231360939 2
      vertex 66.32848638937774 114.98686269103159 17
      vertex 66.67530667371294 115.10459231360939 17
    endloop
  endfacet
  facet normal -0.19509032201612025 0.9807852804032321 0
    outer loop
      vertex 67.03452666178384 115.17604561184666 2
      vertex 66.67530667371294 115.10459231360939 17
      vertex 67.03452666178384 115.17604561184666 17
    endloop
  endfacet
  facet normal -0.06540312923013454 0.997858923238604 0
    outer loop
      vertex 67.39999999999999 115.19999999999999 2
      vertex 67.03452666178384 115.17604561184666 17
      vertex 67.39999999999999 115.19999999999999 17
    endloop
  endfacet
  facet normal 0.06540312923013454 0.997858923238604 0
    outer loop
      vertex 67.76547333821614 115.17604561184666 2
      vertex 67.39999999999999 115.19999999999999 17
      vertex 67.76547333821614 115.17604561184666 17
    endloop
  endfacet
  facet normal 0.19509032201612025 0.9807852804032321 0
    outer loop
      vertex 68.12469332628704 115.10459231360939 2
      vertex 67.76547333821614 115.17604561184666 17
      vertex 68.12469332628704 115.10459231360939 17
    endloop
  endfacet
  facet normal 0.4422886902189781 -0.8968727415326996 0
    outer loop
      vertex 68.47151361062224 109.8131373089684 2
      vertex 68.8 109.97512886940356 17
      vertex 68.47151361062224 109.8131373089684 17
    endloop
  endfacet
  facet normal 0.5555702330195953 -0.8314696123025499 0
    outer loop
      vertex 68.8 109.97512886940356 2
      vertex 69.10453200122441 110.17861064718453 17
      vertex 68.8 109.97512886940356 17
    endloop
  endfacet
  facet normal 0.6593458151000945 -0.7518398074789548 0
    outer loop
      vertex 69.10453200122441 110.17861064718453 2
      vertex 69.37989898732232 110.42010101267766 17
      vertex 69.10453200122441 110.17861064718453 17
    endloop
  endfacet
  facet normal 0.7518398074789548 -0.6593458151000945 0
    outer loop
      vertex 69.62138935281546 110.69546799877557 2
      vertex 69.62138935281546 110.69546799877557 17
      vertex 69.37989898732232 110.42010101267766 17
    endloop
  endfacet
  facet normal 0.8314696123025499 -0.5555702330195953 0
    outer loop
      vertex 69.82487113059642 110.99999999999999 2
      vertex 69.82487113059642 110.99999999999999 17
      vertex 69.62138935281546 110.69546799877557 17
    endloop
  endfacet
  facet normal 0.8968727415326996 -0.4422886902189781 0
    outer loop
      vertex 69.98686269103159 111.32848638937774 2
      vertex 69.98686269103159 111.32848638937774 17
      vertex 69.82487113059642 110.99999999999999 17
    endloop
  endfacet
  facet normal 0.946930129495098 -0.32143946530318407 0
    outer loop
      vertex 70.10459231360939 111.67530667371294 2
      vertex 70.10459231360939 111.67530667371294 17
      vertex 69.98686269103159 111.32848638937774 17
    endloop
  endfacet
  facet normal 0.9807852804032321 -0.19509032201612025 0
    outer loop
      vertex 70.17604561184666 112.03452666178384 2
      vertex 70.17604561184666 112.03452666178384 17
      vertex 70.10459231360939 111.67530667371294 17
    endloop
  endfacet
  facet normal 0.8314696123025499 0.5555702330195953 0
    outer loop
      vertex 69.62138935281546 114.10453200122441 2
      vertex 69.62138935281546 114.10453200122441 17
      vertex 69.82487113059642 113.8 17
    endloop
  endfacet
  facet normal 0.8968727415326996 0.4422886902189781 0
    outer loop
      vertex 69.82487113059642 113.8 2
      vertex 69.82487113059642 113.8 17
      vertex 69.98686269103159 113.47151361062224 17
    endloop
  endfacet
  facet normal 0.997858923238604 -0.06540312923013454 0
    outer loop
      vertex 70.19999999999999 112.39999999999999 2
      vertex 70.19999999999999 112.39999999999999 17
      vertex 70.17604561184666 112.03452666178384 17
    endloop
  endfacet
  facet normal 0.997858923238604 0.06540312923013454 0
    outer loop
      vertex 70.17604561184666 112.76547333821614 2
      vertex 70.17604561184666 112.76547333821614 17
      vertex 70.19999999999999 112.39999999999999 17
    endloop
  endfacet
  facet normal 0.9807852804032321 0.19509032201612025 0
    outer loop
      vertex 70.10459231360939 113.12469332628704 2
      vertex 70.10459231360939 113.12469332628704 17
      vertex 70.17604561184666 112.76547333821614 17
    endloop
  endfacet
  facet normal 0.946930129495098 0.32143946530318407 0
    outer loop
      vertex 69.98686269103159 113.47151361062224 2
      vertex 69.98686269103159 113.47151361062224 17
      vertex 70.10459231360939 113.12469332628704 17
    endloop
  endfacet
  facet normal 0.32143946530318407 0.946930129495098 0
    outer loop
      vertex 68.47151361062224 114.98686269103159 2
      vertex 68.12469332628704 115.10459231360939 17
      vertex 68.47151361062224 114.98686269103159 17
    endloop
  endfacet
  facet normal 0.4422886902189781 0.8968727415326996 0
    outer loop
      vertex 68.8 114.82487113059642 2
      vertex 68.47151361062224 114.98686269103159 17
      vertex 68.8 114.82487113059642 17
    endloop
  endfacet
  facet normal 0.5555702330195953 0.8314696123025499 0
    outer loop
      vertex 69.10453200122441 114.62138935281546 2
      vertex 68.8 114.82487113059642 17
      vertex 69.10453200122441 114.62138935281546 17
    endloop
  endfacet
  facet normal 0.6593458151000945 0.7518398074789548 0
    outer loop
      vertex 69.37989898732232 114.37989898732232 2
      vertex 69.10453200122441 114.62138935281546 17
      vertex 69.37989898732232 114.37989898732232 17
    endloop
  endfacet
  facet normal 0.7518398074789548 0.6593458151000945 0
    outer loop
      vertex 69.37989898732232 114.37989898732232 2
      vertex 69.37989898732232 114.37989898732232 17
      vertex 69.62138935281546 114.10453200122441 17
    endloop
  endfacet
  facet normal 0 0 1
    outer loop
      vertex 66.32848638937774 109.8131373089684 17
      vertex 66.67530667371294 109.6954076863906 17
      vertex 66.51611652351681 111.51611652351681 17
    endloop
  endfacet
  facet normal 0 0 1
    outer loop
      vertex 66.67530667371294 109.6954076863906 17
      vertex 67.03452666178384 109.62395438815332 17
      vertex 66.92164570954363 111.24515058436089 17
    endloop
  endfacet
  facet normal 0 0 1
    outer loop
      vertex 67.03452666178384 109.62395438815332 17
      vertex 67.39999999999999 109.6 17
      vertex 67.23684225972492 111.16069392328272 17
    endloop
  endfacet
  facet normal 0 0 1
    outer loop
      vertex 67.39999999999999 109.6 17
      vertex 67.76547333821614 109.62395438815332 17
      vertex 67.56315774027506 111.16069392328272 17
    endloop
  endfacet
  facet normal 0 0 1
    outer loop
      vertex 67.76547333821614 109.62395438815332 17
      vertex 68.12469332628704 109.6954076863906 17
      vertex 67.72352380637814 111.19259271713865 17
    endloop
  endfacet
  facet normal 0 0 1
    outer loop
      vertex 68.12469332628704 109.6954076863906 17
      vertex 68.47151361062224 109.8131373089684 17
      vertex 68.02499999999999 111.31746824526944 17
    endloop
  endfacet
  facet normal 0 0 1
    outer loop
      vertex 64.6954076863906 111.67530667371294 17
      vertex 64.62395438815332 112.76547333821614 17
      vertex 64.62395438815332 112.03452666178384 17
    endloop
  endfacet
  facet normal 0 0 1
    outer loop
      vertex 64.8131373089684 111.32848638937774 17
      vertex 64.6954076863906 113.12469332628704 17
      vertex 64.6954076863906 111.67530667371294 17
    endloop
  endfacet
  facet normal 0 0 1
    outer loop
      vertex 64.62395438815332 112.03452666178384 17
      vertex 64.62395438815332 112.76547333821614 17
      vertex 64.6 112.39999999999999 17
    endloop
  endfacet
  facet normal 0 0 1
    outer loop
      vertex 64.6954076863906 111.67530667371294 17
      vertex 64.6954076863906 113.12469332628704 17
      vertex 64.62395438815332 112.76547333821614 17
    endloop
  endfacet
  facet normal 0 0 1
    outer loop
      vertex 64.8131373089684 111.32848638937774 17
      vertex 64.8131373089684 113.47151361062224 17
      vertex 64.6954076863906 113.12469332628704 17
    endloop
  endfacet
  facet normal 0 0 1
    outer loop
      vertex 64.8131373089684 111.32848638937774 17
      vertex 64.97512886940356 110.99999999999999 17
      vertex 64.8131373089684 113.47151361062224 17
    endloop
  endfacet
  facet normal 0 0 1
    outer loop
      vertex 64.97512886940356 110.99999999999999 17
      vertex 65.17861064718453 110.69546799877557 17
      vertex 64.97512886940356 113.8 17
    endloop
  endfacet
  facet normal 0 0 1
    outer loop
      vertex 65.42010101267766 110.42010101267766 17
      vertex 65.17861064718453 114.10453200122441 17
      vertex 65.17861064718453 110.69546799877557 17
    endloop
  endfacet
  facet normal 0 0 1
    outer loop
      vertex 65.42010101267766 110.42010101267766 17
      vertex 65.69546799877557 110.17861064718453 17
      vertex 65.42010101267766 114.37989898732232 17
    endloop
  endfacet
  facet normal 0 0 1
    outer loop
      vertex 65.69546799877557 110.17861064718453 17
      vertex 65.99999999999999 109.97512886940356 17
      vertex 65.69546799877557 114.62138935281546 17
    endloop
  endfacet
  facet normal 0 0 1
    outer loop
      vertex 64.8131373089684 113.47151361062224 17
      vertex 64.97512886940356 110.99999999999999 17
      vertex 64.97512886940356 113.8 17
    endloop
  endfacet
  facet normal 0 0 1
    outer loop
      vertex 65.17861064718453 110.69546799877557 17
      vertex 65.17861064718453 114.10453200122441 17
      vertex 64.97512886940356 113.8 17
    endloop
  endfacet
  facet normal 0 0 1
    outer loop
      vertex 65.42010101267766 110.42010101267766 17
      vertex 65.42010101267766 114.37989898732232 17
      vertex 65.17861064718453 114.10453200122441 17
    endloop
  endfacet
  facet normal 0 0 1
    outer loop
      vertex 65.69546799877557 110.17861064718453 17
      vertex 65.69546799877557 114.62138935281546 17
      vertex 65.42010101267766 114.37989898732232 17
    endloop
  endfacet
  facet normal 0 0 1
    outer loop
      vertex 65.99999999999999 109.97512886940356 17
      vertex 65.99999999999999 114.82487113059642 17
      vertex 65.69546799877557 114.62138935281546 17
    endloop
  endfacet
  facet normal 0 0 1
    outer loop
      vertex 65.99999999999999 109.97512886940356 17
      vertex 66.32848638937774 109.8131373089684 17
      vertex 66.16069392328272 112.23684225972492 17
    endloop
  endfacet
  facet normal 0 0 1
    outer loop
      vertex 66.32848638937774 109.8131373089684 17
      vertex 66.24515058436089 111.92164570954363 17
      vertex 66.19259271713865 112.07647619362184 17
    endloop
  endfacet
  facet normal 0 0 1
    outer loop
      vertex 66.32848638937774 109.8131373089684 17
      vertex 66.40830832463595 111.63904821373909 17
      vertex 66.31746824526944 111.77499999999999 17
    endloop
  endfacet
  facet normal 0 0 1
    outer loop
      vertex 66.32848638937774 109.8131373089684 17
      vertex 66.31746824526944 111.77499999999999 17
      vertex 66.24515058436089 111.92164570954363 17
    endloop
  endfacet
  facet normal 0 0 1
    outer loop
      vertex 66.32848638937774 109.8131373089684 17
      vertex 66.51611652351681 111.51611652351681 17
      vertex 66.40830832463595 111.63904821373909 17
    endloop
  endfacet
  facet normal 0 0 1
    outer loop
      vertex 65.99999999999999 109.97512886940356 17
      vertex 66.16069392328272 112.23684225972492 17
      vertex 66.14999999999999 112.39999999999999 17
    endloop
  endfacet
  facet normal 0 0 1
    outer loop
      vertex 66.32848638937774 109.8131373089684 17
      vertex 66.19259271713865 112.07647619362184 17
      vertex 66.16069392328272 112.23684225972492 17
    endloop
  endfacet
  facet normal 0 0 1
    outer loop
      vertex 66.67530667371294 109.6954076863906 17
      vertex 66.63904821373909 111.40830832463595 17
      vertex 66.51611652351681 111.51611652351681 17
    endloop
  endfacet
  facet normal 0 0 1
    outer loop
      vertex 66.67530667371294 109.6954076863906 17
      vertex 66.77499999999999 111.31746824526944 17
      vertex 66.63904821373909 111.40830832463595 17
    endloop
  endfacet
  facet normal 0 0 1
    outer loop
      vertex 66.67530667371294 109.6954076863906 17
      vertex 66.92164570954363 111.24515058436089 17
      vertex 66.77499999999999 111.31746824526944 17
    endloop
  endfacet
  facet normal 0 0 1
    outer loop
      vertex 67.03452666178384 109.62395438815332 17
      vertex 67.07647619362184 111.19259271713865 17
      vertex 66.92164570954363 111.24515058436089 17
    endloop
  endfacet
  facet normal 0 0 1
    outer loop
      vertex 65.99999999999999 109.97512886940356 17
      vertex 66.14999999999999 112.39999999999999 17
      vertex 65.99999999999999 114.82487113059642 17
    endloop
  endfacet
  facet normal 0 0 1
    outer loop
      vertex 65.99999999999999 114.82487113059642 17
      vertex 66.14999999999999 112.39999999999999 17
      vertex 66.16069392328272 112.56315774027506 17
    endloop
  endfacet
  facet normal 0 0 1
    outer loop
      vertex 65.99999999999999 114.82487113059642 17
      vertex 66.16069392328272 112.56315774027506 17
      vertex 66.19259271713865 112.72352380637814 17
    endloop
  endfacet
  facet normal 0 0 1
    outer loop
      vertex 65.99999999999999 114.82487113059642 17
      vertex 66.19259271713865 112.72352380637814 17
      vertex 66.24515058436089 112.87835429045636 17
    endloop
  endfacet
  facet normal 0 0 1
    outer loop
      vertex 65.99999999999999 114.82487113059642 17
      vertex 66.24515058436089 112.87835429045636 17
      vertex 66.31746824526944 113.02499999999999 17
    endloop
  endfacet
  facet normal 0 0 1
    outer loop
      vertex 65.99999999999999 114.82487113059642 17
      vertex 66.31746824526944 113.02499999999999 17
      vertex 66.40830832463595 113.1609517862609 17
    endloop
  endfacet
  facet normal 0 0 1
    outer loop
      vertex 66.32848638937774 114.98686269103159 17
      vertex 66.40830832463595 113.1609517862609 17
      vertex 66.51611652351681 113.28388347648317 17
    endloop
  endfacet
  facet normal 0 0 1
    outer loop
      vertex 66.32848638937774 114.98686269103159 17
      vertex 66.51611652351681 113.28388347648317 17
      vertex 66.63904821373909 113.39169167536403 17
    endloop
  endfacet
  facet normal 0 0 1
    outer loop
      vertex 66.32848638937774 114.98686269103159 17
      vertex 66.63904821373909 113.39169167536403 17
      vertex 66.77499999999999 113.48253175473054 17
    endloop
  endfacet
  facet normal 0 0 1
    outer loop
      vertex 66.67530667371294 115.10459231360939 17
      vertex 66.77499999999999 113.48253175473054 17
      vertex 66.92164570954363 113.5548494156391 17
    endloop
  endfacet
  facet normal 0 0 1
    outer loop
      vertex 66.67530667371294 115.10459231360939 17
      vertex 66.92164570954363 113.5548494156391 17
      vertex 67.07647619362184 113.60740728286133 17
    endloop
  endfacet
  facet normal 0 0 1
    outer loop
      vertex 67.03452666178384 109.62395438815332 17
      vertex 67.23684225972492 111.16069392328272 17
      vertex 67.07647619362184 111.19259271713865 17
    endloop
  endfacet
  facet normal 0 0 1
    outer loop
      vertex 67.39999999999999 109.6 17
      vertex 67.39999999999999 111.14999999999999 17
      vertex 67.23684225972492 111.16069392328272 17
    endloop
  endfacet
  facet normal 0 0 1
    outer loop
      vertex 67.39999999999999 109.6 17
      vertex 67.56315774027506 111.16069392328272 17
      vertex 67.39999999999999 111.14999999999999 17
    endloop
  endfacet
  facet normal 0 0 1
    outer loop
      vertex 67.76547333821614 109.62395438815332 17
      vertex 67.72352380637814 111.19259271713865 17
      vertex 67.56315774027506 111.16069392328272 17
    endloop
  endfacet
  facet normal 0 0 1
    outer loop
      vertex 68.12469332628704 109.6954076863906 17
      vertex 67.87835429045636 111.24515058436089 17
      vertex 67.72352380637814 111.19259271713865 17
    endloop
  endfacet
  facet normal 0 0 1
    outer loop
      vertex 68.12469332628704 109.6954076863906 17
      vertex 68.02499999999999 111.31746824526944 17
      vertex 67.87835429045636 111.24515058436089 17
    endloop
  endfacet
  facet normal 0 0 1
    outer loop
      vertex 68.47151361062224 109.8131373089684 17
      vertex 68.1609517862609 111.40830832463595 17
      vertex 68.02499999999999 111.31746824526944 17
    endloop
  endfacet
  facet normal 0 0 1
    outer loop
      vertex 67.76547333821614 115.17604561184666 17
      vertex 67.72352380637814 113.60740728286133 17
      vertex 67.87835429045636 113.5548494156391 17
    endloop
  endfacet
  facet normal 0 0 1
    outer loop
      vertex 68.12469332628704 115.10459231360939 17
      vertex 67.87835429045636 113.5548494156391 17
      vertex 68.02499999999999 113.48253175473054 17
    endloop
  endfacet
  facet normal 0 0 1
    outer loop
      vertex 68.12469332628704 115.10459231360939 17
      vertex 68.02499999999999 113.48253175473054 17
      vertex 68.1609517862609 113.39169167536403 17
    endloop
  endfacet
  facet normal 0 0 1
    outer loop
      vertex 68.12469332628704 115.10459231360939 17
      vertex 68.1609517862609 113.39169167536403 17
      vertex 68.28388347648317 113.28388347648317 17
    endloop
  endfacet
  facet normal 0 0 1
    outer loop
      vertex 65.99999999999999 114.82487113059642 17
      vertex 66.40830832463595 113.1609517862609 17
      vertex 66.32848638937774 114.98686269103159 17
    endloop
  endfacet
  facet normal 0 0 1
    outer loop
      vertex 66.32848638937774 114.98686269103159 17
      vertex 66.77499999999999 113.48253175473054 17
      vertex 66.67530667371294 115.10459231360939 17
    endloop
  endfacet
  facet normal 0 0 1
    outer loop
      vertex 66.67530667371294 115.10459231360939 17
      vertex 67.07647619362184 113.60740728286133 17
      vertex 67.03452666178384 115.17604561184666 17
    endloop
  endfacet
  facet normal 0 0 1
    outer loop
      vertex 67.03452666178384 115.17604561184666 17
      vertex 67.07647619362184 113.60740728286133 17
      vertex 67.23684225972492 113.63930607671726 17
    endloop
  endfacet
  facet normal 0 0 1
    outer loop
      vertex 67.39999999999999 115.19999999999999 17
      vertex 67.23684225972492 113.63930607671726 17
      vertex 67.39999999999999 113.64999999999999 17
    endloop
  endfacet
  facet normal 0 0 1
    outer loop
      vertex 67.03452666178384 115.17604561184666 17
      vertex 67.23684225972492 113.63930607671726 17
      vertex 67.39999999999999 115.19999999999999 17
    endloop
  endfacet
  facet normal 0 0 1
    outer loop
      vertex 67.39999999999999 115.19999999999999 17
      vertex 67.39999999999999 113.64999999999999 17
      vertex 67.56315774027506 113.63930607671726 17
    endloop
  endfacet
  facet normal 0 0 1
    outer loop
      vertex 67.39999999999999 115.19999999999999 17
      vertex 67.56315774027506 113.63930607671726 17
      vertex 67.76547333821614 115.17604561184666 17
    endloop
  endfacet
  facet normal 0 0 1
    outer loop
      vertex 67.76547333821614 115.17604561184666 17
      vertex 67.56315774027506 113.63930607671726 17
      vertex 67.72352380637814 113.60740728286133 17
    endloop
  endfacet
  facet normal 0 0 1
    outer loop
      vertex 67.76547333821614 115.17604561184666 17
      vertex 67.87835429045636 113.5548494156391 17
      vertex 68.12469332628704 115.10459231360939 17
    endloop
  endfacet
  facet normal 0 0 1
    outer loop
      vertex 68.47151361062224 109.8131373089684 17
      vertex 68.28388347648317 111.51611652351681 17
      vertex 68.1609517862609 111.40830832463595 17
    endloop
  endfacet
  facet normal 0 0 1
    outer loop
      vertex 68.47151361062224 109.8131373089684 17
      vertex 68.39169167536403 111.63904821373909 17
      vertex 68.28388347648317 111.51611652351681 17
    endloop
  endfacet
  facet normal 0 0 1
    outer loop
      vertex 68.47151361062224 109.8131373089684 17
      vertex 68.8 109.97512886940356 17
      vertex 68.39169167536403 111.63904821373909 17
    endloop
  endfacet
  facet normal 0 0 1
    outer loop
      vertex 68.8 109.97512886940356 17
      vertex 68.48253175473054 111.77499999999999 17
      vertex 68.39169167536403 111.63904821373909 17
    endloop
  endfacet
  facet normal 0 0 1
    outer loop
      vertex 68.8 109.97512886940356 17
      vertex 68.5548494156391 111.92164570954363 17
      vertex 68.48253175473054 111.77499999999999 17
    endloop
  endfacet
  facet normal 0 0 1
    outer loop
      vertex 68.8 109.97512886940356 17
      vertex 68.60740728286133 112.07647619362184 17
      vertex 68.5548494156391 111.92164570954363 17
    endloop
  endfacet
  facet normal 0 0 1
    outer loop
      vertex 68.8 109.97512886940356 17
      vertex 68.63930607671726 112.23684225972492 17
      vertex 68.60740728286133 112.07647619362184 17
    endloop
  endfacet
  facet normal 0 0 1
    outer loop
      vertex 68.8 109.97512886940356 17
      vertex 68.64999999999999 112.39999999999999 17
      vertex 68.63930607671726 112.23684225972492 17
    endloop
  endfacet
  facet normal 0 0 1
    outer loop
      vertex 68.8 109.97512886940356 17
      vertex 69.10453200122441 110.17861064718453 17
      vertex 68.8 114.82487113059642 17
    endloop
  endfacet
  facet normal 0 0 1
    outer loop
      vertex 69.10453200122441 110.17861064718453 17
      vertex 69.37989898732232 110.42010101267766 17
      vertex 69.10453200122441 114.62138935281546 17
    endloop
  endfacet
  facet normal 0 0 1
    outer loop
      vertex 68.8 109.97512886940356 17
      vertex 68.8 114.82487113059642 17
      vertex 68.64999999999999 112.39999999999999 17
    endloop
  endfacet
  facet normal 0 0 1
    outer loop
      vertex 68.47151361062224 114.98686269103159 17
      vertex 68.48253175473054 113.02499999999999 17
      vertex 68.5548494156391 112.87835429045636 17
    endloop
  endfacet
  facet normal 0 0 1
    outer loop
      vertex 68.47151361062224 114.98686269103159 17
      vertex 68.28388347648317 113.28388347648317 17
      vertex 68.39169167536403 113.1609517862609 17
    endloop
  endfacet
  facet normal 0 0 1
    outer loop
      vertex 68.47151361062224 114.98686269103159 17
      vertex 68.39169167536403 113.1609517862609 17
      vertex 68.48253175473054 113.02499999999999 17
    endloop
  endfacet
  facet normal 0 0 1
    outer loop
      vertex 68.47151361062224 114.98686269103159 17
      vertex 68.60740728286133 112.72352380637814 17
      vertex 68.63930607671726 112.56315774027506 17
    endloop
  endfacet
  facet normal 0 0 1
    outer loop
      vertex 68.47151361062224 114.98686269103159 17
      vertex 68.5548494156391 112.87835429045636 17
      vertex 68.60740728286133 112.72352380637814 17
    endloop
  endfacet
  facet normal 0 0 1
    outer loop
      vertex 68.8 114.82487113059642 17
      vertex 68.63930607671726 112.56315774027506 17
      vertex 68.64999999999999 112.39999999999999 17
    endloop
  endfacet
  facet normal 0 0 1
    outer loop
      vertex 69.37989898732232 110.42010101267766 17
      vertex 69.37989898732232 114.37989898732232 17
      vertex 69.10453200122441 114.62138935281546 17
    endloop
  endfacet
  facet normal 0 0 1
    outer loop
      vertex 69.10453200122441 110.17861064718453 17
      vertex 69.10453200122441 114.62138935281546 17
      vertex 68.8 114.82487113059642 17
    endloop
  endfacet
  facet normal 0 0 1
    outer loop
      vertex 69.37989898732232 110.42010101267766 17
      vertex 69.62138935281546 110.69546799877557 17
      vertex 69.37989898732232 114.37989898732232 17
    endloop
  endfacet
  facet normal 0 0 1
    outer loop
      vertex 69.62138935281546 110.69546799877557 17
      vertex 69.82487113059642 110.99999999999999 17
      vertex 69.62138935281546 114.10453200122441 17
    endloop
  endfacet
  facet normal 0 0 1
    outer loop
      vertex 69.82487113059642 110.99999999999999 17
      vertex 69.98686269103159 111.32848638937774 17
      vertex 69.82487113059642 113.8 17
    endloop
  endfacet
  facet normal 0 0 1
    outer loop
      vertex 69.98686269103159 111.32848638937774 17
      vertex 70.10459231360939 111.67530667371294 17
      vertex 69.98686269103159 113.47151361062224 17
    endloop
  endfacet
  facet normal 0 0 1
    outer loop
      vertex 69.62138935281546 110.69546799877557 17
      vertex 69.62138935281546 114.10453200122441 17
      vertex 69.37989898732232 114.37989898732232 17
    endloop
  endfacet
  facet normal 0 0 1
    outer loop
      vertex 69.82487113059642 110.99999999999999 17
      vertex 69.82487113059642 113.8 17
      vertex 69.62138935281546 114.10453200122441 17
    endloop
  endfacet
  facet normal 0 0 1
    outer loop
      vertex 69.98686269103159 111.32848638937774 17
      vertex 69.98686269103159 113.47151361062224 17
      vertex 69.82487113059642 113.8 17
    endloop
  endfacet
  facet normal 0 0 1
    outer loop
      vertex 70.10459231360939 111.67530667371294 17
      vertex 70.17604561184666 112.03452666178384 17
      vertex 70.10459231360939 113.12469332628704 17
    endloop
  endfacet
  facet normal 0 0 1
    outer loop
      vertex 70.17604561184666 112.03452666178384 17
      vertex 70.19999999999999 112.39999999999999 17
      vertex 70.17604561184666 112.76547333821614 17
    endloop
  endfacet
  facet normal 0 0 1
    outer loop
      vertex 70.17604561184666 112.03452666178384 17
      vertex 70.17604561184666 112.76547333821614 17
      vertex 70.10459231360939 113.12469332628704 17
    endloop
  endfacet
  facet normal 0 0 1
    outer loop
      vertex 70.10459231360939 111.67530667371294 17
      vertex 70.10459231360939 113.12469332628704 17
      vertex 69.98686269103159 113.47151361062224 17
    endloop
  endfacet
  facet normal 0 0 1
    outer loop
      vertex 68.12469332628704 115.10459231360939 17
      vertex 68.28388347648317 113.28388347648317 17
      vertex 68.47151361062224 114.98686269103159 17
    endloop
  endfacet
  facet normal 0 0 1
    outer loop
      vertex 68.47151361062224 114.98686269103159 17
      vertex 68.63930607671726 112.56315774027506 17
      vertex 68.8 114.82487113059642 17
    endloop
  endfacet
  facet normal -0.8314696123025389 -0.5555702330196115 0
    outer loop
      vertex 9.801923788646684 76.9 2
      vertex 10.019939979126296 76.57371571297385 2
      vertex 9.801923788646684 76.9 5
    endloop
  endfacet
  facet normal -0.8968727415326898 -0.4422886902189983 0
    outer loop
      vertex 9.62836140246614 77.25194970290474 2
      vertex 9.801923788646684 76.9 2
      vertex 9.62836140246614 77.25194970290474 5
    endloop
  endfacet
  facet normal -0.7518398074789905 -0.6593458151000539 0
    outer loop
      vertex 10.019939979126296 76.57371571297385 2
      vertex 10.278679656440357 76.27867965644036 2
      vertex 10.019939979126296 76.57371571297385 5
    endloop
  endfacet
  facet normal -0.659345815100055 -0.7518398074789897 2.1735511289995185e-18
    outer loop
      vertex 10.278679656440357 76.27867965644036 2
      vertex 10.573715712973838 76.0199399791263 2
      vertex 10.573715712973838 76.0199399791263 5
    endloop
  endfacet
  facet normal -0.5555702330196126 -0.8314696123025384 -3.484029985834894e-18
    outer loop
      vertex 10.573715712973838 76.0199399791263 2
      vertex 10.9 75.80192378864669 2
      vertex 10.9 75.80192378864669 5
    endloop
  endfacet
  facet normal -0.44228869021901096 -0.8968727415326834 2.2397379013866607e-18
    outer loop
      vertex 10.9 75.80192378864669 2
      vertex 11.251949702904732 75.62836140246614 2
      vertex 11.251949702904732 75.62836140246614 5
    endloop
  endfacet
  facet normal -0.9469301294951036 -0.3214394653031678 -2.590725356868101e-18
    outer loop
      vertex 9.62836140246614 77.25194970290474 2
      vertex 9.502222521132795 77.62354286469244 5
      vertex 9.502222521132795 77.62354286469244 2
    endloop
  endfacet
  facet normal -0.9807852804032314 -0.19509032201612367 6.422820844777669e-19
    outer loop
      vertex 9.502222521132795 77.62354286469244 2
      vertex 9.42566541587857 78.00842142333985 5
      vertex 9.42566541587857 78.00842142333985 2
    endloop
  endfacet
  facet normal -0.9978589232386035 -0.0654031292301441 4.1872920994948293e-19
    outer loop
      vertex 9.42566541587857 78.00842142333985 2
      vertex 9.4 78.4 5
      vertex 9.4 78.4 2
    endloop
  endfacet
  facet normal -0.9978589232386035 0.0654031292301441 -4.1872920994948293e-19
    outer loop
      vertex 9.4 78.4 2
      vertex 9.42566541587857 78.79157857666016 5
      vertex 9.42566541587857 78.79157857666016 2
    endloop
  endfacet
  facet normal -0.9807852804032314 0.19509032201612367 -6.422820844777669e-19
    outer loop
      vertex 9.42566541587857 78.79157857666016 2
      vertex 9.502222521132795 79.17645713530757 5
      vertex 9.502222521132795 79.17645713530757 2
    endloop
  endfacet
  facet normal -0.9469301294951036 0.3214394653031678 2.590725356868101e-18
    outer loop
      vertex 9.502222521132795 79.17645713530757 2
      vertex 9.62836140246614 79.54805029709527 5
      vertex 9.62836140246614 79.54805029709527 2
    endloop
  endfacet
  facet normal -0.8968727415326898 0.4422886902189983 -1.4463946186926264e-18
    outer loop
      vertex 9.62836140246614 79.54805029709527 2
      vertex 9.801923788646684 79.9 5
      vertex 9.801923788646684 79.9 2
    endloop
  endfacet
  facet normal -0.8314696123025389 0.5555702330196115 4.457082030266546e-18
    outer loop
      vertex 9.801923788646684 79.9 2
      vertex 10.019939979126296 80.22628428702616 5
      vertex 10.019939979126296 80.22628428702616 2
    endloop
  endfacet
  facet normal -0.7518398074789905 0.6593458151000539 5.510669551487089e-18
    outer loop
      vertex 10.019939979126296 80.22628428702616 2
      vertex 10.278679656440357 80.52132034355965 5
      vertex 10.278679656440357 80.52132034355965 2
    endloop
  endfacet
  facet normal -0.659345815100055 0.7518398074789897 0
    outer loop
      vertex 10.278679656440357 80.52132034355965 2
      vertex 10.278679656440357 80.52132034355965 5
      vertex 10.573715712973838 80.7800600208737 2
    endloop
  endfacet
  facet normal -0.5555702330196126 0.8314696123025384 0
    outer loop
      vertex 10.573715712973838 80.7800600208737 2
      vertex 10.573715712973838 80.7800600208737 5
      vertex 10.9 80.99807621135332 2
    endloop
  endfacet
  facet normal -0.19509032201615845 -0.9807852804032244 0
    outer loop
      vertex 12.008421423339845 75.42566541587857 2
      vertex 12.008421423339845 75.42566541587857 5
      vertex 11.623542864692439 75.50222252113281 2
    endloop
  endfacet
  facet normal -0.06540312923012997 -0.9978589232386043 -5.145819561539496e-19
    outer loop
      vertex 12.008421423339845 75.42566541587857 2
      vertex 12.4 75.4 2
      vertex 12.4 75.4 5
    endloop
  endfacet
  facet normal -0.32143946530313383 -0.9469301294951151 1.7045075690523177e-18
    outer loop
      vertex 11.251949702904732 75.62836140246614 2
      vertex 11.623542864692439 75.50222252113281 2
      vertex 11.623542864692439 75.50222252113281 5
    endloop
  endfacet
  facet normal 0.06540312923012997 -0.9978589232386043 5.145819561539496e-19
    outer loop
      vertex 12.4 75.4 2
      vertex 12.791578576660156 75.42566541587857 2
      vertex 12.791578576660156 75.42566541587857 5
    endloop
  endfacet
  facet normal 0.19509032201615845 -0.9807852804032244 5.912540064254205e-19
    outer loop
      vertex 12.791578576660156 75.42566541587857 2
      vertex 13.176457135307562 75.50222252113281 2
      vertex 13.176457135307562 75.50222252113281 5
    endloop
  endfacet
  facet normal 0.32143946530313383 -0.9469301294951151 -1.7045075690523177e-18
    outer loop
      vertex 13.176457135307562 75.50222252113281 2
      vertex 13.54805029709527 75.62836140246614 2
      vertex 13.54805029709527 75.62836140246614 5
    endloop
  endfacet
  facet normal -0.7518398074789905 -0.6593458151000539 0
    outer loop
      vertex 10.278679656440357 76.27867965644036 2
      vertex 10.278679656440357 76.27867965644036 5
      vertex 10.019939979126296 76.57371571297385 5
    endloop
  endfacet
  facet normal -0.8314696123025389 -0.5555702330196115 0
    outer loop
      vertex 10.019939979126296 76.57371571297385 2
      vertex 10.019939979126296 76.57371571297385 5
      vertex 9.801923788646684 76.9 5
    endloop
  endfacet
  facet normal -0.8968727415326898 -0.4422886902189983 0
    outer loop
      vertex 9.801923788646684 76.9 2
      vertex 9.801923788646684 76.9 5
      vertex 9.62836140246614 77.25194970290474 5
    endloop
  endfacet
  facet normal -0.659345815100055 -0.7518398074789897 0
    outer loop
      vertex 10.278679656440357 76.27867965644036 2
      vertex 10.573715712973838 76.0199399791263 5
      vertex 10.278679656440357 76.27867965644036 5
    endloop
  endfacet
  facet normal -0.5555702330196126 -0.8314696123025384 0
    outer loop
      vertex 10.573715712973838 76.0199399791263 2
      vertex 10.9 75.80192378864669 5
      vertex 10.573715712973838 76.0199399791263 5
    endloop
  endfacet
  facet normal -0.44228869021901096 -0.8968727415326834 0
    outer loop
      vertex 10.9 75.80192378864669 2
      vertex 11.251949702904732 75.62836140246614 5
      vertex 10.9 75.80192378864669 5
    endloop
  endfacet
  facet normal -0.9807852804032314 -0.19509032201612367 0
    outer loop
      vertex 9.502222521132795 77.62354286469244 2
      vertex 9.502222521132795 77.62354286469244 5
      vertex 9.42566541587857 78.00842142333985 5
    endloop
  endfacet
  facet normal -0.9469301294951036 -0.3214394653031678 0
    outer loop
      vertex 9.62836140246614 77.25194970290474 2
      vertex 9.62836140246614 77.25194970290474 5
      vertex 9.502222521132795 77.62354286469244 5
    endloop
  endfacet
  facet normal -0.9978589232386035 -0.0654031292301441 0
    outer loop
      vertex 9.42566541587857 78.00842142333985 2
      vertex 9.42566541587857 78.00842142333985 5
      vertex 9.4 78.4 5
    endloop
  endfacet
  facet normal -0.9978589232386035 0.0654031292301441 0
    outer loop
      vertex 9.4 78.4 2
      vertex 9.4 78.4 5
      vertex 9.42566541587857 78.79157857666016 5
    endloop
  endfacet
  facet normal -0.9807852804032314 0.19509032201612367 0
    outer loop
      vertex 9.42566541587857 78.79157857666016 2
      vertex 9.42566541587857 78.79157857666016 5
      vertex 9.502222521132795 79.17645713530757 5
    endloop
  endfacet
  facet normal -0.9469301294951036 0.3214394653031678 0
    outer loop
      vertex 9.502222521132795 79.17645713530757 2
      vertex 9.502222521132795 79.17645713530757 5
      vertex 9.62836140246614 79.54805029709527 5
    endloop
  endfacet
  facet normal -0.8968727415326898 0.4422886902189983 0
    outer loop
      vertex 9.62836140246614 79.54805029709527 2
      vertex 9.62836140246614 79.54805029709527 5
      vertex 9.801923788646684 79.9 5
    endloop
  endfacet
  facet normal -0.8314696123025389 0.5555702330196115 0
    outer loop
      vertex 9.801923788646684 79.9 2
      vertex 9.801923788646684 79.9 5
      vertex 10.019939979126296 80.22628428702616 5
    endloop
  endfacet
  facet normal -0.7518398074789905 0.6593458151000539 0
    outer loop
      vertex 10.019939979126296 80.22628428702616 2
      vertex 10.019939979126296 80.22628428702616 5
      vertex 10.278679656440357 80.52132034355965 5
    endloop
  endfacet
  facet normal -0.659345815100055 0.7518398074789897 0
    outer loop
      vertex 10.573715712973838 80.7800600208737 2
      vertex 10.278679656440357 80.52132034355965 5
      vertex 10.573715712973838 80.7800600208737 5
    endloop
  endfacet
  facet normal -0.5555702330196126 0.8314696123025384 0
    outer loop
      vertex 10.9 80.99807621135332 2
      vertex 10.573715712973838 80.7800600208737 5
      vertex 10.9 80.99807621135332 5
    endloop
  endfacet
  facet normal -0.06540312923012997 -0.9978589232386043 0
    outer loop
      vertex 12.008421423339845 75.42566541587857 2
      vertex 12.4 75.4 5
      vertex 12.008421423339845 75.42566541587857 5
    endloop
  endfacet
  facet normal -0.32143946530313383 -0.9469301294951151 0
    outer loop
      vertex 11.251949702904732 75.62836140246614 2
      vertex 11.623542864692439 75.50222252113281 5
      vertex 11.251949702904732 75.62836140246614 5
    endloop
  endfacet
  facet normal -0.19509032201615845 -0.9807852804032244 0
    outer loop
      vertex 11.623542864692439 75.50222252113281 2
      vertex 12.008421423339845 75.42566541587857 5
      vertex 11.623542864692439 75.50222252113281 5
    endloop
  endfacet
  facet normal 0.06540312923012997 -0.9978589232386043 0
    outer loop
      vertex 12.4 75.4 2
      vertex 12.791578576660156 75.42566541587857 5
      vertex 12.4 75.4 5
    endloop
  endfacet
  facet normal 0.19509032201615845 -0.9807852804032244 0
    outer loop
      vertex 12.791578576660156 75.42566541587857 2
      vertex 13.176457135307562 75.50222252113281 5
      vertex 12.791578576660156 75.42566541587857 5
    endloop
  endfacet
  facet normal 0.32143946530313383 -0.9469301294951151 0
    outer loop
      vertex 13.176457135307562 75.50222252113281 2
      vertex 13.54805029709527 75.62836140246614 5
      vertex 13.176457135307562 75.50222252113281 5
    endloop
  endfacet
  facet normal -0.44228869021901096 0.8968727415326834 0
    outer loop
      vertex 10.9 80.99807621135332 2
      vertex 10.9 80.99807621135332 5
      vertex 11.251949702904732 81.17163859753387 2
    endloop
  endfacet
  facet normal -0.32143946530313383 0.9469301294951151 0
    outer loop
      vertex 11.251949702904732 81.17163859753387 2
      vertex 11.251949702904732 81.17163859753387 5
      vertex 11.623542864692439 81.2977774788672 2
    endloop
  endfacet
  facet normal -0.19509032201615845 0.9807852804032244 0
    outer loop
      vertex 11.623542864692439 81.2977774788672 2
      vertex 11.623542864692439 81.2977774788672 5
      vertex 12.008421423339845 81.37433458412144 2
    endloop
  endfacet
  facet normal -0.06540312923012997 0.9978589232386043 0
    outer loop
      vertex 12.008421423339845 81.37433458412144 2
      vertex 12.008421423339845 81.37433458412144 5
      vertex 12.4 81.4 2
    endloop
  endfacet
  facet normal 0.06540312923012997 0.9978589232386043 0
    outer loop
      vertex 12.4 81.4 2
      vertex 12.4 81.4 5
      vertex 12.791578576660156 81.37433458412144 2
    endloop
  endfacet
  facet normal 0.19509032201615845 0.9807852804032244 0
    outer loop
      vertex 12.791578576660156 81.37433458412144 2
      vertex 12.791578576660156 81.37433458412144 5
      vertex 13.176457135307562 81.2977774788672 2
    endloop
  endfacet
  facet normal 0.32143946530313383 0.9469301294951151 0
    outer loop
      vertex 13.176457135307562 81.2977774788672 2
      vertex 13.176457135307562 81.2977774788672 5
      vertex 13.54805029709527 81.17163859753387 2
    endloop
  endfacet
  facet normal -0.44228869021901096 0.8968727415326834 0
    outer loop
      vertex 11.251949702904732 81.17163859753387 2
      vertex 10.9 80.99807621135332 5
      vertex 11.251949702904732 81.17163859753387 5
    endloop
  endfacet
  facet normal -0.32143946530313383 0.9469301294951151 0
    outer loop
      vertex 11.623542864692439 81.2977774788672 2
      vertex 11.251949702904732 81.17163859753387 5
      vertex 11.623542864692439 81.2977774788672 5
    endloop
  endfacet
  facet normal -0.19509032201615845 0.9807852804032244 0
    outer loop
      vertex 12.008421423339845 81.37433458412144 2
      vertex 11.623542864692439 81.2977774788672 5
      vertex 12.008421423339845 81.37433458412144 5
    endloop
  endfacet
  facet normal -0.06540312923012997 0.9978589232386043 0
    outer loop
      vertex 12.4 81.4 2
      vertex 12.008421423339845 81.37433458412144 5
      vertex 12.4 81.4 5
    endloop
  endfacet
  facet normal 0.06540312923012997 0.9978589232386043 0
    outer loop
      vertex 12.791578576660156 81.37433458412144 2
      vertex 12.4 81.4 5
      vertex 12.791578576660156 81.37433458412144 5
    endloop
  endfacet
  facet normal 0.19509032201615845 0.9807852804032244 0
    outer loop
      vertex 13.176457135307562 81.2977774788672 2
      vertex 12.791578576660156 81.37433458412144 5
      vertex 13.176457135307562 81.2977774788672 5
    endloop
  endfacet
  facet normal 0.32143946530313383 0.9469301294951151 0
    outer loop
      vertex 13.54805029709527 81.17163859753387 2
      vertex 13.176457135307562 81.2977774788672 5
      vertex 13.54805029709527 81.17163859753387 5
    endloop
  endfacet
  facet normal 0.44228869021901096 -0.8968727415326834 -2.2397379013866607e-18
    outer loop
      vertex 13.54805029709527 75.62836140246614 2
      vertex 13.9 75.80192378864669 2
      vertex 13.9 75.80192378864669 5
    endloop
  endfacet
  facet normal 0.5555702330196126 -0.8314696123025384 3.484029985834894e-18
    outer loop
      vertex 13.9 75.80192378864669 2
      vertex 14.226284287026163 76.0199399791263 2
      vertex 14.226284287026163 76.0199399791263 5
    endloop
  endfacet
  facet normal 0.659345815100055 -0.7518398074789897 -2.1735511289995185e-18
    outer loop
      vertex 14.226284287026163 76.0199399791263 2
      vertex 14.521320343559644 76.27867965644036 2
      vertex 14.521320343559644 76.27867965644036 5
    endloop
  endfacet
  facet normal 0.7518398074789905 -0.6593458151000539 0
    outer loop
      vertex 14.521320343559644 76.27867965644036 2
      vertex 14.780060020873705 76.57371571297385 2
      vertex 14.521320343559644 76.27867965644036 5
    endloop
  endfacet
  facet normal 0.8314696123025389 -0.5555702330196115 0
    outer loop
      vertex 14.780060020873705 76.57371571297385 2
      vertex 14.998076211353316 76.9 2
      vertex 14.780060020873705 76.57371571297385 5
    endloop
  endfacet
  facet normal 0.8968727415326898 -0.4422886902189983 0
    outer loop
      vertex 14.998076211353316 76.9 2
      vertex 15.17163859753386 77.25194970290474 2
      vertex 14.998076211353316 76.9 5
    endloop
  endfacet
  facet normal 0.5555702330196126 0.8314696123025384 -3.484029985834894e-18
    outer loop
      vertex 14.226284287026163 80.7800600208737 2
      vertex 13.9 80.99807621135332 2
      vertex 13.9 80.99807621135332 5
    endloop
  endfacet
  facet normal 0.659345815100055 0.7518398074789897 0
    outer loop
      vertex 14.226284287026163 80.7800600208737 2
      vertex 14.226284287026163 80.7800600208737 5
      vertex 14.521320343559644 80.52132034355965 2
    endloop
  endfacet
  facet normal 0.7518398074789905 0.6593458151000539 -5.510669551487089e-18
    outer loop
      vertex 14.521320343559644 80.52132034355965 2
      vertex 14.780060020873705 80.22628428702616 5
      vertex 14.780060020873705 80.22628428702616 2
    endloop
  endfacet
  facet normal 0.9469301294951036 -0.3214394653031678 0
    outer loop
      vertex 15.17163859753386 77.25194970290474 2
      vertex 15.297777478867205 77.62354286469244 2
      vertex 15.17163859753386 77.25194970290474 5
    endloop
  endfacet
  facet normal 0.9807852804032314 -0.19509032201612367 0
    outer loop
      vertex 15.297777478867205 77.62354286469244 2
      vertex 15.374334584121431 78.00842142333985 2
      vertex 15.297777478867205 77.62354286469244 5
    endloop
  endfacet
  facet normal 0.9807852804032314 0.19509032201612367 0
    outer loop
      vertex 15.374334584121431 78.79157857666016 2
      vertex 15.297777478867205 79.17645713530757 2
      vertex 15.374334584121431 78.79157857666016 5
    endloop
  endfacet
  facet normal 0.9978589232386035 -0.0654031292301441 0
    outer loop
      vertex 15.374334584121431 78.00842142333985 2
      vertex 15.4 78.4 2
      vertex 15.374334584121431 78.00842142333985 5
    endloop
  endfacet
  facet normal 0.9978589232386035 0.0654031292301441 0
    outer loop
      vertex 15.4 78.4 2
      vertex 15.374334584121431 78.79157857666016 2
      vertex 15.4 78.4 5
    endloop
  endfacet
  facet normal 0.8314696123025389 0.5555702330196115 -4.457082030266546e-18
    outer loop
      vertex 14.780060020873705 80.22628428702616 2
      vertex 14.998076211353316 79.9 5
      vertex 14.998076211353316 79.9 2
    endloop
  endfacet
  facet normal 0.9469301294951036 0.3214394653031678 -2.590725356868101e-18
    outer loop
      vertex 15.17163859753386 79.54805029709527 2
      vertex 15.297777478867205 79.17645713530757 5
      vertex 15.297777478867205 79.17645713530757 2
    endloop
  endfacet
  facet normal 0.8968727415326898 0.4422886902189983 1.4463946186926264e-18
    outer loop
      vertex 14.998076211353316 79.9 2
      vertex 15.17163859753386 79.54805029709527 5
      vertex 15.17163859753386 79.54805029709527 2
    endloop
  endfacet
  facet normal 0.44228869021901096 -0.8968727415326834 0
    outer loop
      vertex 13.54805029709527 75.62836140246614 2
      vertex 13.9 75.80192378864669 5
      vertex 13.54805029709527 75.62836140246614 5
    endloop
  endfacet
  facet normal 0.5555702330196126 -0.8314696123025384 0
    outer loop
      vertex 13.9 75.80192378864669 2
      vertex 14.226284287026163 76.0199399791263 5
      vertex 13.9 75.80192378864669 5
    endloop
  endfacet
  facet normal 0.659345815100055 -0.7518398074789897 0
    outer loop
      vertex 14.226284287026163 76.0199399791263 2
      vertex 14.521320343559644 76.27867965644036 5
      vertex 14.226284287026163 76.0199399791263 5
    endloop
  endfacet
  facet normal 0.7518398074789905 -0.6593458151000539 0
    outer loop
      vertex 14.780060020873705 76.57371571297385 2
      vertex 14.780060020873705 76.57371571297385 5
      vertex 14.521320343559644 76.27867965644036 5
    endloop
  endfacet
  facet normal 0.8314696123025389 -0.5555702330196115 0
    outer loop
      vertex 14.998076211353316 76.9 2
      vertex 14.998076211353316 76.9 5
      vertex 14.780060020873705 76.57371571297385 5
    endloop
  endfacet
  facet normal 0.8968727415326898 -0.4422886902189983 0
    outer loop
      vertex 15.17163859753386 77.25194970290474 2
      vertex 15.17163859753386 77.25194970290474 5
      vertex 14.998076211353316 76.9 5
    endloop
  endfacet
  facet normal 0.5555702330196126 0.8314696123025384 0
    outer loop
      vertex 14.226284287026163 80.7800600208737 2
      vertex 13.9 80.99807621135332 5
      vertex 14.226284287026163 80.7800600208737 5
    endloop
  endfacet
  facet normal 0.659345815100055 0.7518398074789897 0
    outer loop
      vertex 14.521320343559644 80.52132034355965 2
      vertex 14.226284287026163 80.7800600208737 5
      vertex 14.521320343559644 80.52132034355965 5
    endloop
  endfacet
  facet normal 0.7518398074789905 0.6593458151000539 0
    outer loop
      vertex 14.521320343559644 80.52132034355965 2
      vertex 14.521320343559644 80.52132034355965 5
      vertex 14.780060020873705 80.22628428702616 5
    endloop
  endfacet
  facet normal 0.9469301294951036 -0.3214394653031678 0
    outer loop
      vertex 15.297777478867205 77.62354286469244 2
      vertex 15.297777478867205 77.62354286469244 5
      vertex 15.17163859753386 77.25194970290474 5
    endloop
  endfacet
  facet normal 0.9807852804032314 -0.19509032201612367 0
    outer loop
      vertex 15.374334584121431 78.00842142333985 2
      vertex 15.374334584121431 78.00842142333985 5
      vertex 15.297777478867205 77.62354286469244 5
    endloop
  endfacet
  facet normal 0.9807852804032314 0.19509032201612367 0
    outer loop
      vertex 15.297777478867205 79.17645713530757 2
      vertex 15.297777478867205 79.17645713530757 5
      vertex 15.374334584121431 78.79157857666016 5
    endloop
  endfacet
  facet normal 0.9978589232386035 -0.0654031292301441 0
    outer loop
      vertex 15.4 78.4 2
      vertex 15.4 78.4 5
      vertex 15.374334584121431 78.00842142333985 5
    endloop
  endfacet
  facet normal 0.9978589232386035 0.0654031292301441 0
    outer loop
      vertex 15.374334584121431 78.79157857666016 2
      vertex 15.374334584121431 78.79157857666016 5
      vertex 15.4 78.4 5
    endloop
  endfacet
  facet normal 0.8968727415326898 0.4422886902189983 0
    outer loop
      vertex 14.998076211353316 79.9 2
      vertex 14.998076211353316 79.9 5
      vertex 15.17163859753386 79.54805029709527 5
    endloop
  endfacet
  facet normal 0.9469301294951036 0.3214394653031678 0
    outer loop
      vertex 15.17163859753386 79.54805029709527 2
      vertex 15.17163859753386 79.54805029709527 5
      vertex 15.297777478867205 79.17645713530757 5
    endloop
  endfacet
  facet normal 0.8314696123025389 0.5555702330196115 0
    outer loop
      vertex 14.780060020873705 80.22628428702616 2
      vertex 14.780060020873705 80.22628428702616 5
      vertex 14.998076211353316 79.9 5
    endloop
  endfacet
  facet normal 0.44228869021901096 0.8968727415326834 0
    outer loop
      vertex 13.54805029709527 81.17163859753387 2
      vertex 13.54805029709527 81.17163859753387 5
      vertex 13.9 80.99807621135332 2
    endloop
  endfacet
  facet normal 0.44228869021901096 0.8968727415326834 0
    outer loop
      vertex 13.9 80.99807621135332 2
      vertex 13.54805029709527 81.17163859753387 5
      vertex 13.9 80.99807621135332 5
    endloop
  endfacet
  facet normal 0 0 1
    outer loop
      vertex 11.251949702904732 75.62836140246614 5
      vertex 11.245150584360893 77.92164570954364 5
      vertex 11.192592717138664 78.07647619362186 5
    endloop
  endfacet
  facet normal 0 0 1
    outer loop
      vertex 11.251949702904732 75.62836140246614 5
      vertex 11.408308324635957 77.6390482137391 5
      vertex 11.317468245269453 77.775 5
    endloop
  endfacet
  facet normal 0 0 1
    outer loop
      vertex 11.251949702904732 75.62836140246614 5
      vertex 11.317468245269453 77.775 5
      vertex 11.245150584360893 77.92164570954364 5
    endloop
  endfacet
  facet normal 0 0 1
    outer loop
      vertex 9.502222521132795 77.62354286469244 5
      vertex 9.42566541587857 78.79157857666016 5
      vertex 9.42566541587857 78.00842142333985 5
    endloop
  endfacet
  facet normal 0 0 1
    outer loop
      vertex 9.62836140246614 77.25194970290474 5
      vertex 9.502222521132795 79.17645713530757 5
      vertex 9.502222521132795 77.62354286469244 5
    endloop
  endfacet
  facet normal 0 0 1
    outer loop
      vertex 9.42566541587857 78.00842142333985 5
      vertex 9.42566541587857 78.79157857666016 5
      vertex 9.4 78.4 5
    endloop
  endfacet
  facet normal 0 0 1
    outer loop
      vertex 9.502222521132795 77.62354286469244 5
      vertex 9.502222521132795 79.17645713530757 5
      vertex 9.42566541587857 78.79157857666016 5
    endloop
  endfacet
  facet normal 0 0 1
    outer loop
      vertex 9.62836140246614 77.25194970290474 5
      vertex 9.62836140246614 79.54805029709527 5
      vertex 9.502222521132795 79.17645713530757 5
    endloop
  endfacet
  facet normal 0 0 1
    outer loop
      vertex 9.62836140246614 77.25194970290474 5
      vertex 9.801923788646684 76.9 5
      vertex 9.62836140246614 79.54805029709527 5
    endloop
  endfacet
  facet normal 0 0 1
    outer loop
      vertex 9.801923788646684 76.9 5
      vertex 10.019939979126296 76.57371571297385 5
      vertex 9.801923788646684 79.9 5
    endloop
  endfacet
  facet normal 0 0 1
    outer loop
      vertex 10.019939979126296 76.57371571297385 5
      vertex 10.278679656440357 76.27867965644036 5
      vertex 10.019939979126296 80.22628428702616 5
    endloop
  endfacet
  facet normal 0 0 1
    outer loop
      vertex 9.801923788646684 76.9 5
      vertex 9.801923788646684 79.9 5
      vertex 9.62836140246614 79.54805029709527 5
    endloop
  endfacet
  facet normal 0 0 1
    outer loop
      vertex 10.019939979126296 76.57371571297385 5
      vertex 10.019939979126296 80.22628428702616 5
      vertex 9.801923788646684 79.9 5
    endloop
  endfacet
  facet normal 0 0 1
    outer loop
      vertex 10.278679656440357 76.27867965644036 5
      vertex 10.278679656440357 80.52132034355965 5
      vertex 10.019939979126296 80.22628428702616 5
    endloop
  endfacet
  facet normal 0 0 1
    outer loop
      vertex 10.278679656440357 76.27867965644036 5
      vertex 10.573715712973838 76.0199399791263 5
      vertex 10.278679656440357 80.52132034355965 5
    endloop
  endfacet
  facet normal 0 0 1
    outer loop
      vertex 10.573715712973838 76.0199399791263 5
      vertex 10.9 75.80192378864669 5
      vertex 10.573715712973838 80.7800600208737 5
    endloop
  endfacet
  facet normal 0 0 1
    outer loop
      vertex 10.573715712973838 76.0199399791263 5
      vertex 10.573715712973838 80.7800600208737 5
      vertex 10.278679656440357 80.52132034355965 5
    endloop
  endfacet
  facet normal 0 0 1
    outer loop
      vertex 10.9 75.80192378864669 5
      vertex 11.251949702904732 75.62836140246614 5
      vertex 10.9 80.99807621135332 5
    endloop
  endfacet
  facet normal 0 0 1
    outer loop
      vertex 11.251949702904732 75.62836140246614 5
      vertex 11.192592717138664 78.07647619362186 5
      vertex 11.160693923282738 78.23684225972494 5
    endloop
  endfacet
  facet normal 0 0 1
    outer loop
      vertex 11.251949702904732 75.62836140246614 5
      vertex 11.160693923282738 78.23684225972494 5
      vertex 11.15 78.4 5
    endloop
  endfacet
  facet normal 0 0 1
    outer loop
      vertex 11.251949702904732 75.62836140246614 5
      vertex 11.15 78.4 5
      vertex 10.9 80.99807621135332 5
    endloop
  endfacet
  facet normal 0 0 1
    outer loop
      vertex 10.9 75.80192378864669 5
      vertex 10.9 80.99807621135332 5
      vertex 10.573715712973838 80.7800600208737 5
    endloop
  endfacet
  facet normal 0 0 1
    outer loop
      vertex 10.9 80.99807621135332 5
      vertex 11.15 78.4 5
      vertex 11.160693923282738 78.56315774027507 5
    endloop
  endfacet
  facet normal 0 0 1
    outer loop
      vertex 10.9 80.99807621135332 5
      vertex 11.160693923282738 78.56315774027507 5
      vertex 11.192592717138664 78.72352380637815 5
    endloop
  endfacet
  facet normal 0 0 1
    outer loop
      vertex 10.9 80.99807621135332 5
      vertex 11.192592717138664 78.72352380637815 5
      vertex 11.245150584360893 78.87835429045637 5
    endloop
  endfacet
  facet normal 0 0 1
    outer loop
      vertex 10.9 80.99807621135332 5
      vertex 11.245150584360893 78.87835429045637 5
      vertex 11.317468245269453 79.025 5
    endloop
  endfacet
  facet normal 0 0 1
    outer loop
      vertex 11.251949702904732 81.17163859753387 5
      vertex 11.317468245269453 79.025 5
      vertex 11.408308324635957 79.16095178626091 5
    endloop
  endfacet
  facet normal 0 0 1
    outer loop
      vertex 10.9 80.99807621135332 5
      vertex 11.317468245269453 79.025 5
      vertex 11.251949702904732 81.17163859753387 5
    endloop
  endfacet
  facet normal 0 0 1
    outer loop
      vertex 11.251949702904732 75.62836140246614 5
      vertex 11.623542864692439 75.50222252113281 5
      vertex 11.408308324635957 77.6390482137391 5
    endloop
  endfacet
  facet normal 0 0 1
    outer loop
      vertex 12.008421423339845 75.42566541587857 5
      vertex 11.775 77.31746824526945 5
      vertex 11.623542864692439 75.50222252113281 5
    endloop
  endfacet
  facet normal 0 0 1
    outer loop
      vertex 11.623542864692439 75.50222252113281 5
      vertex 11.6390482137391 77.40830832463597 5
      vertex 11.516116523516816 77.51611652351681 5
    endloop
  endfacet
  facet normal 0 0 1
    outer loop
      vertex 11.623542864692439 75.50222252113281 5
      vertex 11.516116523516816 77.51611652351681 5
      vertex 11.408308324635957 77.6390482137391 5
    endloop
  endfacet
  facet normal 0 0 1
    outer loop
      vertex 11.623542864692439 75.50222252113281 5
      vertex 11.775 77.31746824526945 5
      vertex 11.6390482137391 77.40830832463597 5
    endloop
  endfacet
  facet normal 0 0 1
    outer loop
      vertex 12.008421423339845 75.42566541587857 5
      vertex 11.921645709543638 77.2451505843609 5
      vertex 11.775 77.31746824526945 5
    endloop
  endfacet
  facet normal 0 0 1
    outer loop
      vertex 12.008421423339845 75.42566541587857 5
      vertex 12.4 75.4 5
      vertex 12.236842259724936 77.16069392328274 5
    endloop
  endfacet
  facet normal 0 0 1
    outer loop
      vertex 12.008421423339845 75.42566541587857 5
      vertex 12.076476193621849 77.19259271713867 5
      vertex 11.921645709543638 77.2451505843609 5
    endloop
  endfacet
  facet normal 0 0 1
    outer loop
      vertex 12.008421423339845 75.42566541587857 5
      vertex 12.236842259724936 77.16069392328274 5
      vertex 12.076476193621849 77.19259271713867 5
    endloop
  endfacet
  facet normal 0 0 1
    outer loop
      vertex 12.4 75.4 5
      vertex 12.4 77.15 5
      vertex 12.236842259724936 77.16069392328274 5
    endloop
  endfacet
  facet normal 0 0 1
    outer loop
      vertex 12.4 75.4 5
      vertex 12.563157740275065 77.16069392328274 5
      vertex 12.4 77.15 5
    endloop
  endfacet
  facet normal 0 0 1
    outer loop
      vertex 12.4 75.4 5
      vertex 12.791578576660156 75.42566541587857 5
      vertex 12.563157740275065 77.16069392328274 5
    endloop
  endfacet
  facet normal 0 0 1
    outer loop
      vertex 12.791578576660156 75.42566541587857 5
      vertex 13.176457135307562 75.50222252113281 5
      vertex 12.723523806378152 77.19259271713867 5
    endloop
  endfacet
  facet normal 0 0 1
    outer loop
      vertex 12.791578576660156 75.42566541587857 5
      vertex 12.723523806378152 77.19259271713867 5
      vertex 12.563157740275065 77.16069392328274 5
    endloop
  endfacet
  facet normal 0 0 1
    outer loop
      vertex 13.176457135307562 75.50222252113281 5
      vertex 12.878354290456363 77.2451505843609 5
      vertex 12.723523806378152 77.19259271713867 5
    endloop
  endfacet
  facet normal 0 0 1
    outer loop
      vertex 13.176457135307562 75.50222252113281 5
      vertex 13.025 77.31746824526945 5
      vertex 12.878354290456363 77.2451505843609 5
    endloop
  endfacet
  facet normal 0 0 1
    outer loop
      vertex 13.176457135307562 75.50222252113281 5
      vertex 13.54805029709527 75.62836140246614 5
      vertex 13.1609517862609 77.40830832463597 5
    endloop
  endfacet
  facet normal 0 0 1
    outer loop
      vertex 13.176457135307562 75.50222252113281 5
      vertex 13.1609517862609 77.40830832463597 5
      vertex 13.025 77.31746824526945 5
    endloop
  endfacet
  facet normal 0 0 1
    outer loop
      vertex 13.54805029709527 75.62836140246614 5
      vertex 13.283883476483185 77.51611652351681 5
      vertex 13.1609517862609 77.40830832463597 5
    endloop
  endfacet
  facet normal 0 0 1
    outer loop
      vertex 13.54805029709527 75.62836140246614 5
      vertex 13.9 75.80192378864669 5
      vertex 13.482531754730548 77.775 5
    endloop
  endfacet
  facet normal 0 0 1
    outer loop
      vertex 13.54805029709527 75.62836140246614 5
      vertex 13.391691675364044 77.6390482137391 5
      vertex 13.283883476483185 77.51611652351681 5
    endloop
  endfacet
  facet normal 0 0 1
    outer loop
      vertex 13.54805029709527 75.62836140246614 5
      vertex 13.482531754730548 77.775 5
      vertex 13.391691675364044 77.6390482137391 5
    endloop
  endfacet
  facet normal 0 0 1
    outer loop
      vertex 13.9 75.80192378864669 5
      vertex 13.554849415639108 77.92164570954364 5
      vertex 13.482531754730548 77.775 5
    endloop
  endfacet
  facet normal 0 0 1
    outer loop
      vertex 11.251949702904732 81.17163859753387 5
      vertex 11.408308324635957 79.16095178626091 5
      vertex 11.516116523516816 79.2838834764832 5
    endloop
  endfacet
  facet normal 0 0 1
    outer loop
      vertex 11.251949702904732 81.17163859753387 5
      vertex 11.516116523516816 79.2838834764832 5
      vertex 11.6390482137391 79.39169167536404 5
    endloop
  endfacet
  facet normal 0 0 1
    outer loop
      vertex 11.623542864692439 81.2977774788672 5
      vertex 11.6390482137391 79.39169167536404 5
      vertex 11.775 79.48253175473056 5
    endloop
  endfacet
  facet normal 0 0 1
    outer loop
      vertex 11.251949702904732 81.17163859753387 5
      vertex 11.6390482137391 79.39169167536404 5
      vertex 11.623542864692439 81.2977774788672 5
    endloop
  endfacet
  facet normal 0 0 1
    outer loop
      vertex 11.623542864692439 81.2977774788672 5
      vertex 11.775 79.48253175473056 5
      vertex 11.921645709543638 79.55484941563911 5
    endloop
  endfacet
  facet normal 0 0 1
    outer loop
      vertex 11.623542864692439 81.2977774788672 5
      vertex 11.921645709543638 79.55484941563911 5
      vertex 12.076476193621849 79.60740728286135 5
    endloop
  endfacet
  facet normal 0 0 1
    outer loop
      vertex 11.623542864692439 81.2977774788672 5
      vertex 12.076476193621849 79.60740728286135 5
      vertex 12.008421423339845 81.37433458412144 5
    endloop
  endfacet
  facet normal 0 0 1
    outer loop
      vertex 12.008421423339845 81.37433458412144 5
      vertex 12.076476193621849 79.60740728286135 5
      vertex 12.236842259724936 79.63930607671728 5
    endloop
  endfacet
  facet normal 0 0 1
    outer loop
      vertex 12.008421423339845 81.37433458412144 5
      vertex 12.236842259724936 79.63930607671728 5
      vertex 12.4 81.4 5
    endloop
  endfacet
  facet normal 0 0 1
    outer loop
      vertex 12.4 81.4 5
      vertex 12.236842259724936 79.63930607671728 5
      vertex 12.4 79.65 5
    endloop
  endfacet
  facet normal 0 0 1
    outer loop
      vertex 12.4 81.4 5
      vertex 12.4 79.65 5
      vertex 12.563157740275065 79.63930607671728 5
    endloop
  endfacet
  facet normal 0 0 1
    outer loop
      vertex 12.791578576660156 81.37433458412144 5
      vertex 12.563157740275065 79.63930607671728 5
      vertex 12.723523806378152 79.60740728286135 5
    endloop
  endfacet
  facet normal 0 0 1
    outer loop
      vertex 12.4 81.4 5
      vertex 12.563157740275065 79.63930607671728 5
      vertex 12.791578576660156 81.37433458412144 5
    endloop
  endfacet
  facet normal 0 0 1
    outer loop
      vertex 12.791578576660156 81.37433458412144 5
      vertex 12.723523806378152 79.60740728286135 5
      vertex 12.878354290456363 79.55484941563911 5
    endloop
  endfacet
  facet normal 0 0 1
    outer loop
      vertex 12.791578576660156 81.37433458412144 5
      vertex 12.878354290456363 79.55484941563911 5
      vertex 13.025 79.48253175473056 5
    endloop
  endfacet
  facet normal 0 0 1
    outer loop
      vertex 12.791578576660156 81.37433458412144 5
      vertex 13.025 79.48253175473056 5
      vertex 13.176457135307562 81.2977774788672 5
    endloop
  endfacet
  facet normal 0 0 1
    outer loop
      vertex 13.176457135307562 81.2977774788672 5
      vertex 13.025 79.48253175473056 5
      vertex 13.1609517862609 79.39169167536404 5
    endloop
  endfacet
  facet normal 0 0 1
    outer loop
      vertex 13.176457135307562 81.2977774788672 5
      vertex 13.1609517862609 79.39169167536404 5
      vertex 13.283883476483185 79.2838834764832 5
    endloop
  endfacet
  facet normal 0 0 1
    outer loop
      vertex 13.176457135307562 81.2977774788672 5
      vertex 13.283883476483185 79.2838834764832 5
      vertex 13.391691675364044 79.16095178626091 5
    endloop
  endfacet
  facet normal 0 0 1
    outer loop
      vertex 13.54805029709527 81.17163859753387 5
      vertex 13.554849415639108 78.87835429045637 5
      vertex 13.607407282861336 78.72352380637815 5
    endloop
  endfacet
  facet normal 0 0 1
    outer loop
      vertex 13.54805029709527 81.17163859753387 5
      vertex 13.607407282861336 78.72352380637815 5
      vertex 13.639306076717263 78.56315774027507 5
    endloop
  endfacet
  facet normal 0 0 1
    outer loop
      vertex 13.54805029709527 81.17163859753387 5
      vertex 13.639306076717263 78.56315774027507 5
      vertex 13.65 78.4 5
    endloop
  endfacet
  facet normal 0 0 1
    outer loop
      vertex 13.54805029709527 81.17163859753387 5
      vertex 13.391691675364044 79.16095178626091 5
      vertex 13.482531754730548 79.025 5
    endloop
  endfacet
  facet normal 0 0 1
    outer loop
      vertex 13.54805029709527 81.17163859753387 5
      vertex 13.482531754730548 79.025 5
      vertex 13.554849415639108 78.87835429045637 5
    endloop
  endfacet
  facet normal 0 0 1
    outer loop
      vertex 13.176457135307562 81.2977774788672 5
      vertex 13.391691675364044 79.16095178626091 5
      vertex 13.54805029709527 81.17163859753387 5
    endloop
  endfacet
  facet normal 0 0 1
    outer loop
      vertex 13.9 75.80192378864669 5
      vertex 13.607407282861336 78.07647619362186 5
      vertex 13.554849415639108 77.92164570954364 5
    endloop
  endfacet
  facet normal 0 0 1
    outer loop
      vertex 13.9 75.80192378864669 5
      vertex 13.639306076717263 78.23684225972494 5
      vertex 13.607407282861336 78.07647619362186 5
    endloop
  endfacet
  facet normal 0 0 1
    outer loop
      vertex 13.9 75.80192378864669 5
      vertex 13.65 78.4 5
      vertex 13.639306076717263 78.23684225972494 5
    endloop
  endfacet
  facet normal 0 0 1
    outer loop
      vertex 13.9 75.80192378864669 5
      vertex 14.226284287026163 76.0199399791263 5
      vertex 13.9 80.99807621135332 5
    endloop
  endfacet
  facet normal 0 0 1
    outer loop
      vertex 13.54805029709527 81.17163859753387 5
      vertex 13.65 78.4 5
      vertex 13.9 75.80192378864669 5
    endloop
  endfacet
  facet normal 0 0 1
    outer loop
      vertex 14.226284287026163 76.0199399791263 5
      vertex 14.521320343559644 76.27867965644036 5
      vertex 14.226284287026163 80.7800600208737 5
    endloop
  endfacet
  facet normal 0 0 1
    outer loop
      vertex 14.521320343559644 76.27867965644036 5
      vertex 14.780060020873705 76.57371571297385 5
      vertex 14.521320343559644 80.52132034355965 5
    endloop
  endfacet
  facet normal 0 0 1
    outer loop
      vertex 14.780060020873705 76.57371571297385 5
      vertex 14.780060020873705 80.22628428702616 5
      vertex 14.521320343559644 80.52132034355965 5
    endloop
  endfacet
  facet normal 0 0 1
    outer loop
      vertex 13.54805029709527 81.17163859753387 5
      vertex 13.9 75.80192378864669 5
      vertex 13.9 80.99807621135332 5
    endloop
  endfacet
  facet normal 0 0 1
    outer loop
      vertex 14.226284287026163 76.0199399791263 5
      vertex 14.226284287026163 80.7800600208737 5
      vertex 13.9 80.99807621135332 5
    endloop
  endfacet
  facet normal 0 0 1
    outer loop
      vertex 14.521320343559644 76.27867965644036 5
      vertex 14.521320343559644 80.52132034355965 5
      vertex 14.226284287026163 80.7800600208737 5
    endloop
  endfacet
  facet normal 0 0 1
    outer loop
      vertex 14.780060020873705 76.57371571297385 5
      vertex 14.998076211353316 76.9 5
      vertex 14.780060020873705 80.22628428702616 5
    endloop
  endfacet
  facet normal 0 0 1
    outer loop
      vertex 14.998076211353316 76.9 5
      vertex 15.17163859753386 77.25194970290474 5
      vertex 14.998076211353316 79.9 5
    endloop
  endfacet
  facet normal 0 0 1
    outer loop
      vertex 15.17163859753386 77.25194970290474 5
      vertex 15.297777478867205 77.62354286469244 5
      vertex 15.17163859753386 79.54805029709527 5
    endloop
  endfacet
  facet normal 0 0 1
    outer loop
      vertex 14.998076211353316 76.9 5
      vertex 14.998076211353316 79.9 5
      vertex 14.780060020873705 80.22628428702616 5
    endloop
  endfacet
  facet normal 0 0 1
    outer loop
      vertex 15.297777478867205 77.62354286469244 5
      vertex 15.374334584121431 78.00842142333985 5
      vertex 15.297777478867205 79.17645713530757 5
    endloop
  endfacet
  facet normal 0 0 1
    outer loop
      vertex 15.374334584121431 78.00842142333985 5
      vertex 15.374334584121431 78.79157857666016 5
      vertex 15.297777478867205 79.17645713530757 5
    endloop
  endfacet
  facet normal 0 0 1
    outer loop
      vertex 15.17163859753386 77.25194970290474 5
      vertex 15.17163859753386 79.54805029709527 5
      vertex 14.998076211353316 79.9 5
    endloop
  endfacet
  facet normal 0 0 1
    outer loop
      vertex 15.297777478867205 77.62354286469244 5
      vertex 15.297777478867205 79.17645713530757 5
      vertex 15.17163859753386 79.54805029709527 5
    endloop
  endfacet
  facet normal 0 0 1
    outer loop
      vertex 15.374334584121431 78.00842142333985 5
      vertex 15.4 78.4 5
      vertex 15.374334584121431 78.79157857666016 5
    endloop
  endfacet
  facet normal -0.8968727415326916 -0.4422886902189947 0
    outer loop
      vertex 57.62836140246615 77.25194970290474 2
      vertex 57.80192378864669 76.9 2
      vertex 57.62836140246615 77.25194970290474 5
    endloop
  endfacet
  facet normal -0.8314696123025411 -0.5555702330196085 0
    outer loop
      vertex 57.80192378864669 76.9 2
      vertex 58.0199399791263 76.57371571297385 2
      vertex 57.80192378864669 76.9 5
    endloop
  endfacet
  facet normal -0.6593458151000527 -0.7518398074789916 7.745373997183148e-19
    outer loop
      vertex 58.27867965644036 76.27867965644036 2
      vertex 58.57371571297384 76.0199399791263 2
      vertex 58.57371571297384 76.0199399791263 5
    endloop
  endfacet
  facet normal -0.7518398074789905 -0.6593458151000539 -5.510669551487089e-18
    outer loop
      vertex 58.27867965644036 76.27867965644036 2
      vertex 58.0199399791263 76.57371571297385 5
      vertex 58.0199399791263 76.57371571297385 2
    endloop
  endfacet
  facet normal -0.5555702330196126 -0.8314696123025384 -3.484029985834894e-18
    outer loop
      vertex 58.57371571297384 76.0199399791263 2
      vertex 58.900000000000006 75.80192378864669 2
      vertex 58.900000000000006 75.80192378864669 5
    endloop
  endfacet
  facet normal -0.4422886902190092 -0.8968727415326844 -3.0635160857550764e-19
    outer loop
      vertex 58.900000000000006 75.80192378864669 2
      vertex 59.25194970290474 75.62836140246614 2
      vertex 59.25194970290474 75.62836140246614 5
    endloop
  endfacet
  facet normal -0.9978589232386031 -0.0654031292301486 4.534124415595705e-19
    outer loop
      vertex 57.425665415878576 78.00842142333985 2
      vertex 57.400000000000006 78.4 5
      vertex 57.400000000000006 78.4 2
    endloop
  endfacet
  facet normal -0.9978589232386031 0.0654031292301486 -4.534124415595705e-19
    outer loop
      vertex 57.400000000000006 78.4 2
      vertex 57.425665415878576 78.79157857666016 5
      vertex 57.425665415878576 78.79157857666016 2
    endloop
  endfacet
  facet normal -0.9469301294951021 -0.3214394653031718 2.549837683449486e-18
    outer loop
      vertex 57.62836140246615 77.25194970290474 2
      vertex 57.5022225211328 77.62354286469244 5
      vertex 57.5022225211328 77.62354286469244 2
    endloop
  endfacet
  facet normal -0.9807852804032322 -0.19509032201611928 0
    outer loop
      vertex 57.425665415878576 78.00842142333985 2
      vertex 57.5022225211328 77.62354286469244 2
      vertex 57.425665415878576 78.00842142333985 5
    endloop
  endfacet
  facet normal -0.9807852804032322 0.19509032201611928 -8.126871632437976e-19
    outer loop
      vertex 57.425665415878576 78.79157857666016 2
      vertex 57.5022225211328 79.17645713530757 5
      vertex 57.5022225211328 79.17645713530757 2
    endloop
  endfacet
  facet normal -0.9469301294951021 0.3214394653031718 -2.549837683449486e-18
    outer loop
      vertex 57.5022225211328 79.17645713530757 2
      vertex 57.62836140246615 79.54805029709527 5
      vertex 57.62836140246615 79.54805029709527 2
    endloop
  endfacet
  facet normal -0.8968727415326916 0.4422886902189947 -2.0306433611153428e-18
    outer loop
      vertex 57.62836140246615 79.54805029709527 2
      vertex 57.80192378864669 79.9 5
      vertex 57.80192378864669 79.9 2
    endloop
  endfacet
  facet normal -0.8314696123025411 0.5555702330196085 -4.553720877975974e-18
    outer loop
      vertex 57.80192378864669 79.9 2
      vertex 58.0199399791263 80.22628428702616 5
      vertex 58.0199399791263 80.22628428702616 2
    endloop
  endfacet
  facet normal -0.7518398074789905 0.6593458151000539 5.510669551487089e-18
    outer loop
      vertex 58.0199399791263 80.22628428702616 2
      vertex 58.27867965644036 80.52132034355965 5
      vertex 58.27867965644036 80.52132034355965 2
    endloop
  endfacet
  facet normal -0.6593458151000527 0.7518398074789916 0
    outer loop
      vertex 58.27867965644036 80.52132034355965 2
      vertex 58.27867965644036 80.52132034355965 5
      vertex 58.57371571297384 80.7800600208737 2
    endloop
  endfacet
  facet normal -0.5555702330196126 0.8314696123025384 0
    outer loop
      vertex 58.57371571297384 80.7800600208737 2
      vertex 58.57371571297384 80.7800600208737 5
      vertex 58.900000000000006 80.99807621135332 2
    endloop
  endfacet
  facet normal -0.8314696123025411 -0.5555702330196085 0
    outer loop
      vertex 58.0199399791263 76.57371571297385 2
      vertex 58.0199399791263 76.57371571297385 5
      vertex 57.80192378864669 76.9 5
    endloop
  endfacet
  facet normal -0.8968727415326916 -0.4422886902189947 0
    outer loop
      vertex 57.80192378864669 76.9 2
      vertex 57.80192378864669 76.9 5
      vertex 57.62836140246615 77.25194970290474 5
    endloop
  endfacet
  facet normal -0.7518398074789905 -0.6593458151000539 0
    outer loop
      vertex 58.27867965644036 76.27867965644036 2
      vertex 58.27867965644036 76.27867965644036 5
      vertex 58.0199399791263 76.57371571297385 5
    endloop
  endfacet
  facet normal -0.6593458151000527 -0.7518398074789916 0
    outer loop
      vertex 58.27867965644036 76.27867965644036 2
      vertex 58.57371571297384 76.0199399791263 5
      vertex 58.27867965644036 76.27867965644036 5
    endloop
  endfacet
  facet normal -0.5555702330196126 -0.8314696123025384 0
    outer loop
      vertex 58.57371571297384 76.0199399791263 2
      vertex 58.900000000000006 75.80192378864669 5
      vertex 58.57371571297384 76.0199399791263 5
    endloop
  endfacet
  facet normal -0.4422886902190092 -0.8968727415326844 0
    outer loop
      vertex 58.900000000000006 75.80192378864669 2
      vertex 59.25194970290474 75.62836140246614 5
      vertex 58.900000000000006 75.80192378864669 5
    endloop
  endfacet
  facet normal -0.9978589232386031 -0.0654031292301486 0
    outer loop
      vertex 57.425665415878576 78.00842142333985 2
      vertex 57.425665415878576 78.00842142333985 5
      vertex 57.400000000000006 78.4 5
    endloop
  endfacet
  facet normal -0.9978589232386031 0.0654031292301486 0
    outer loop
      vertex 57.400000000000006 78.4 2
      vertex 57.400000000000006 78.4 5
      vertex 57.425665415878576 78.79157857666016 5
    endloop
  endfacet
  facet normal -0.9807852804032322 -0.19509032201611928 0
    outer loop
      vertex 57.5022225211328 77.62354286469244 2
      vertex 57.5022225211328 77.62354286469244 5
      vertex 57.425665415878576 78.00842142333985 5
    endloop
  endfacet
  facet normal -0.9469301294951021 -0.3214394653031718 0
    outer loop
      vertex 57.62836140246615 77.25194970290474 2
      vertex 57.62836140246615 77.25194970290474 5
      vertex 57.5022225211328 77.62354286469244 5
    endloop
  endfacet
  facet normal -0.9807852804032322 0.19509032201611928 0
    outer loop
      vertex 57.425665415878576 78.79157857666016 2
      vertex 57.425665415878576 78.79157857666016 5
      vertex 57.5022225211328 79.17645713530757 5
    endloop
  endfacet
  facet normal -0.9469301294951021 0.3214394653031718 0
    outer loop
      vertex 57.5022225211328 79.17645713530757 2
      vertex 57.5022225211328 79.17645713530757 5
      vertex 57.62836140246615 79.54805029709527 5
    endloop
  endfacet
  facet normal -0.8968727415326916 0.4422886902189947 0
    outer loop
      vertex 57.62836140246615 79.54805029709527 2
      vertex 57.62836140246615 79.54805029709527 5
      vertex 57.80192378864669 79.9 5
    endloop
  endfacet
  facet normal -0.8314696123025411 0.5555702330196085 0
    outer loop
      vertex 57.80192378864669 79.9 2
      vertex 57.80192378864669 79.9 5
      vertex 58.0199399791263 80.22628428702616 5
    endloop
  endfacet
  facet normal -0.7518398074789905 0.6593458151000539 0
    outer loop
      vertex 58.0199399791263 80.22628428702616 2
      vertex 58.0199399791263 80.22628428702616 5
      vertex 58.27867965644036 80.52132034355965 5
    endloop
  endfacet
  facet normal -0.6593458151000527 0.7518398074789916 0
    outer loop
      vertex 58.57371571297384 80.7800600208737 2
      vertex 58.27867965644036 80.52132034355965 5
      vertex 58.57371571297384 80.7800600208737 5
    endloop
  endfacet
  facet normal -0.5555702330196126 0.8314696123025384 0
    outer loop
      vertex 58.900000000000006 80.99807621135332 2
      vertex 58.57371571297384 80.7800600208737 5
      vertex 58.900000000000006 80.99807621135332 5
    endloop
  endfacet
  facet normal -0.4422886902190092 0.8968727415326844 0
    outer loop
      vertex 58.900000000000006 80.99807621135332 2
      vertex 58.900000000000006 80.99807621135332 5
      vertex 59.25194970290474 81.17163859753387 2
    endloop
  endfacet
  facet normal -0.4422886902190092 0.8968727415326844 0
    outer loop
      vertex 59.25194970290474 81.17163859753387 2
      vertex 58.900000000000006 80.99807621135332 5
      vertex 59.25194970290474 81.17163859753387 5
    endloop
  endfacet
  facet normal -0.19509032201615756 -0.9807852804032244 0
    outer loop
      vertex 60.008421423339854 75.42566541587857 2
      vertex 60.008421423339854 75.42566541587857 5
      vertex 59.623542864692446 75.50222252113281 2
    endloop
  endfacet
  facet normal -0.06540312923013057 -0.9978589232386043 3.1467951511922e-19
    outer loop
      vertex 60.008421423339854 75.42566541587857 2
      vertex 60.400000000000006 75.4 2
      vertex 60.400000000000006 75.4 5
    endloop
  endfacet
  facet normal -0.32143946530313383 -0.9469301294951151 1.7045075690523177e-18
    outer loop
      vertex 59.25194970290474 75.62836140246614 2
      vertex 59.623542864692446 75.50222252113281 2
      vertex 59.623542864692446 75.50222252113281 5
    endloop
  endfacet
  facet normal 0.06540312923013057 -0.9978589232386043 -3.1467951511922e-19
    outer loop
      vertex 60.400000000000006 75.4 2
      vertex 60.79157857666016 75.42566541587857 2
      vertex 60.79157857666016 75.42566541587857 5
    endloop
  endfacet
  facet normal 0.19509032201615756 -0.9807852804032244 1.1725262252824e-18
    outer loop
      vertex 60.79157857666016 75.42566541587857 2
      vertex 61.176457135307565 75.50222252113281 2
      vertex 61.176457135307565 75.50222252113281 5
    endloop
  endfacet
  facet normal 0.32143946530313383 -0.9469301294951151 -1.7045075690523177e-18
    outer loop
      vertex 61.176457135307565 75.50222252113281 2
      vertex 61.54805029709527 75.62836140246614 2
      vertex 61.54805029709527 75.62836140246614 5
    endloop
  endfacet
  facet normal 0.4422886902190092 -0.8968727415326844 3.0635160857550764e-19
    outer loop
      vertex 61.54805029709527 75.62836140246614 2
      vertex 61.900000000000006 75.80192378864669 2
      vertex 61.900000000000006 75.80192378864669 5
    endloop
  endfacet
  facet normal 0.5555702330196126 -0.8314696123025384 3.484029985834894e-18
    outer loop
      vertex 61.900000000000006 75.80192378864669 2
      vertex 62.22628428702617 76.0199399791263 2
      vertex 62.22628428702617 76.0199399791263 5
    endloop
  endfacet
  facet normal 0.6593458151000527 -0.7518398074789916 -7.745373997183148e-19
    outer loop
      vertex 62.22628428702617 76.0199399791263 2
      vertex 62.52132034355965 76.27867965644036 2
      vertex 62.52132034355965 76.27867965644036 5
    endloop
  endfacet
  facet normal 0.7518398074789905 -0.6593458151000539 0
    outer loop
      vertex 62.52132034355965 76.27867965644036 2
      vertex 62.78006002087371 76.57371571297385 2
      vertex 62.52132034355965 76.27867965644036 5
    endloop
  endfacet
  facet normal 0.8314696123025411 -0.5555702330196085 0
    outer loop
      vertex 62.78006002087371 76.57371571297385 2
      vertex 62.99807621135332 76.9 2
      vertex 62.78006002087371 76.57371571297385 5
    endloop
  endfacet
  facet normal 0.8968727415326916 -0.4422886902189947 0
    outer loop
      vertex 62.99807621135332 76.9 2
      vertex 63.171638597533864 77.25194970290474 2
      vertex 62.99807621135332 76.9 5
    endloop
  endfacet
  facet normal 0.5555702330196126 0.8314696123025384 -3.484029985834894e-18
    outer loop
      vertex 62.22628428702617 80.7800600208737 2
      vertex 61.900000000000006 80.99807621135332 2
      vertex 61.900000000000006 80.99807621135332 5
    endloop
  endfacet
  facet normal 0.6593458151000527 0.7518398074789916 0
    outer loop
      vertex 62.22628428702617 80.7800600208737 2
      vertex 62.22628428702617 80.7800600208737 5
      vertex 62.52132034355965 80.52132034355965 2
    endloop
  endfacet
  facet normal 0.9469301294951021 -0.3214394653031718 0
    outer loop
      vertex 63.171638597533864 77.25194970290474 2
      vertex 63.29777747886721 77.62354286469244 2
      vertex 63.171638597533864 77.25194970290474 5
    endloop
  endfacet
  facet normal 0.9807852804032322 -0.19509032201611928 0
    outer loop
      vertex 63.29777747886721 77.62354286469244 2
      vertex 63.374334584121435 78.00842142333985 2
      vertex 63.29777747886721 77.62354286469244 5
    endloop
  endfacet
  facet normal 0.9978589232386031 -0.0654031292301486 0
    outer loop
      vertex 63.374334584121435 78.00842142333985 2
      vertex 63.400000000000006 78.4 2
      vertex 63.374334584121435 78.00842142333985 5
    endloop
  endfacet
  facet normal 0.9978589232386031 0.0654031292301486 0
    outer loop
      vertex 63.400000000000006 78.4 2
      vertex 63.374334584121435 78.79157857666016 2
      vertex 63.400000000000006 78.4 5
    endloop
  endfacet
  facet normal 0.9807852804032322 0.19509032201611928 0
    outer loop
      vertex 63.374334584121435 78.79157857666016 2
      vertex 63.29777747886721 79.17645713530757 2
      vertex 63.374334584121435 78.79157857666016 5
    endloop
  endfacet
  facet normal 0.8314696123025411 0.5555702330196085 0
    outer loop
      vertex 62.99807621135332 79.9 2
      vertex 62.78006002087371 80.22628428702616 2
      vertex 62.99807621135332 79.9 5
    endloop
  endfacet
  facet normal 0.8968727415326916 0.4422886902189947 2.0306433611153428e-18
    outer loop
      vertex 62.99807621135332 79.9 2
      vertex 63.171638597533864 79.54805029709527 5
      vertex 63.171638597533864 79.54805029709527 2
    endloop
  endfacet
  facet normal 0.7518398074789905 0.6593458151000539 -5.510669551487089e-18
    outer loop
      vertex 62.52132034355965 80.52132034355965 2
      vertex 62.78006002087371 80.22628428702616 5
      vertex 62.78006002087371 80.22628428702616 2
    endloop
  endfacet
  facet normal 0.9469301294951021 0.3214394653031718 2.549837683449486e-18
    outer loop
      vertex 63.171638597533864 79.54805029709527 2
      vertex 63.29777747886721 79.17645713530757 5
      vertex 63.29777747886721 79.17645713530757 2
    endloop
  endfacet
  facet normal -0.06540312923013057 -0.9978589232386043 0
    outer loop
      vertex 60.008421423339854 75.42566541587857 2
      vertex 60.400000000000006 75.4 5
      vertex 60.008421423339854 75.42566541587857 5
    endloop
  endfacet
  facet normal -0.32143946530313383 -0.9469301294951151 0
    outer loop
      vertex 59.25194970290474 75.62836140246614 2
      vertex 59.623542864692446 75.50222252113281 5
      vertex 59.25194970290474 75.62836140246614 5
    endloop
  endfacet
  facet normal -0.19509032201615756 -0.9807852804032244 0
    outer loop
      vertex 59.623542864692446 75.50222252113281 2
      vertex 60.008421423339854 75.42566541587857 5
      vertex 59.623542864692446 75.50222252113281 5
    endloop
  endfacet
  facet normal 0.06540312923013057 -0.9978589232386043 0
    outer loop
      vertex 60.400000000000006 75.4 2
      vertex 60.79157857666016 75.42566541587857 5
      vertex 60.400000000000006 75.4 5
    endloop
  endfacet
  facet normal 0.19509032201615756 -0.9807852804032244 0
    outer loop
      vertex 60.79157857666016 75.42566541587857 2
      vertex 61.176457135307565 75.50222252113281 5
      vertex 60.79157857666016 75.42566541587857 5
    endloop
  endfacet
  facet normal 0.32143946530313383 -0.9469301294951151 0
    outer loop
      vertex 61.176457135307565 75.50222252113281 2
      vertex 61.54805029709527 75.62836140246614 5
      vertex 61.176457135307565 75.50222252113281 5
    endloop
  endfacet
  facet normal 0.4422886902190092 -0.8968727415326844 0
    outer loop
      vertex 61.54805029709527 75.62836140246614 2
      vertex 61.900000000000006 75.80192378864669 5
      vertex 61.54805029709527 75.62836140246614 5
    endloop
  endfacet
  facet normal 0.5555702330196126 -0.8314696123025384 0
    outer loop
      vertex 61.900000000000006 75.80192378864669 2
      vertex 62.22628428702617 76.0199399791263 5
      vertex 61.900000000000006 75.80192378864669 5
    endloop
  endfacet
  facet normal 0.6593458151000527 -0.7518398074789916 0
    outer loop
      vertex 62.22628428702617 76.0199399791263 2
      vertex 62.52132034355965 76.27867965644036 5
      vertex 62.22628428702617 76.0199399791263 5
    endloop
  endfacet
  facet normal 0.7518398074789905 -0.6593458151000539 0
    outer loop
      vertex 62.78006002087371 76.57371571297385 2
      vertex 62.78006002087371 76.57371571297385 5
      vertex 62.52132034355965 76.27867965644036 5
    endloop
  endfacet
  facet normal 0.8314696123025411 -0.5555702330196085 0
    outer loop
      vertex 62.99807621135332 76.9 2
      vertex 62.99807621135332 76.9 5
      vertex 62.78006002087371 76.57371571297385 5
    endloop
  endfacet
  facet normal 0.8968727415326916 -0.4422886902189947 0
    outer loop
      vertex 63.171638597533864 77.25194970290474 2
      vertex 63.171638597533864 77.25194970290474 5
      vertex 62.99807621135332 76.9 5
    endloop
  endfacet
  facet normal 0.5555702330196126 0.8314696123025384 0
    outer loop
      vertex 62.22628428702617 80.7800600208737 2
      vertex 61.900000000000006 80.99807621135332 5
      vertex 62.22628428702617 80.7800600208737 5
    endloop
  endfacet
  facet normal 0.6593458151000527 0.7518398074789916 0
    outer loop
      vertex 62.52132034355965 80.52132034355965 2
      vertex 62.22628428702617 80.7800600208737 5
      vertex 62.52132034355965 80.52132034355965 5
    endloop
  endfacet
  facet normal 0.9469301294951021 -0.3214394653031718 0
    outer loop
      vertex 63.29777747886721 77.62354286469244 2
      vertex 63.29777747886721 77.62354286469244 5
      vertex 63.171638597533864 77.25194970290474 5
    endloop
  endfacet
  facet normal 0.9807852804032322 -0.19509032201611928 0
    outer loop
      vertex 63.374334584121435 78.00842142333985 2
      vertex 63.374334584121435 78.00842142333985 5
      vertex 63.29777747886721 77.62354286469244 5
    endloop
  endfacet
  facet normal 0.9978589232386031 -0.0654031292301486 0
    outer loop
      vertex 63.400000000000006 78.4 2
      vertex 63.400000000000006 78.4 5
      vertex 63.374334584121435 78.00842142333985 5
    endloop
  endfacet
  facet normal 0.9978589232386031 0.0654031292301486 0
    outer loop
      vertex 63.374334584121435 78.79157857666016 2
      vertex 63.374334584121435 78.79157857666016 5
      vertex 63.400000000000006 78.4 5
    endloop
  endfacet
  facet normal 0.9807852804032322 0.19509032201611928 0
    outer loop
      vertex 63.29777747886721 79.17645713530757 2
      vertex 63.29777747886721 79.17645713530757 5
      vertex 63.374334584121435 78.79157857666016 5
    endloop
  endfacet
  facet normal 0.8968727415326916 0.4422886902189947 0
    outer loop
      vertex 62.99807621135332 79.9 2
      vertex 62.99807621135332 79.9 5
      vertex 63.171638597533864 79.54805029709527 5
    endloop
  endfacet
  facet normal 0.7518398074789905 0.6593458151000539 0
    outer loop
      vertex 62.52132034355965 80.52132034355965 2
      vertex 62.52132034355965 80.52132034355965 5
      vertex 62.78006002087371 80.22628428702616 5
    endloop
  endfacet
  facet normal 0.8314696123025411 0.5555702330196085 0
    outer loop
      vertex 62.78006002087371 80.22628428702616 2
      vertex 62.78006002087371 80.22628428702616 5
      vertex 62.99807621135332 79.9 5
    endloop
  endfacet
  facet normal 0.9469301294951021 0.3214394653031718 0
    outer loop
      vertex 63.171638597533864 79.54805029709527 2
      vertex 63.171638597533864 79.54805029709527 5
      vertex 63.29777747886721 79.17645713530757 5
    endloop
  endfacet
  facet normal -0.32143946530313383 0.9469301294951151 0
    outer loop
      vertex 59.25194970290474 81.17163859753387 2
      vertex 59.25194970290474 81.17163859753387 5
      vertex 59.623542864692446 81.2977774788672 2
    endloop
  endfacet
  facet normal -0.19509032201615756 0.9807852804032244 0
    outer loop
      vertex 59.623542864692446 81.2977774788672 2
      vertex 59.623542864692446 81.2977774788672 5
      vertex 60.008421423339854 81.37433458412144 2
    endloop
  endfacet
  facet normal -0.06540312923013057 0.9978589232386043 0
    outer loop
      vertex 60.008421423339854 81.37433458412144 2
      vertex 60.008421423339854 81.37433458412144 5
      vertex 60.400000000000006 81.4 2
    endloop
  endfacet
  facet normal 0.06540312923013057 0.9978589232386043 0
    outer loop
      vertex 60.400000000000006 81.4 2
      vertex 60.400000000000006 81.4 5
      vertex 60.79157857666016 81.37433458412144 2
    endloop
  endfacet
  facet normal 0.19509032201615756 0.9807852804032244 0
    outer loop
      vertex 60.79157857666016 81.37433458412144 2
      vertex 60.79157857666016 81.37433458412144 5
      vertex 61.176457135307565 81.2977774788672 2
    endloop
  endfacet
  facet normal 0.32143946530313383 0.9469301294951151 0
    outer loop
      vertex 61.176457135307565 81.2977774788672 2
      vertex 61.176457135307565 81.2977774788672 5
      vertex 61.54805029709527 81.17163859753387 2
    endloop
  endfacet
  facet normal 0.4422886902190092 0.8968727415326844 0
    outer loop
      vertex 61.54805029709527 81.17163859753387 2
      vertex 61.54805029709527 81.17163859753387 5
      vertex 61.900000000000006 80.99807621135332 2
    endloop
  endfacet
  facet normal -0.32143946530313383 0.9469301294951151 0
    outer loop
      vertex 59.623542864692446 81.2977774788672 2
      vertex 59.25194970290474 81.17163859753387 5
      vertex 59.623542864692446 81.2977774788672 5
    endloop
  endfacet
  facet normal -0.19509032201615756 0.9807852804032244 0
    outer loop
      vertex 60.008421423339854 81.37433458412144 2
      vertex 59.623542864692446 81.2977774788672 5
      vertex 60.008421423339854 81.37433458412144 5
    endloop
  endfacet
  facet normal -0.06540312923013057 0.9978589232386043 0
    outer loop
      vertex 60.400000000000006 81.4 2
      vertex 60.008421423339854 81.37433458412144 5
      vertex 60.400000000000006 81.4 5
    endloop
  endfacet
  facet normal 0.06540312923013057 0.9978589232386043 0
    outer loop
      vertex 60.79157857666016 81.37433458412144 2
      vertex 60.400000000000006 81.4 5
      vertex 60.79157857666016 81.37433458412144 5
    endloop
  endfacet
  facet normal 0.19509032201615756 0.9807852804032244 0
    outer loop
      vertex 61.176457135307565 81.2977774788672 2
      vertex 60.79157857666016 81.37433458412144 5
      vertex 61.176457135307565 81.2977774788672 5
    endloop
  endfacet
  facet normal 0.32143946530313383 0.9469301294951151 0
    outer loop
      vertex 61.54805029709527 81.17163859753387 2
      vertex 61.176457135307565 81.2977774788672 5
      vertex 61.54805029709527 81.17163859753387 5
    endloop
  endfacet
  facet normal 0.4422886902190092 0.8968727415326844 0
    outer loop
      vertex 61.900000000000006 80.99807621135332 2
      vertex 61.54805029709527 81.17163859753387 5
      vertex 61.900000000000006 80.99807621135332 5
    endloop
  endfacet
  facet normal 0 0 1
    outer loop
      vertex 57.425665415878576 78.00842142333985 5
      vertex 57.425665415878576 78.79157857666016 5
      vertex 57.400000000000006 78.4 5
    endloop
  endfacet
  facet normal 0 0 1
    outer loop
      vertex 57.425665415878576 78.00842142333985 5
      vertex 57.5022225211328 77.62354286469244 5
      vertex 57.425665415878576 78.79157857666016 5
    endloop
  endfacet
  facet normal 0 0 1
    outer loop
      vertex 57.62836140246615 77.25194970290474 5
      vertex 57.5022225211328 79.17645713530757 5
      vertex 57.5022225211328 77.62354286469244 5
    endloop
  endfacet
  facet normal 0 0 1
    outer loop
      vertex 57.62836140246615 77.25194970290474 5
      vertex 57.80192378864669 76.9 5
      vertex 57.62836140246615 79.54805029709527 5
    endloop
  endfacet
  facet normal 0 0 1
    outer loop
      vertex 57.80192378864669 76.9 5
      vertex 58.0199399791263 76.57371571297385 5
      vertex 57.80192378864669 79.9 5
    endloop
  endfacet
  facet normal 0 0 1
    outer loop
      vertex 57.425665415878576 78.79157857666016 5
      vertex 57.5022225211328 77.62354286469244 5
      vertex 57.5022225211328 79.17645713530757 5
    endloop
  endfacet
  facet normal 0 0 1
    outer loop
      vertex 57.62836140246615 77.25194970290474 5
      vertex 57.62836140246615 79.54805029709527 5
      vertex 57.5022225211328 79.17645713530757 5
    endloop
  endfacet
  facet normal 0 0 1
    outer loop
      vertex 57.80192378864669 76.9 5
      vertex 57.80192378864669 79.9 5
      vertex 57.62836140246615 79.54805029709527 5
    endloop
  endfacet
  facet normal 0 0 1
    outer loop
      vertex 58.0199399791263 76.57371571297385 5
      vertex 58.0199399791263 80.22628428702616 5
      vertex 57.80192378864669 79.9 5
    endloop
  endfacet
  facet normal 0 0 1
    outer loop
      vertex 58.27867965644036 76.27867965644036 5
      vertex 58.0199399791263 80.22628428702616 5
      vertex 58.0199399791263 76.57371571297385 5
    endloop
  endfacet
  facet normal 0 0 1
    outer loop
      vertex 58.27867965644036 76.27867965644036 5
      vertex 58.57371571297384 76.0199399791263 5
      vertex 58.27867965644036 80.52132034355965 5
    endloop
  endfacet
  facet normal 0 0 1
    outer loop
      vertex 58.27867965644036 76.27867965644036 5
      vertex 58.27867965644036 80.52132034355965 5
      vertex 58.0199399791263 80.22628428702616 5
    endloop
  endfacet
  facet normal 0 0 1
    outer loop
      vertex 58.57371571297384 76.0199399791263 5
      vertex 58.57371571297384 80.7800600208737 5
      vertex 58.27867965644036 80.52132034355965 5
    endloop
  endfacet
  facet normal 0 0 1
    outer loop
      vertex 58.57371571297384 76.0199399791263 5
      vertex 58.900000000000006 75.80192378864669 5
      vertex 58.57371571297384 80.7800600208737 5
    endloop
  endfacet
  facet normal 0 0 1
    outer loop
      vertex 58.900000000000006 75.80192378864669 5
      vertex 59.25194970290474 75.62836140246614 5
      vertex 58.900000000000006 80.99807621135332 5
    endloop
  endfacet
  facet normal 0 0 1
    outer loop
      vertex 58.900000000000006 80.99807621135332 5
      vertex 59.25194970290474 75.62836140246614 5
      vertex 59.150000000000006 78.4 5
    endloop
  endfacet
  facet normal 0 0 1
    outer loop
      vertex 58.900000000000006 75.80192378864669 5
      vertex 58.900000000000006 80.99807621135332 5
      vertex 58.57371571297384 80.7800600208737 5
    endloop
  endfacet
  facet normal 0 0 1
    outer loop
      vertex 58.900000000000006 80.99807621135332 5
      vertex 59.150000000000006 78.4 5
      vertex 59.16069392328274 78.56315774027507 5
    endloop
  endfacet
  facet normal 0 0 1
    outer loop
      vertex 58.900000000000006 80.99807621135332 5
      vertex 59.16069392328274 78.56315774027507 5
      vertex 59.19259271713867 78.72352380637815 5
    endloop
  endfacet
  facet normal 0 0 1
    outer loop
      vertex 58.900000000000006 80.99807621135332 5
      vertex 59.19259271713867 78.72352380637815 5
      vertex 59.2451505843609 78.87835429045637 5
    endloop
  endfacet
  facet normal 0 0 1
    outer loop
      vertex 59.25194970290474 75.62836140246614 5
      vertex 59.623542864692446 75.50222252113281 5
      vertex 59.40830832463596 77.6390482137391 5
    endloop
  endfacet
  facet normal 0 0 1
    outer loop
      vertex 59.25194970290474 75.62836140246614 5
      vertex 59.31746824526946 77.775 5
      vertex 59.2451505843609 77.92164570954364 5
    endloop
  endfacet
  facet normal 0 0 1
    outer loop
      vertex 59.25194970290474 75.62836140246614 5
      vertex 59.2451505843609 77.92164570954364 5
      vertex 59.19259271713867 78.07647619362186 5
    endloop
  endfacet
  facet normal 0 0 1
    outer loop
      vertex 59.25194970290474 75.62836140246614 5
      vertex 59.40830832463596 77.6390482137391 5
      vertex 59.31746824526946 77.775 5
    endloop
  endfacet
  facet normal 0 0 1
    outer loop
      vertex 59.623542864692446 75.50222252113281 5
      vertex 59.6390482137391 77.40830832463597 5
      vertex 59.51611652351682 77.51611652351681 5
    endloop
  endfacet
  facet normal 0 0 1
    outer loop
      vertex 59.623542864692446 75.50222252113281 5
      vertex 59.775000000000006 77.31746824526945 5
      vertex 59.6390482137391 77.40830832463597 5
    endloop
  endfacet
  facet normal 0 0 1
    outer loop
      vertex 59.623542864692446 75.50222252113281 5
      vertex 59.51611652351682 77.51611652351681 5
      vertex 59.40830832463596 77.6390482137391 5
    endloop
  endfacet
  facet normal 0 0 1
    outer loop
      vertex 60.008421423339854 75.42566541587857 5
      vertex 59.775000000000006 77.31746824526945 5
      vertex 59.623542864692446 75.50222252113281 5
    endloop
  endfacet
  facet normal 0 0 1
    outer loop
      vertex 60.008421423339854 75.42566541587857 5
      vertex 60.400000000000006 75.4 5
      vertex 60.23684225972494 77.16069392328274 5
    endloop
  endfacet
  facet normal 0 0 1
    outer loop
      vertex 60.008421423339854 75.42566541587857 5
      vertex 59.92164570954365 77.2451505843609 5
      vertex 59.775000000000006 77.31746824526945 5
    endloop
  endfacet
  facet normal 0 0 1
    outer loop
      vertex 60.008421423339854 75.42566541587857 5
      vertex 60.07647619362186 77.19259271713867 5
      vertex 59.92164570954365 77.2451505843609 5
    endloop
  endfacet
  facet normal 0 0 1
    outer loop
      vertex 60.008421423339854 75.42566541587857 5
      vertex 60.23684225972494 77.16069392328274 5
      vertex 60.07647619362186 77.19259271713867 5
    endloop
  endfacet
  facet normal 0 0 1
    outer loop
      vertex 60.400000000000006 75.4 5
      vertex 60.79157857666016 75.42566541587857 5
      vertex 60.563157740275074 77.16069392328274 5
    endloop
  endfacet
  facet normal 0 0 1
    outer loop
      vertex 60.400000000000006 75.4 5
      vertex 60.400000000000006 77.15 5
      vertex 60.23684225972494 77.16069392328274 5
    endloop
  endfacet
  facet normal 0 0 1
    outer loop
      vertex 60.400000000000006 75.4 5
      vertex 60.563157740275074 77.16069392328274 5
      vertex 60.400000000000006 77.15 5
    endloop
  endfacet
  facet normal 0 0 1
    outer loop
      vertex 60.79157857666016 75.42566541587857 5
      vertex 60.723523806378154 77.19259271713867 5
      vertex 60.563157740275074 77.16069392328274 5
    endloop
  endfacet
  facet normal 0 0 1
    outer loop
      vertex 60.79157857666016 75.42566541587857 5
      vertex 61.176457135307565 75.50222252113281 5
      vertex 60.723523806378154 77.19259271713867 5
    endloop
  endfacet
  facet normal 0 0 1
    outer loop
      vertex 61.176457135307565 75.50222252113281 5
      vertex 61.54805029709527 75.62836140246614 5
      vertex 61.16095178626091 77.40830832463597 5
    endloop
  endfacet
  facet normal 0 0 1
    outer loop
      vertex 61.176457135307565 75.50222252113281 5
      vertex 60.878354290456365 77.2451505843609 5
      vertex 60.723523806378154 77.19259271713867 5
    endloop
  endfacet
  facet normal 0 0 1
    outer loop
      vertex 61.176457135307565 75.50222252113281 5
      vertex 61.025000000000006 77.31746824526945 5
      vertex 60.878354290456365 77.2451505843609 5
    endloop
  endfacet
  facet normal 0 0 1
    outer loop
      vertex 61.176457135307565 75.50222252113281 5
      vertex 61.16095178626091 77.40830832463597 5
      vertex 61.025000000000006 77.31746824526945 5
    endloop
  endfacet
  facet normal 0 0 1
    outer loop
      vertex 61.54805029709527 75.62836140246614 5
      vertex 61.28388347648319 77.51611652351681 5
      vertex 61.16095178626091 77.40830832463597 5
    endloop
  endfacet
  facet normal 0 0 1
    outer loop
      vertex 61.54805029709527 75.62836140246614 5
      vertex 61.39169167536405 77.6390482137391 5
      vertex 61.28388347648319 77.51611652351681 5
    endloop
  endfacet
  facet normal 0 0 1
    outer loop
      vertex 59.25194970290474 75.62836140246614 5
      vertex 59.19259271713867 78.07647619362186 5
      vertex 59.16069392328274 78.23684225972494 5
    endloop
  endfacet
  facet normal 0 0 1
    outer loop
      vertex 59.25194970290474 75.62836140246614 5
      vertex 59.16069392328274 78.23684225972494 5
      vertex 59.150000000000006 78.4 5
    endloop
  endfacet
  facet normal 0 0 1
    outer loop
      vertex 58.900000000000006 80.99807621135332 5
      vertex 59.2451505843609 78.87835429045637 5
      vertex 59.31746824526946 79.025 5
    endloop
  endfacet
  facet normal 0 0 1
    outer loop
      vertex 59.25194970290474 81.17163859753387 5
      vertex 59.31746824526946 79.025 5
      vertex 59.40830832463596 79.16095178626091 5
    endloop
  endfacet
  facet normal 0 0 1
    outer loop
      vertex 59.25194970290474 81.17163859753387 5
      vertex 59.40830832463596 79.16095178626091 5
      vertex 59.51611652351682 79.2838834764832 5
    endloop
  endfacet
  facet normal 0 0 1
    outer loop
      vertex 59.25194970290474 81.17163859753387 5
      vertex 59.51611652351682 79.2838834764832 5
      vertex 59.6390482137391 79.39169167536404 5
    endloop
  endfacet
  facet normal 0 0 1
    outer loop
      vertex 59.623542864692446 81.2977774788672 5
      vertex 59.6390482137391 79.39169167536404 5
      vertex 59.775000000000006 79.48253175473056 5
    endloop
  endfacet
  facet normal 0 0 1
    outer loop
      vertex 58.900000000000006 80.99807621135332 5
      vertex 59.31746824526946 79.025 5
      vertex 59.25194970290474 81.17163859753387 5
    endloop
  endfacet
  facet normal 0 0 1
    outer loop
      vertex 59.25194970290474 81.17163859753387 5
      vertex 59.6390482137391 79.39169167536404 5
      vertex 59.623542864692446 81.2977774788672 5
    endloop
  endfacet
  facet normal 0 0 1
    outer loop
      vertex 59.623542864692446 81.2977774788672 5
      vertex 59.775000000000006 79.48253175473056 5
      vertex 59.92164570954365 79.55484941563911 5
    endloop
  endfacet
  facet normal 0 0 1
    outer loop
      vertex 59.623542864692446 81.2977774788672 5
      vertex 59.92164570954365 79.55484941563911 5
      vertex 60.07647619362186 79.60740728286135 5
    endloop
  endfacet
  facet normal 0 0 1
    outer loop
      vertex 59.623542864692446 81.2977774788672 5
      vertex 60.07647619362186 79.60740728286135 5
      vertex 60.008421423339854 81.37433458412144 5
    endloop
  endfacet
  facet normal 0 0 1
    outer loop
      vertex 60.008421423339854 81.37433458412144 5
      vertex 60.07647619362186 79.60740728286135 5
      vertex 60.23684225972494 79.63930607671728 5
    endloop
  endfacet
  facet normal 0 0 1
    outer loop
      vertex 60.008421423339854 81.37433458412144 5
      vertex 60.23684225972494 79.63930607671728 5
      vertex 60.400000000000006 81.4 5
    endloop
  endfacet
  facet normal 0 0 1
    outer loop
      vertex 60.400000000000006 81.4 5
      vertex 60.23684225972494 79.63930607671728 5
      vertex 60.400000000000006 79.65 5
    endloop
  endfacet
  facet normal 0 0 1
    outer loop
      vertex 60.400000000000006 81.4 5
      vertex 60.400000000000006 79.65 5
      vertex 60.563157740275074 79.63930607671728 5
    endloop
  endfacet
  facet normal 0 0 1
    outer loop
      vertex 60.79157857666016 81.37433458412144 5
      vertex 60.563157740275074 79.63930607671728 5
      vertex 60.723523806378154 79.60740728286135 5
    endloop
  endfacet
  facet normal 0 0 1
    outer loop
      vertex 60.79157857666016 81.37433458412144 5
      vertex 60.723523806378154 79.60740728286135 5
      vertex 60.878354290456365 79.55484941563911 5
    endloop
  endfacet
  facet normal 0 0 1
    outer loop
      vertex 60.400000000000006 81.4 5
      vertex 60.563157740275074 79.63930607671728 5
      vertex 60.79157857666016 81.37433458412144 5
    endloop
  endfacet
  facet normal 0 0 1
    outer loop
      vertex 61.176457135307565 81.2977774788672 5
      vertex 61.025000000000006 79.48253175473056 5
      vertex 61.16095178626091 79.39169167536404 5
    endloop
  endfacet
  facet normal 0 0 1
    outer loop
      vertex 61.176457135307565 81.2977774788672 5
      vertex 61.16095178626091 79.39169167536404 5
      vertex 61.28388347648319 79.2838834764832 5
    endloop
  endfacet
  facet normal 0 0 1
    outer loop
      vertex 61.176457135307565 81.2977774788672 5
      vertex 61.28388347648319 79.2838834764832 5
      vertex 61.39169167536405 79.16095178626091 5
    endloop
  endfacet
  facet normal 0 0 1
    outer loop
      vertex 60.79157857666016 81.37433458412144 5
      vertex 60.878354290456365 79.55484941563911 5
      vertex 61.025000000000006 79.48253175473056 5
    endloop
  endfacet
  facet normal 0 0 1
    outer loop
      vertex 60.79157857666016 81.37433458412144 5
      vertex 61.025000000000006 79.48253175473056 5
      vertex 61.176457135307565 81.2977774788672 5
    endloop
  endfacet
  facet normal 0 0 1
    outer loop
      vertex 61.176457135307565 81.2977774788672 5
      vertex 61.39169167536405 79.16095178626091 5
      vertex 61.54805029709527 81.17163859753387 5
    endloop
  endfacet
  facet normal 0 0 1
    outer loop
      vertex 61.54805029709527 75.62836140246614 5
      vertex 61.900000000000006 75.80192378864669 5
      vertex 61.48253175473055 77.775 5
    endloop
  endfacet
  facet normal 0 0 1
    outer loop
      vertex 61.54805029709527 75.62836140246614 5
      vertex 61.48253175473055 77.775 5
      vertex 61.39169167536405 77.6390482137391 5
    endloop
  endfacet
  facet normal 0 0 1
    outer loop
      vertex 61.900000000000006 75.80192378864669 5
      vertex 61.55484941563911 77.92164570954364 5
      vertex 61.48253175473055 77.775 5
    endloop
  endfacet
  facet normal 0 0 1
    outer loop
      vertex 61.900000000000006 75.80192378864669 5
      vertex 61.60740728286134 78.07647619362186 5
      vertex 61.55484941563911 77.92164570954364 5
    endloop
  endfacet
  facet normal 0 0 1
    outer loop
      vertex 61.900000000000006 75.80192378864669 5
      vertex 61.63930607671727 78.23684225972494 5
      vertex 61.60740728286134 78.07647619362186 5
    endloop
  endfacet
  facet normal 0 0 1
    outer loop
      vertex 61.900000000000006 75.80192378864669 5
      vertex 61.650000000000006 78.4 5
      vertex 61.63930607671727 78.23684225972494 5
    endloop
  endfacet
  facet normal 0 0 1
    outer loop
      vertex 61.900000000000006 75.80192378864669 5
      vertex 61.54805029709527 81.17163859753387 5
      vertex 61.650000000000006 78.4 5
    endloop
  endfacet
  facet normal 0 0 1
    outer loop
      vertex 61.900000000000006 75.80192378864669 5
      vertex 62.22628428702617 76.0199399791263 5
      vertex 61.900000000000006 80.99807621135332 5
    endloop
  endfacet
  facet normal 0 0 1
    outer loop
      vertex 62.22628428702617 76.0199399791263 5
      vertex 62.52132034355965 76.27867965644036 5
      vertex 62.22628428702617 80.7800600208737 5
    endloop
  endfacet
  facet normal 0 0 1
    outer loop
      vertex 61.54805029709527 81.17163859753387 5
      vertex 61.60740728286134 78.72352380637815 5
      vertex 61.63930607671727 78.56315774027507 5
    endloop
  endfacet
  facet normal 0 0 1
    outer loop
      vertex 61.54805029709527 81.17163859753387 5
      vertex 61.63930607671727 78.56315774027507 5
      vertex 61.650000000000006 78.4 5
    endloop
  endfacet
  facet normal 0 0 1
    outer loop
      vertex 61.54805029709527 81.17163859753387 5
      vertex 61.55484941563911 78.87835429045637 5
      vertex 61.60740728286134 78.72352380637815 5
    endloop
  endfacet
  facet normal 0 0 1
    outer loop
      vertex 61.54805029709527 81.17163859753387 5
      vertex 61.39169167536405 79.16095178626091 5
      vertex 61.48253175473055 79.025 5
    endloop
  endfacet
  facet normal 0 0 1
    outer loop
      vertex 61.54805029709527 81.17163859753387 5
      vertex 61.48253175473055 79.025 5
      vertex 61.55484941563911 78.87835429045637 5
    endloop
  endfacet
  facet normal 0 0 1
    outer loop
      vertex 61.900000000000006 75.80192378864669 5
      vertex 61.900000000000006 80.99807621135332 5
      vertex 61.54805029709527 81.17163859753387 5
    endloop
  endfacet
  facet normal 0 0 1
    outer loop
      vertex 62.22628428702617 76.0199399791263 5
      vertex 62.22628428702617 80.7800600208737 5
      vertex 61.900000000000006 80.99807621135332 5
    endloop
  endfacet
  facet normal 0 0 1
    outer loop
      vertex 62.52132034355965 76.27867965644036 5
      vertex 62.52132034355965 80.52132034355965 5
      vertex 62.22628428702617 80.7800600208737 5
    endloop
  endfacet
  facet normal 0 0 1
    outer loop
      vertex 62.52132034355965 76.27867965644036 5
      vertex 62.78006002087371 76.57371571297385 5
      vertex 62.52132034355965 80.52132034355965 5
    endloop
  endfacet
  facet normal 0 0 1
    outer loop
      vertex 62.78006002087371 76.57371571297385 5
      vertex 62.99807621135332 76.9 5
      vertex 62.78006002087371 80.22628428702616 5
    endloop
  endfacet
  facet normal 0 0 1
    outer loop
      vertex 62.99807621135332 76.9 5
      vertex 63.171638597533864 77.25194970290474 5
      vertex 62.99807621135332 79.9 5
    endloop
  endfacet
  facet normal 0 0 1
    outer loop
      vertex 62.78006002087371 76.57371571297385 5
      vertex 62.78006002087371 80.22628428702616 5
      vertex 62.52132034355965 80.52132034355965 5
    endloop
  endfacet
  facet normal 0 0 1
    outer loop
      vertex 62.99807621135332 76.9 5
      vertex 62.99807621135332 79.9 5
      vertex 62.78006002087371 80.22628428702616 5
    endloop
  endfacet
  facet normal 0 0 1
    outer loop
      vertex 63.171638597533864 77.25194970290474 5
      vertex 63.171638597533864 79.54805029709527 5
      vertex 62.99807621135332 79.9 5
    endloop
  endfacet
  facet normal 0 0 1
    outer loop
      vertex 63.171638597533864 77.25194970290474 5
      vertex 63.29777747886721 77.62354286469244 5
      vertex 63.171638597533864 79.54805029709527 5
    endloop
  endfacet
  facet normal 0 0 1
    outer loop
      vertex 63.29777747886721 77.62354286469244 5
      vertex 63.374334584121435 78.00842142333985 5
      vertex 63.29777747886721 79.17645713530757 5
    endloop
  endfacet
  facet normal 0 0 1
    outer loop
      vertex 63.374334584121435 78.00842142333985 5
      vertex 63.400000000000006 78.4 5
      vertex 63.374334584121435 78.79157857666016 5
    endloop
  endfacet
  facet normal 0 0 1
    outer loop
      vertex 63.374334584121435 78.00842142333985 5
      vertex 63.374334584121435 78.79157857666016 5
      vertex 63.29777747886721 79.17645713530757 5
    endloop
  endfacet
  facet normal 0 0 1
    outer loop
      vertex 63.29777747886721 77.62354286469244 5
      vertex 63.29777747886721 79.17645713530757 5
      vertex 63.171638597533864 79.54805029709527 5
    endloop
  endfacet
  facet normal -0.7518398074789905 -0.6593458151000539 0
    outer loop
      vertex 10.019939979126296 108.57371571297385 2
      vertex 10.278679656440357 108.27867965644036 2
      vertex 10.019939979126296 108.57371571297385 5
    endloop
  endfacet
  facet normal -0.9469301294951036 -0.3214394653031678 -2.590725356868101e-18
    outer loop
      vertex 9.62836140246614 109.25194970290474 2
      vertex 9.502222521132795 109.62354286469244 5
      vertex 9.502222521132795 109.62354286469244 2
    endloop
  endfacet
  facet normal -0.9807852804032314 -0.19509032201612367 6.422820844777669e-19
    outer loop
      vertex 9.502222521132795 109.62354286469244 2
      vertex 9.42566541587857 110.00842142333985 5
      vertex 9.42566541587857 110.00842142333985 2
    endloop
  endfacet
  facet normal -0.9978589232386035 -0.0654031292301441 4.1872920994948293e-19
    outer loop
      vertex 9.42566541587857 110.00842142333985 2
      vertex 9.4 110.4 5
      vertex 9.4 110.4 2
    endloop
  endfacet
  facet normal -0.8314696123025389 -0.5555702330196115 -4.457082030266546e-18
    outer loop
      vertex 10.019939979126296 108.57371571297385 2
      vertex 9.801923788646684 108.9 5
      vertex 9.801923788646684 108.9 2
    endloop
  endfacet
  facet normal -0.8968727415326898 -0.4422886902189983 0
    outer loop
      vertex 9.62836140246614 109.25194970290474 2
      vertex 9.801923788646684 108.9 2
      vertex 9.62836140246614 109.25194970290474 5
    endloop
  endfacet
  facet normal -0.659345815100055 -0.7518398074789897 2.1735511289995185e-18
    outer loop
      vertex 10.278679656440357 108.27867965644036 2
      vertex 10.573715712973838 108.0199399791263 2
      vertex 10.573715712973838 108.0199399791263 5
    endloop
  endfacet
  facet normal -0.5555702330196126 -0.8314696123025384 -3.484029985834894e-18
    outer loop
      vertex 10.573715712973838 108.0199399791263 2
      vertex 10.9 107.80192378864669 2
      vertex 10.9 107.80192378864669 5
    endloop
  endfacet
  facet normal -0.44228869021901096 -0.8968727415326834 0
    outer loop
      vertex 11.251949702904732 107.62836140246614 2
      vertex 11.251949702904732 107.62836140246614 5
      vertex 10.9 107.80192378864669 2
    endloop
  endfacet
  facet normal -0.32143946530313383 -0.9469301294951151 1.7045075690523177e-18
    outer loop
      vertex 11.251949702904732 107.62836140246614 2
      vertex 11.623542864692439 107.50222252113281 2
      vertex 11.623542864692439 107.50222252113281 5
    endloop
  endfacet
  facet normal -0.19509032201615845 -0.9807852804032244 -5.912540064254205e-19
    outer loop
      vertex 11.623542864692439 107.50222252113281 2
      vertex 12.008421423339845 107.42566541587857 2
      vertex 12.008421423339845 107.42566541587857 5
    endloop
  endfacet
  facet normal -0.06540312923012997 -0.9978589232386043 -5.145819561539496e-19
    outer loop
      vertex 12.008421423339845 107.42566541587857 2
      vertex 12.4 107.4 2
      vertex 12.4 107.4 5
    endloop
  endfacet
  facet normal 0.06540312923012997 -0.9978589232386043 5.145819561539496e-19
    outer loop
      vertex 12.4 107.4 2
      vertex 12.791578576660156 107.42566541587857 2
      vertex 12.791578576660156 107.42566541587857 5
    endloop
  endfacet
  facet normal 0.19509032201615845 -0.9807852804032244 5.912540064254205e-19
    outer loop
      vertex 12.791578576660156 107.42566541587857 2
      vertex 13.176457135307562 107.50222252113281 2
      vertex 13.176457135307562 107.50222252113281 5
    endloop
  endfacet
  facet normal 0.32143946530313383 -0.9469301294951151 -1.7045075690523177e-18
    outer loop
      vertex 13.176457135307562 107.50222252113281 2
      vertex 13.54805029709527 107.62836140246614 2
      vertex 13.54805029709527 107.62836140246614 5
    endloop
  endfacet
  facet normal -0.7518398074789905 -0.6593458151000539 0
    outer loop
      vertex 10.278679656440357 108.27867965644036 2
      vertex 10.278679656440357 108.27867965644036 5
      vertex 10.019939979126296 108.57371571297385 5
    endloop
  endfacet
  facet normal -0.9469301294951036 -0.3214394653031678 0
    outer loop
      vertex 9.62836140246614 109.25194970290474 2
      vertex 9.62836140246614 109.25194970290474 5
      vertex 9.502222521132795 109.62354286469244 5
    endloop
  endfacet
  facet normal -0.9807852804032314 -0.19509032201612367 0
    outer loop
      vertex 9.502222521132795 109.62354286469244 2
      vertex 9.502222521132795 109.62354286469244 5
      vertex 9.42566541587857 110.00842142333985 5
    endloop
  endfacet
  facet normal -0.9978589232386035 -0.0654031292301441 0
    outer loop
      vertex 9.42566541587857 110.00842142333985 2
      vertex 9.42566541587857 110.00842142333985 5
      vertex 9.4 110.4 5
    endloop
  endfacet
  facet normal -0.8968727415326898 -0.4422886902189983 0
    outer loop
      vertex 9.801923788646684 108.9 2
      vertex 9.801923788646684 108.9 5
      vertex 9.62836140246614 109.25194970290474 5
    endloop
  endfacet
  facet normal -0.8314696123025389 -0.5555702330196115 0
    outer loop
      vertex 10.019939979126296 108.57371571297385 2
      vertex 10.019939979126296 108.57371571297385 5
      vertex 9.801923788646684 108.9 5
    endloop
  endfacet
  facet normal -0.659345815100055 -0.7518398074789897 0
    outer loop
      vertex 10.278679656440357 108.27867965644036 2
      vertex 10.573715712973838 108.0199399791263 5
      vertex 10.278679656440357 108.27867965644036 5
    endloop
  endfacet
  facet normal -0.5555702330196126 -0.8314696123025384 0
    outer loop
      vertex 10.573715712973838 108.0199399791263 2
      vertex 10.9 107.80192378864669 5
      vertex 10.573715712973838 108.0199399791263 5
    endloop
  endfacet
  facet normal -0.44228869021901096 -0.8968727415326834 0
    outer loop
      vertex 10.9 107.80192378864669 2
      vertex 11.251949702904732 107.62836140246614 5
      vertex 10.9 107.80192378864669 5
    endloop
  endfacet
  facet normal -0.32143946530313383 -0.9469301294951151 0
    outer loop
      vertex 11.251949702904732 107.62836140246614 2
      vertex 11.623542864692439 107.50222252113281 5
      vertex 11.251949702904732 107.62836140246614 5
    endloop
  endfacet
  facet normal -0.19509032201615845 -0.9807852804032244 0
    outer loop
      vertex 11.623542864692439 107.50222252113281 2
      vertex 12.008421423339845 107.42566541587857 5
      vertex 11.623542864692439 107.50222252113281 5
    endloop
  endfacet
  facet normal -0.06540312923012997 -0.9978589232386043 0
    outer loop
      vertex 12.008421423339845 107.42566541587857 2
      vertex 12.4 107.4 5
      vertex 12.008421423339845 107.42566541587857 5
    endloop
  endfacet
  facet normal 0.06540312923012997 -0.9978589232386043 0
    outer loop
      vertex 12.4 107.4 2
      vertex 12.791578576660156 107.42566541587857 5
      vertex 12.4 107.4 5
    endloop
  endfacet
  facet normal 0.19509032201615845 -0.9807852804032244 0
    outer loop
      vertex 12.791578576660156 107.42566541587857 2
      vertex 13.176457135307562 107.50222252113281 5
      vertex 12.791578576660156 107.42566541587857 5
    endloop
  endfacet
  facet normal 0.32143946530313383 -0.9469301294951151 0
    outer loop
      vertex 13.176457135307562 107.50222252113281 2
      vertex 13.54805029709527 107.62836140246614 5
      vertex 13.176457135307562 107.50222252113281 5
    endloop
  endfacet
  facet normal -0.9978589232386035 0.0654031292301441 -4.1872920994948293e-19
    outer loop
      vertex 9.4 110.4 2
      vertex 9.42566541587857 110.79157857666016 5
      vertex 9.42566541587857 110.79157857666016 2
    endloop
  endfacet
  facet normal -0.9807852804032314 0.19509032201612367 -6.422820844777669e-19
    outer loop
      vertex 9.42566541587857 110.79157857666016 2
      vertex 9.502222521132795 111.17645713530757 5
      vertex 9.502222521132795 111.17645713530757 2
    endloop
  endfacet
  facet normal -0.9469301294951036 0.3214394653031678 2.590725356868101e-18
    outer loop
      vertex 9.502222521132795 111.17645713530757 2
      vertex 9.62836140246614 111.54805029709527 5
      vertex 9.62836140246614 111.54805029709527 2
    endloop
  endfacet
  facet normal -0.8968727415326898 0.4422886902189983 -1.4463946186926264e-18
    outer loop
      vertex 9.62836140246614 111.54805029709527 2
      vertex 9.801923788646684 111.9 5
      vertex 9.801923788646684 111.9 2
    endloop
  endfacet
  facet normal -0.8314696123025389 0.5555702330196115 4.457082030266546e-18
    outer loop
      vertex 9.801923788646684 111.9 2
      vertex 10.019939979126296 112.22628428702616 5
      vertex 10.019939979126296 112.22628428702616 2
    endloop
  endfacet
  facet normal -0.7518398074789905 0.6593458151000539 5.510669551487089e-18
    outer loop
      vertex 10.019939979126296 112.22628428702616 2
      vertex 10.278679656440357 112.52132034355965 5
      vertex 10.278679656440357 112.52132034355965 2
    endloop
  endfacet
  facet normal -0.659345815100055 0.7518398074789897 0
    outer loop
      vertex 10.278679656440357 112.52132034355965 2
      vertex 10.278679656440357 112.52132034355965 5
      vertex 10.573715712973838 112.7800600208737 2
    endloop
  endfacet
  facet normal -0.5555702330196126 0.8314696123025384 0
    outer loop
      vertex 10.573715712973838 112.7800600208737 2
      vertex 10.573715712973838 112.7800600208737 5
      vertex 10.9 112.99807621135332 2
    endloop
  endfacet
  facet normal -0.44228869021901096 0.8968727415326834 0
    outer loop
      vertex 10.9 112.99807621135332 2
      vertex 10.9 112.99807621135332 5
      vertex 11.251949702904732 113.17163859753387 2
    endloop
  endfacet
  facet normal -0.32143946530313383 0.9469301294951151 0
    outer loop
      vertex 11.251949702904732 113.17163859753387 2
      vertex 11.251949702904732 113.17163859753387 5
      vertex 11.623542864692439 113.2977774788672 2
    endloop
  endfacet
  facet normal -0.19509032201615845 0.9807852804032244 0
    outer loop
      vertex 11.623542864692439 113.2977774788672 2
      vertex 11.623542864692439 113.2977774788672 5
      vertex 12.008421423339845 113.37433458412144 2
    endloop
  endfacet
  facet normal -0.06540312923012997 0.9978589232386043 0
    outer loop
      vertex 12.008421423339845 113.37433458412144 2
      vertex 12.008421423339845 113.37433458412144 5
      vertex 12.4 113.4 2
    endloop
  endfacet
  facet normal 0.06540312923012997 0.9978589232386043 0
    outer loop
      vertex 12.4 113.4 2
      vertex 12.4 113.4 5
      vertex 12.791578576660156 113.37433458412144 2
    endloop
  endfacet
  facet normal 0.19509032201615845 0.9807852804032244 0
    outer loop
      vertex 12.791578576660156 113.37433458412144 2
      vertex 12.791578576660156 113.37433458412144 5
      vertex 13.176457135307562 113.2977774788672 2
    endloop
  endfacet
  facet normal 0.32143946530313383 0.9469301294951151 1.7045075690523177e-18
    outer loop
      vertex 13.54805029709527 113.17163859753387 2
      vertex 13.176457135307562 113.2977774788672 2
      vertex 13.176457135307562 113.2977774788672 5
    endloop
  endfacet
  facet normal -0.9978589232386035 0.0654031292301441 0
    outer loop
      vertex 9.4 110.4 2
      vertex 9.4 110.4 5
      vertex 9.42566541587857 110.79157857666016 5
    endloop
  endfacet
  facet normal -0.9807852804032314 0.19509032201612367 0
    outer loop
      vertex 9.42566541587857 110.79157857666016 2
      vertex 9.42566541587857 110.79157857666016 5
      vertex 9.502222521132795 111.17645713530757 5
    endloop
  endfacet
  facet normal -0.9469301294951036 0.3214394653031678 0
    outer loop
      vertex 9.502222521132795 111.17645713530757 2
      vertex 9.502222521132795 111.17645713530757 5
      vertex 9.62836140246614 111.54805029709527 5
    endloop
  endfacet
  facet normal -0.8968727415326898 0.4422886902189983 0
    outer loop
      vertex 9.62836140246614 111.54805029709527 2
      vertex 9.62836140246614 111.54805029709527 5
      vertex 9.801923788646684 111.9 5
    endloop
  endfacet
  facet normal -0.8314696123025389 0.5555702330196115 0
    outer loop
      vertex 9.801923788646684 111.9 2
      vertex 9.801923788646684 111.9 5
      vertex 10.019939979126296 112.22628428702616 5
    endloop
  endfacet
  facet normal -0.7518398074789905 0.6593458151000539 0
    outer loop
      vertex 10.019939979126296 112.22628428702616 2
      vertex 10.019939979126296 112.22628428702616 5
      vertex 10.278679656440357 112.52132034355965 5
    endloop
  endfacet
  facet normal -0.659345815100055 0.7518398074789897 0
    outer loop
      vertex 10.573715712973838 112.7800600208737 2
      vertex 10.278679656440357 112.52132034355965 5
      vertex 10.573715712973838 112.7800600208737 5
    endloop
  endfacet
  facet normal -0.5555702330196126 0.8314696123025384 0
    outer loop
      vertex 10.9 112.99807621135332 2
      vertex 10.573715712973838 112.7800600208737 5
      vertex 10.9 112.99807621135332 5
    endloop
  endfacet
  facet normal -0.44228869021901096 0.8968727415326834 0
    outer loop
      vertex 11.251949702904732 113.17163859753387 2
      vertex 10.9 112.99807621135332 5
      vertex 11.251949702904732 113.17163859753387 5
    endloop
  endfacet
  facet normal -0.32143946530313383 0.9469301294951151 0
    outer loop
      vertex 11.623542864692439 113.2977774788672 2
      vertex 11.251949702904732 113.17163859753387 5
      vertex 11.623542864692439 113.2977774788672 5
    endloop
  endfacet
  facet normal -0.19509032201615845 0.9807852804032244 0
    outer loop
      vertex 12.008421423339845 113.37433458412144 2
      vertex 11.623542864692439 113.2977774788672 5
      vertex 12.008421423339845 113.37433458412144 5
    endloop
  endfacet
  facet normal -0.06540312923012997 0.9978589232386043 0
    outer loop
      vertex 12.4 113.4 2
      vertex 12.008421423339845 113.37433458412144 5
      vertex 12.4 113.4 5
    endloop
  endfacet
  facet normal 0.06540312923012997 0.9978589232386043 0
    outer loop
      vertex 12.791578576660156 113.37433458412144 2
      vertex 12.4 113.4 5
      vertex 12.791578576660156 113.37433458412144 5
    endloop
  endfacet
  facet normal 0.19509032201615845 0.9807852804032244 0
    outer loop
      vertex 13.176457135307562 113.2977774788672 2
      vertex 12.791578576660156 113.37433458412144 5
      vertex 13.176457135307562 113.2977774788672 5
    endloop
  endfacet
  facet normal 0.32143946530313383 0.9469301294951151 0
    outer loop
      vertex 13.54805029709527 113.17163859753387 2
      vertex 13.176457135307562 113.2977774788672 5
      vertex 13.54805029709527 113.17163859753387 5
    endloop
  endfacet
  facet normal 0.44228869021901096 -0.8968727415326834 -2.2397379013866607e-18
    outer loop
      vertex 13.54805029709527 107.62836140246614 2
      vertex 13.9 107.80192378864669 2
      vertex 13.9 107.80192378864669 5
    endloop
  endfacet
  facet normal 0.5555702330196126 -0.8314696123025384 3.484029985834894e-18
    outer loop
      vertex 13.9 107.80192378864669 2
      vertex 14.226284287026163 108.0199399791263 2
      vertex 14.226284287026163 108.0199399791263 5
    endloop
  endfacet
  facet normal 0.659345815100055 -0.7518398074789897 -2.1735511289995185e-18
    outer loop
      vertex 14.226284287026163 108.0199399791263 2
      vertex 14.521320343559644 108.27867965644036 2
      vertex 14.521320343559644 108.27867965644036 5
    endloop
  endfacet
  facet normal 0.7518398074789905 -0.6593458151000539 0
    outer loop
      vertex 14.521320343559644 108.27867965644036 2
      vertex 14.780060020873705 108.57371571297385 2
      vertex 14.521320343559644 108.27867965644036 5
    endloop
  endfacet
  facet normal 0.8314696123025389 -0.5555702330196115 0
    outer loop
      vertex 14.780060020873705 108.57371571297385 2
      vertex 14.998076211353316 108.9 2
      vertex 14.780060020873705 108.57371571297385 5
    endloop
  endfacet
  facet normal 0.8968727415326898 -0.4422886902189983 0
    outer loop
      vertex 14.998076211353316 108.9 2
      vertex 15.17163859753386 109.25194970290474 2
      vertex 14.998076211353316 108.9 5
    endloop
  endfacet
  facet normal 0.9469301294951036 -0.3214394653031678 0
    outer loop
      vertex 15.17163859753386 109.25194970290474 2
      vertex 15.297777478867205 109.62354286469244 2
      vertex 15.17163859753386 109.25194970290474 5
    endloop
  endfacet
  facet normal 0.9807852804032314 -0.19509032201612367 0
    outer loop
      vertex 15.297777478867205 109.62354286469244 2
      vertex 15.374334584121431 110.00842142333985 2
      vertex 15.297777478867205 109.62354286469244 5
    endloop
  endfacet
  facet normal 0.9978589232386035 -0.0654031292301441 0
    outer loop
      vertex 15.374334584121431 110.00842142333985 2
      vertex 15.4 110.4 2
      vertex 15.374334584121431 110.00842142333985 5
    endloop
  endfacet
  facet normal 0.44228869021901096 -0.8968727415326834 0
    outer loop
      vertex 13.54805029709527 107.62836140246614 2
      vertex 13.9 107.80192378864669 5
      vertex 13.54805029709527 107.62836140246614 5
    endloop
  endfacet
  facet normal 0.5555702330196126 -0.8314696123025384 0
    outer loop
      vertex 13.9 107.80192378864669 2
      vertex 14.226284287026163 108.0199399791263 5
      vertex 13.9 107.80192378864669 5
    endloop
  endfacet
  facet normal 0.659345815100055 -0.7518398074789897 0
    outer loop
      vertex 14.226284287026163 108.0199399791263 2
      vertex 14.521320343559644 108.27867965644036 5
      vertex 14.226284287026163 108.0199399791263 5
    endloop
  endfacet
  facet normal 0.7518398074789905 -0.6593458151000539 0
    outer loop
      vertex 14.780060020873705 108.57371571297385 2
      vertex 14.780060020873705 108.57371571297385 5
      vertex 14.521320343559644 108.27867965644036 5
    endloop
  endfacet
  facet normal 0.8314696123025389 -0.5555702330196115 0
    outer loop
      vertex 14.998076211353316 108.9 2
      vertex 14.998076211353316 108.9 5
      vertex 14.780060020873705 108.57371571297385 5
    endloop
  endfacet
  facet normal 0.8968727415326898 -0.4422886902189983 0
    outer loop
      vertex 15.17163859753386 109.25194970290474 2
      vertex 15.17163859753386 109.25194970290474 5
      vertex 14.998076211353316 108.9 5
    endloop
  endfacet
  facet normal 0.9469301294951036 -0.3214394653031678 0
    outer loop
      vertex 15.297777478867205 109.62354286469244 2
      vertex 15.297777478867205 109.62354286469244 5
      vertex 15.17163859753386 109.25194970290474 5
    endloop
  endfacet
  facet normal 0.9807852804032314 -0.19509032201612367 0
    outer loop
      vertex 15.374334584121431 110.00842142333985 2
      vertex 15.374334584121431 110.00842142333985 5
      vertex 15.297777478867205 109.62354286469244 5
    endloop
  endfacet
  facet normal 0.9978589232386035 -0.0654031292301441 0
    outer loop
      vertex 15.4 110.4 2
      vertex 15.4 110.4 5
      vertex 15.374334584121431 110.00842142333985 5
    endloop
  endfacet
  facet normal 0.44228869021901096 0.8968727415326834 0
    outer loop
      vertex 13.54805029709527 113.17163859753387 2
      vertex 13.54805029709527 113.17163859753387 5
      vertex 13.9 112.99807621135332 2
    endloop
  endfacet
  facet normal 0.5555702330196126 0.8314696123025384 0
    outer loop
      vertex 13.9 112.99807621135332 2
      vertex 13.9 112.99807621135332 5
      vertex 14.226284287026163 112.7800600208737 2
    endloop
  endfacet
  facet normal 0.659345815100055 0.7518398074789897 0
    outer loop
      vertex 14.226284287026163 112.7800600208737 2
      vertex 14.226284287026163 112.7800600208737 5
      vertex 14.521320343559644 112.52132034355965 2
    endloop
  endfacet
  facet normal 0.7518398074789905 0.6593458151000539 0
    outer loop
      vertex 14.780060020873705 112.22628428702616 2
      vertex 14.521320343559644 112.52132034355965 2
      vertex 14.780060020873705 112.22628428702616 5
    endloop
  endfacet
  facet normal 0.9807852804032314 0.19509032201612367 6.422820844777669e-19
    outer loop
      vertex 15.297777478867205 111.17645713530757 2
      vertex 15.374334584121431 110.79157857666016 5
      vertex 15.374334584121431 110.79157857666016 2
    endloop
  endfacet
  facet normal 0.9469301294951036 0.3214394653031678 0
    outer loop
      vertex 15.297777478867205 111.17645713530757 2
      vertex 15.17163859753386 111.54805029709527 2
      vertex 15.297777478867205 111.17645713530757 5
    endloop
  endfacet
  facet normal 0.8314696123025389 0.5555702330196115 -4.457082030266546e-18
    outer loop
      vertex 14.780060020873705 112.22628428702616 2
      vertex 14.998076211353316 111.9 5
      vertex 14.998076211353316 111.9 2
    endloop
  endfacet
  facet normal 0.8968727415326898 0.4422886902189983 1.4463946186926264e-18
    outer loop
      vertex 14.998076211353316 111.9 2
      vertex 15.17163859753386 111.54805029709527 5
      vertex 15.17163859753386 111.54805029709527 2
    endloop
  endfacet
  facet normal 0.9978589232386035 0.0654031292301441 0
    outer loop
      vertex 15.4 110.4 2
      vertex 15.374334584121431 110.79157857666016 2
      vertex 15.4 110.4 5
    endloop
  endfacet
  facet normal 0.44228869021901096 0.8968727415326834 0
    outer loop
      vertex 13.9 112.99807621135332 2
      vertex 13.54805029709527 113.17163859753387 5
      vertex 13.9 112.99807621135332 5
    endloop
  endfacet
  facet normal 0.5555702330196126 0.8314696123025384 0
    outer loop
      vertex 14.226284287026163 112.7800600208737 2
      vertex 13.9 112.99807621135332 5
      vertex 14.226284287026163 112.7800600208737 5
    endloop
  endfacet
  facet normal 0.659345815100055 0.7518398074789897 0
    outer loop
      vertex 14.521320343559644 112.52132034355965 2
      vertex 14.226284287026163 112.7800600208737 5
      vertex 14.521320343559644 112.52132034355965 5
    endloop
  endfacet
  facet normal 0.7518398074789905 0.6593458151000539 0
    outer loop
      vertex 14.521320343559644 112.52132034355965 2
      vertex 14.521320343559644 112.52132034355965 5
      vertex 14.780060020873705 112.22628428702616 5
    endloop
  endfacet
  facet normal 0.9807852804032314 0.19509032201612367 0
    outer loop
      vertex 15.297777478867205 111.17645713530757 2
      vertex 15.297777478867205 111.17645713530757 5
      vertex 15.374334584121431 110.79157857666016 5
    endloop
  endfacet
  facet normal 0.8968727415326898 0.4422886902189983 0
    outer loop
      vertex 14.998076211353316 111.9 2
      vertex 14.998076211353316 111.9 5
      vertex 15.17163859753386 111.54805029709527 5
    endloop
  endfacet
  facet normal 0.8314696123025389 0.5555702330196115 0
    outer loop
      vertex 14.780060020873705 112.22628428702616 2
      vertex 14.780060020873705 112.22628428702616 5
      vertex 14.998076211353316 111.9 5
    endloop
  endfacet
  facet normal 0.9469301294951036 0.3214394653031678 0
    outer loop
      vertex 15.17163859753386 111.54805029709527 2
      vertex 15.17163859753386 111.54805029709527 5
      vertex 15.297777478867205 111.17645713530757 5
    endloop
  endfacet
  facet normal 0.9978589232386035 0.0654031292301441 0
    outer loop
      vertex 15.374334584121431 110.79157857666016 2
      vertex 15.374334584121431 110.79157857666016 5
      vertex 15.4 110.4 5
    endloop
  endfacet
  facet normal 0 0 1
    outer loop
      vertex 9.502222521132795 109.62354286469244 5
      vertex 9.42566541587857 110.79157857666016 5
      vertex 9.42566541587857 110.00842142333985 5
    endloop
  endfacet
  facet normal 0 0 1
    outer loop
      vertex 9.42566541587857 110.00842142333985 5
      vertex 9.42566541587857 110.79157857666016 5
      vertex 9.4 110.4 5
    endloop
  endfacet
  facet normal 0 0 1
    outer loop
      vertex 9.62836140246614 109.25194970290474 5
      vertex 9.502222521132795 111.17645713530757 5
      vertex 9.502222521132795 109.62354286469244 5
    endloop
  endfacet
  facet normal 0 0 1
    outer loop
      vertex 9.62836140246614 109.25194970290474 5
      vertex 9.801923788646684 108.9 5
      vertex 9.62836140246614 111.54805029709527 5
    endloop
  endfacet
  facet normal 0 0 1
    outer loop
      vertex 10.019939979126296 108.57371571297385 5
      vertex 9.801923788646684 111.9 5
      vertex 9.801923788646684 108.9 5
    endloop
  endfacet
  facet normal 0 0 1
    outer loop
      vertex 10.019939979126296 108.57371571297385 5
      vertex 10.278679656440357 108.27867965644036 5
      vertex 10.019939979126296 112.22628428702616 5
    endloop
  endfacet
  facet normal 0 0 1
    outer loop
      vertex 10.278679656440357 108.27867965644036 5
      vertex 10.573715712973838 108.0199399791263 5
      vertex 10.278679656440357 112.52132034355965 5
    endloop
  endfacet
  facet normal 0 0 1
    outer loop
      vertex 10.573715712973838 108.0199399791263 5
      vertex 10.9 107.80192378864669 5
      vertex 10.573715712973838 112.7800600208737 5
    endloop
  endfacet
  facet normal 0 0 1
    outer loop
      vertex 11.251949702904732 107.62836140246614 5
      vertex 10.9 112.99807621135332 5
      vertex 10.9 107.80192378864669 5
    endloop
  endfacet
  facet normal 0 0 1
    outer loop
      vertex 11.251949702904732 107.62836140246614 5
      vertex 11.408308324635957 109.6390482137391 5
      vertex 11.317468245269453 109.775 5
    endloop
  endfacet
  facet normal 0 0 1
    outer loop
      vertex 11.251949702904732 107.62836140246614 5
      vertex 11.245150584360893 109.92164570954364 5
      vertex 11.192592717138664 110.07647619362186 5
    endloop
  endfacet
  facet normal 0 0 1
    outer loop
      vertex 11.251949702904732 107.62836140246614 5
      vertex 11.192592717138664 110.07647619362186 5
      vertex 11.160693923282738 110.23684225972494 5
    endloop
  endfacet
  facet normal 0 0 1
    outer loop
      vertex 11.251949702904732 107.62836140246614 5
      vertex 11.160693923282738 110.23684225972494 5
      vertex 11.15 110.4 5
    endloop
  endfacet
  facet normal 0 0 1
    outer loop
      vertex 11.251949702904732 107.62836140246614 5
      vertex 11.317468245269453 109.775 5
      vertex 11.245150584360893 109.92164570954364 5
    endloop
  endfacet
  facet normal 0 0 1
    outer loop
      vertex 11.251949702904732 107.62836140246614 5
      vertex 11.15 110.4 5
      vertex 10.9 112.99807621135332 5
    endloop
  endfacet
  facet normal 0 0 1
    outer loop
      vertex 11.251949702904732 107.62836140246614 5
      vertex 11.623542864692439 107.50222252113281 5
      vertex 11.408308324635957 109.6390482137391 5
    endloop
  endfacet
  facet normal 0 0 1
    outer loop
      vertex 11.623542864692439 107.50222252113281 5
      vertex 12.008421423339845 107.42566541587857 5
      vertex 11.775 109.31746824526945 5
    endloop
  endfacet
  facet normal 0 0 1
    outer loop
      vertex 12.008421423339845 107.42566541587857 5
      vertex 12.4 107.4 5
      vertex 12.236842259724936 109.16069392328274 5
    endloop
  endfacet
  facet normal 0 0 1
    outer loop
      vertex 12.008421423339845 107.42566541587857 5
      vertex 12.236842259724936 109.16069392328274 5
      vertex 12.076476193621849 109.19259271713867 5
    endloop
  endfacet
  facet normal 0 0 1
    outer loop
      vertex 12.4 107.4 5
      vertex 12.4 109.15 5
      vertex 12.236842259724936 109.16069392328274 5
    endloop
  endfacet
  facet normal 0 0 1
    outer loop
      vertex 12.4 107.4 5
      vertex 12.563157740275065 109.16069392328274 5
      vertex 12.4 109.15 5
    endloop
  endfacet
  facet normal 0 0 1
    outer loop
      vertex 11.623542864692439 107.50222252113281 5
      vertex 11.516116523516816 109.51611652351681 5
      vertex 11.408308324635957 109.6390482137391 5
    endloop
  endfacet
  facet normal 0 0 1
    outer loop
      vertex 11.623542864692439 107.50222252113281 5
      vertex 11.6390482137391 109.40830832463597 5
      vertex 11.516116523516816 109.51611652351681 5
    endloop
  endfacet
  facet normal 0 0 1
    outer loop
      vertex 11.623542864692439 107.50222252113281 5
      vertex 11.775 109.31746824526945 5
      vertex 11.6390482137391 109.40830832463597 5
    endloop
  endfacet
  facet normal 0 0 1
    outer loop
      vertex 12.008421423339845 107.42566541587857 5
      vertex 11.921645709543638 109.2451505843609 5
      vertex 11.775 109.31746824526945 5
    endloop
  endfacet
  facet normal 0 0 1
    outer loop
      vertex 12.008421423339845 107.42566541587857 5
      vertex 12.076476193621849 109.19259271713867 5
      vertex 11.921645709543638 109.2451505843609 5
    endloop
  endfacet
  facet normal 0 0 1
    outer loop
      vertex 12.4 107.4 5
      vertex 12.791578576660156 107.42566541587857 5
      vertex 12.563157740275065 109.16069392328274 5
    endloop
  endfacet
  facet normal 0 0 1
    outer loop
      vertex 12.791578576660156 107.42566541587857 5
      vertex 12.723523806378152 109.19259271713867 5
      vertex 12.563157740275065 109.16069392328274 5
    endloop
  endfacet
  facet normal 0 0 1
    outer loop
      vertex 12.791578576660156 107.42566541587857 5
      vertex 13.176457135307562 107.50222252113281 5
      vertex 12.723523806378152 109.19259271713867 5
    endloop
  endfacet
  facet normal 0 0 1
    outer loop
      vertex 13.176457135307562 107.50222252113281 5
      vertex 13.54805029709527 107.62836140246614 5
      vertex 13.1609517862609 109.40830832463597 5
    endloop
  endfacet
  facet normal 0 0 1
    outer loop
      vertex 13.54805029709527 107.62836140246614 5
      vertex 13.9 107.80192378864669 5
      vertex 13.482531754730548 109.775 5
    endloop
  endfacet
  facet normal 0 0 1
    outer loop
      vertex 13.176457135307562 107.50222252113281 5
      vertex 12.878354290456363 109.2451505843609 5
      vertex 12.723523806378152 109.19259271713867 5
    endloop
  endfacet
  facet normal 0 0 1
    outer loop
      vertex 13.176457135307562 107.50222252113281 5
      vertex 13.025 109.31746824526945 5
      vertex 12.878354290456363 109.2451505843609 5
    endloop
  endfacet
  facet normal 0 0 1
    outer loop
      vertex 13.176457135307562 107.50222252113281 5
      vertex 13.1609517862609 109.40830832463597 5
      vertex 13.025 109.31746824526945 5
    endloop
  endfacet
  facet normal 0 0 1
    outer loop
      vertex 13.54805029709527 107.62836140246614 5
      vertex 13.283883476483185 109.51611652351681 5
      vertex 13.1609517862609 109.40830832463597 5
    endloop
  endfacet
  facet normal 0 0 1
    outer loop
      vertex 13.54805029709527 107.62836140246614 5
      vertex 13.391691675364044 109.6390482137391 5
      vertex 13.283883476483185 109.51611652351681 5
    endloop
  endfacet
  facet normal 0 0 1
    outer loop
      vertex 13.54805029709527 107.62836140246614 5
      vertex 13.482531754730548 109.775 5
      vertex 13.391691675364044 109.6390482137391 5
    endloop
  endfacet
  facet normal 0 0 1
    outer loop
      vertex 13.9 107.80192378864669 5
      vertex 13.554849415639108 109.92164570954364 5
      vertex 13.482531754730548 109.775 5
    endloop
  endfacet
  facet normal 0 0 1
    outer loop
      vertex 9.502222521132795 109.62354286469244 5
      vertex 9.502222521132795 111.17645713530757 5
      vertex 9.42566541587857 110.79157857666016 5
    endloop
  endfacet
  facet normal 0 0 1
    outer loop
      vertex 9.62836140246614 109.25194970290474 5
      vertex 9.62836140246614 111.54805029709527 5
      vertex 9.502222521132795 111.17645713530757 5
    endloop
  endfacet
  facet normal 0 0 1
    outer loop
      vertex 9.801923788646684 108.9 5
      vertex 9.801923788646684 111.9 5
      vertex 9.62836140246614 111.54805029709527 5
    endloop
  endfacet
  facet normal 0 0 1
    outer loop
      vertex 10.019939979126296 108.57371571297385 5
      vertex 10.019939979126296 112.22628428702616 5
      vertex 9.801923788646684 111.9 5
    endloop
  endfacet
  facet normal 0 0 1
    outer loop
      vertex 10.278679656440357 108.27867965644036 5
      vertex 10.278679656440357 112.52132034355965 5
      vertex 10.019939979126296 112.22628428702616 5
    endloop
  endfacet
  facet normal 0 0 1
    outer loop
      vertex 10.573715712973838 108.0199399791263 5
      vertex 10.573715712973838 112.7800600208737 5
      vertex 10.278679656440357 112.52132034355965 5
    endloop
  endfacet
  facet normal 0 0 1
    outer loop
      vertex 10.9 107.80192378864669 5
      vertex 10.9 112.99807621135332 5
      vertex 10.573715712973838 112.7800600208737 5
    endloop
  endfacet
  facet normal 0 0 1
    outer loop
      vertex 10.9 112.99807621135332 5
      vertex 11.15 110.4 5
      vertex 11.160693923282738 110.56315774027507 5
    endloop
  endfacet
  facet normal 0 0 1
    outer loop
      vertex 10.9 112.99807621135332 5
      vertex 11.160693923282738 110.56315774027507 5
      vertex 11.192592717138664 110.72352380637815 5
    endloop
  endfacet
  facet normal 0 0 1
    outer loop
      vertex 10.9 112.99807621135332 5
      vertex 11.192592717138664 110.72352380637815 5
      vertex 11.245150584360893 110.87835429045637 5
    endloop
  endfacet
  facet normal 0 0 1
    outer loop
      vertex 10.9 112.99807621135332 5
      vertex 11.245150584360893 110.87835429045637 5
      vertex 11.317468245269453 111.025 5
    endloop
  endfacet
  facet normal 0 0 1
    outer loop
      vertex 11.251949702904732 113.17163859753387 5
      vertex 11.317468245269453 111.025 5
      vertex 11.408308324635957 111.16095178626091 5
    endloop
  endfacet
  facet normal 0 0 1
    outer loop
      vertex 10.9 112.99807621135332 5
      vertex 11.317468245269453 111.025 5
      vertex 11.251949702904732 113.17163859753387 5
    endloop
  endfacet
  facet normal 0 0 1
    outer loop
      vertex 11.251949702904732 113.17163859753387 5
      vertex 11.408308324635957 111.16095178626091 5
      vertex 11.516116523516816 111.2838834764832 5
    endloop
  endfacet
  facet normal 0 0 1
    outer loop
      vertex 11.251949702904732 113.17163859753387 5
      vertex 11.516116523516816 111.2838834764832 5
      vertex 11.6390482137391 111.39169167536404 5
    endloop
  endfacet
  facet normal 0 0 1
    outer loop
      vertex 11.623542864692439 113.2977774788672 5
      vertex 11.6390482137391 111.39169167536404 5
      vertex 11.775 111.48253175473056 5
    endloop
  endfacet
  facet normal 0 0 1
    outer loop
      vertex 11.623542864692439 113.2977774788672 5
      vertex 11.775 111.48253175473056 5
      vertex 11.921645709543638 111.55484941563911 5
    endloop
  endfacet
  facet normal 0 0 1
    outer loop
      vertex 11.623542864692439 113.2977774788672 5
      vertex 11.921645709543638 111.55484941563911 5
      vertex 12.076476193621849 111.60740728286135 5
    endloop
  endfacet
  facet normal 0 0 1
    outer loop
      vertex 12.008421423339845 113.37433458412144 5
      vertex 12.076476193621849 111.60740728286135 5
      vertex 12.236842259724936 111.63930607671728 5
    endloop
  endfacet
  facet normal 0 0 1
    outer loop
      vertex 12.4 113.4 5
      vertex 12.236842259724936 111.63930607671728 5
      vertex 12.4 111.65 5
    endloop
  endfacet
  facet normal 0 0 1
    outer loop
      vertex 12.4 113.4 5
      vertex 12.4 111.65 5
      vertex 12.563157740275065 111.63930607671728 5
    endloop
  endfacet
  facet normal 0 0 1
    outer loop
      vertex 11.251949702904732 113.17163859753387 5
      vertex 11.6390482137391 111.39169167536404 5
      vertex 11.623542864692439 113.2977774788672 5
    endloop
  endfacet
  facet normal 0 0 1
    outer loop
      vertex 11.623542864692439 113.2977774788672 5
      vertex 12.076476193621849 111.60740728286135 5
      vertex 12.008421423339845 113.37433458412144 5
    endloop
  endfacet
  facet normal 0 0 1
    outer loop
      vertex 12.008421423339845 113.37433458412144 5
      vertex 12.236842259724936 111.63930607671728 5
      vertex 12.4 113.4 5
    endloop
  endfacet
  facet normal 0 0 1
    outer loop
      vertex 12.791578576660156 113.37433458412144 5
      vertex 12.563157740275065 111.63930607671728 5
      vertex 12.723523806378152 111.60740728286135 5
    endloop
  endfacet
  facet normal 0 0 1
    outer loop
      vertex 12.791578576660156 113.37433458412144 5
      vertex 12.723523806378152 111.60740728286135 5
      vertex 12.878354290456363 111.55484941563911 5
    endloop
  endfacet
  facet normal 0 0 1
    outer loop
      vertex 12.791578576660156 113.37433458412144 5
      vertex 12.878354290456363 111.55484941563911 5
      vertex 13.025 111.48253175473056 5
    endloop
  endfacet
  facet normal 0 0 1
    outer loop
      vertex 13.176457135307562 113.2977774788672 5
      vertex 13.1609517862609 111.39169167536404 5
      vertex 13.283883476483185 111.2838834764832 5
    endloop
  endfacet
  facet normal 0 0 1
    outer loop
      vertex 13.176457135307562 113.2977774788672 5
      vertex 13.025 111.48253175473056 5
      vertex 13.1609517862609 111.39169167536404 5
    endloop
  endfacet
  facet normal 0 0 1
    outer loop
      vertex 13.176457135307562 113.2977774788672 5
      vertex 13.283883476483185 111.2838834764832 5
      vertex 13.391691675364044 111.16095178626091 5
    endloop
  endfacet
  facet normal 0 0 1
    outer loop
      vertex 13.54805029709527 113.17163859753387 5
      vertex 13.391691675364044 111.16095178626091 5
      vertex 13.482531754730548 111.025 5
    endloop
  endfacet
  facet normal 0 0 1
    outer loop
      vertex 13.54805029709527 113.17163859753387 5
      vertex 13.639306076717263 110.56315774027507 5
      vertex 13.65 110.4 5
    endloop
  endfacet
  facet normal 0 0 1
    outer loop
      vertex 13.54805029709527 113.17163859753387 5
      vertex 13.607407282861336 110.72352380637815 5
      vertex 13.639306076717263 110.56315774027507 5
    endloop
  endfacet
  facet normal 0 0 1
    outer loop
      vertex 13.54805029709527 113.17163859753387 5
      vertex 13.482531754730548 111.025 5
      vertex 13.554849415639108 110.87835429045637 5
    endloop
  endfacet
  facet normal 0 0 1
    outer loop
      vertex 13.54805029709527 113.17163859753387 5
      vertex 13.554849415639108 110.87835429045637 5
      vertex 13.607407282861336 110.72352380637815 5
    endloop
  endfacet
  facet normal 0 0 1
    outer loop
      vertex 12.4 113.4 5
      vertex 12.563157740275065 111.63930607671728 5
      vertex 12.791578576660156 113.37433458412144 5
    endloop
  endfacet
  facet normal 0 0 1
    outer loop
      vertex 12.791578576660156 113.37433458412144 5
      vertex 13.025 111.48253175473056 5
      vertex 13.176457135307562 113.2977774788672 5
    endloop
  endfacet
  facet normal 0 0 1
    outer loop
      vertex 13.54805029709527 113.17163859753387 5
      vertex 13.176457135307562 113.2977774788672 5
      vertex 13.391691675364044 111.16095178626091 5
    endloop
  endfacet
  facet normal 0 0 1
    outer loop
      vertex 13.9 107.80192378864669 5
      vertex 13.607407282861336 110.07647619362186 5
      vertex 13.554849415639108 109.92164570954364 5
    endloop
  endfacet
  facet normal 0 0 1
    outer loop
      vertex 13.9 107.80192378864669 5
      vertex 13.639306076717263 110.23684225972494 5
      vertex 13.607407282861336 110.07647619362186 5
    endloop
  endfacet
  facet normal 0 0 1
    outer loop
      vertex 13.9 107.80192378864669 5
      vertex 13.65 110.4 5
      vertex 13.639306076717263 110.23684225972494 5
    endloop
  endfacet
  facet normal 0 0 1
    outer loop
      vertex 13.9 107.80192378864669 5
      vertex 14.226284287026163 108.0199399791263 5
      vertex 13.9 112.99807621135332 5
    endloop
  endfacet
  facet normal 0 0 1
    outer loop
      vertex 14.226284287026163 108.0199399791263 5
      vertex 14.521320343559644 108.27867965644036 5
      vertex 14.226284287026163 112.7800600208737 5
    endloop
  endfacet
  facet normal 0 0 1
    outer loop
      vertex 14.521320343559644 108.27867965644036 5
      vertex 14.780060020873705 108.57371571297385 5
      vertex 14.521320343559644 112.52132034355965 5
    endloop
  endfacet
  facet normal 0 0 1
    outer loop
      vertex 14.780060020873705 108.57371571297385 5
      vertex 14.998076211353316 108.9 5
      vertex 14.780060020873705 112.22628428702616 5
    endloop
  endfacet
  facet normal 0 0 1
    outer loop
      vertex 14.998076211353316 108.9 5
      vertex 15.17163859753386 109.25194970290474 5
      vertex 14.998076211353316 111.9 5
    endloop
  endfacet
  facet normal 0 0 1
    outer loop
      vertex 15.17163859753386 109.25194970290474 5
      vertex 15.297777478867205 109.62354286469244 5
      vertex 15.17163859753386 111.54805029709527 5
    endloop
  endfacet
  facet normal 0 0 1
    outer loop
      vertex 15.297777478867205 109.62354286469244 5
      vertex 15.374334584121431 110.00842142333985 5
      vertex 15.297777478867205 111.17645713530757 5
    endloop
  endfacet
  facet normal 0 0 1
    outer loop
      vertex 15.374334584121431 110.00842142333985 5
      vertex 15.4 110.4 5
      vertex 15.374334584121431 110.79157857666016 5
    endloop
  endfacet
  facet normal 0 0 1
    outer loop
      vertex 13.54805029709527 113.17163859753387 5
      vertex 13.65 110.4 5
      vertex 13.9 107.80192378864669 5
    endloop
  endfacet
  facet normal 0 0 1
    outer loop
      vertex 13.54805029709527 113.17163859753387 5
      vertex 13.9 107.80192378864669 5
      vertex 13.9 112.99807621135332 5
    endloop
  endfacet
  facet normal 0 0 1
    outer loop
      vertex 14.226284287026163 108.0199399791263 5
      vertex 14.226284287026163 112.7800600208737 5
      vertex 13.9 112.99807621135332 5
    endloop
  endfacet
  facet normal 0 0 1
    outer loop
      vertex 14.521320343559644 108.27867965644036 5
      vertex 14.521320343559644 112.52132034355965 5
      vertex 14.226284287026163 112.7800600208737 5
    endloop
  endfacet
  facet normal 0 0 1
    outer loop
      vertex 14.780060020873705 108.57371571297385 5
      vertex 14.780060020873705 112.22628428702616 5
      vertex 14.521320343559644 112.52132034355965 5
    endloop
  endfacet
  facet normal 0 0 1
    outer loop
      vertex 14.998076211353316 108.9 5
      vertex 14.998076211353316 111.9 5
      vertex 14.780060020873705 112.22628428702616 5
    endloop
  endfacet
  facet normal 0 0 1
    outer loop
      vertex 15.374334584121431 110.00842142333985 5
      vertex 15.374334584121431 110.79157857666016 5
      vertex 15.297777478867205 111.17645713530757 5
    endloop
  endfacet
  facet normal 0 0 1
    outer loop
      vertex 15.297777478867205 109.62354286469244 5
      vertex 15.297777478867205 111.17645713530757 5
      vertex 15.17163859753386 111.54805029709527 5
    endloop
  endfacet
  facet normal 0 0 1
    outer loop
      vertex 15.17163859753386 109.25194970290474 5
      vertex 15.17163859753386 111.54805029709527 5
      vertex 14.998076211353316 111.9 5
    endloop
  endfacet
  facet normal -0.9978589232386031 -0.0654031292301486 4.534124415595705e-19
    outer loop
      vertex 57.425665415878576 110.00842142333985 2
      vertex 57.400000000000006 110.4 5
      vertex 57.400000000000006 110.4 2
    endloop
  endfacet
  facet normal -0.9469301294951021 -0.3214394653031718 2.549837683449486e-18
    outer loop
      vertex 57.62836140246615 109.25194970290474 2
      vertex 57.5022225211328 109.62354286469244 5
      vertex 57.5022225211328 109.62354286469244 2
    endloop
  endfacet
  facet normal -0.8968727415326916 -0.4422886902189947 0
    outer loop
      vertex 57.62836140246615 109.25194970290474 2
      vertex 57.80192378864669 108.9 2
      vertex 57.62836140246615 109.25194970290474 5
    endloop
  endfacet
  facet normal -0.8314696123025411 -0.5555702330196085 0
    outer loop
      vertex 57.80192378864669 108.9 2
      vertex 58.0199399791263 108.57371571297385 2
      vertex 57.80192378864669 108.9 5
    endloop
  endfacet
  facet normal -0.9807852804032322 -0.19509032201611928 0
    outer loop
      vertex 57.425665415878576 110.00842142333985 2
      vertex 57.5022225211328 109.62354286469244 2
      vertex 57.425665415878576 110.00842142333985 5
    endloop
  endfacet
  facet normal -0.7518398074789905 -0.6593458151000539 0
    outer loop
      vertex 58.0199399791263 108.57371571297385 2
      vertex 58.27867965644036 108.27867965644036 2
      vertex 58.0199399791263 108.57371571297385 5
    endloop
  endfacet
  facet normal -0.6593458151000527 -0.7518398074789916 7.745373997183148e-19
    outer loop
      vertex 58.27867965644036 108.27867965644036 2
      vertex 58.57371571297384 108.0199399791263 2
      vertex 58.57371571297384 108.0199399791263 5
    endloop
  endfacet
  facet normal -0.5555702330196126 -0.8314696123025384 -3.484029985834894e-18
    outer loop
      vertex 58.57371571297384 108.0199399791263 2
      vertex 58.900000000000006 107.80192378864669 2
      vertex 58.900000000000006 107.80192378864669 5
    endloop
  endfacet
  facet normal -0.4422886902190092 -0.8968727415326844 -3.0635160857550764e-19
    outer loop
      vertex 58.900000000000006 107.80192378864669 2
      vertex 59.25194970290474 107.62836140246614 2
      vertex 59.25194970290474 107.62836140246614 5
    endloop
  endfacet
  facet normal -0.9978589232386031 -0.0654031292301486 0
    outer loop
      vertex 57.425665415878576 110.00842142333985 2
      vertex 57.425665415878576 110.00842142333985 5
      vertex 57.400000000000006 110.4 5
    endloop
  endfacet
  facet normal -0.9469301294951021 -0.3214394653031718 0
    outer loop
      vertex 57.62836140246615 109.25194970290474 2
      vertex 57.62836140246615 109.25194970290474 5
      vertex 57.5022225211328 109.62354286469244 5
    endloop
  endfacet
  facet normal -0.8968727415326916 -0.4422886902189947 0
    outer loop
      vertex 57.80192378864669 108.9 2
      vertex 57.80192378864669 108.9 5
      vertex 57.62836140246615 109.25194970290474 5
    endloop
  endfacet
  facet normal -0.8314696123025411 -0.5555702330196085 0
    outer loop
      vertex 58.0199399791263 108.57371571297385 2
      vertex 58.0199399791263 108.57371571297385 5
      vertex 57.80192378864669 108.9 5
    endloop
  endfacet
  facet normal -0.9807852804032322 -0.19509032201611928 0
    outer loop
      vertex 57.5022225211328 109.62354286469244 2
      vertex 57.5022225211328 109.62354286469244 5
      vertex 57.425665415878576 110.00842142333985 5
    endloop
  endfacet
  facet normal -0.7518398074789905 -0.6593458151000539 0
    outer loop
      vertex 58.27867965644036 108.27867965644036 2
      vertex 58.27867965644036 108.27867965644036 5
      vertex 58.0199399791263 108.57371571297385 5
    endloop
  endfacet
  facet normal -0.6593458151000527 -0.7518398074789916 0
    outer loop
      vertex 58.27867965644036 108.27867965644036 2
      vertex 58.57371571297384 108.0199399791263 5
      vertex 58.27867965644036 108.27867965644036 5
    endloop
  endfacet
  facet normal -0.5555702330196126 -0.8314696123025384 0
    outer loop
      vertex 58.57371571297384 108.0199399791263 2
      vertex 58.900000000000006 107.80192378864669 5
      vertex 58.57371571297384 108.0199399791263 5
    endloop
  endfacet
  facet normal -0.4422886902190092 -0.8968727415326844 0
    outer loop
      vertex 58.900000000000006 107.80192378864669 2
      vertex 59.25194970290474 107.62836140246614 5
      vertex 58.900000000000006 107.80192378864669 5
    endloop
  endfacet
  facet normal -0.9978589232386031 0.0654031292301486 -4.534124415595705e-19
    outer loop
      vertex 57.400000000000006 110.4 2
      vertex 57.425665415878576 110.79157857666016 5
      vertex 57.425665415878576 110.79157857666016 2
    endloop
  endfacet
  facet normal -0.9807852804032322 0.19509032201611928 -8.126871632437976e-19
    outer loop
      vertex 57.425665415878576 110.79157857666016 2
      vertex 57.5022225211328 111.17645713530757 5
      vertex 57.5022225211328 111.17645713530757 2
    endloop
  endfacet
  facet normal -0.9469301294951021 0.3214394653031718 -2.549837683449486e-18
    outer loop
      vertex 57.5022225211328 111.17645713530757 2
      vertex 57.62836140246615 111.54805029709527 5
      vertex 57.62836140246615 111.54805029709527 2
    endloop
  endfacet
  facet normal -0.8968727415326916 0.4422886902189947 -2.0306433611153428e-18
    outer loop
      vertex 57.62836140246615 111.54805029709527 2
      vertex 57.80192378864669 111.9 5
      vertex 57.80192378864669 111.9 2
    endloop
  endfacet
  facet normal -0.8314696123025411 0.5555702330196085 -4.553720877975974e-18
    outer loop
      vertex 57.80192378864669 111.9 2
      vertex 58.0199399791263 112.22628428702616 5
      vertex 58.0199399791263 112.22628428702616 2
    endloop
  endfacet
  facet normal -0.7518398074789905 0.6593458151000539 5.510669551487089e-18
    outer loop
      vertex 58.0199399791263 112.22628428702616 2
      vertex 58.27867965644036 112.52132034355965 5
      vertex 58.27867965644036 112.52132034355965 2
    endloop
  endfacet
  facet normal -0.6593458151000527 0.7518398074789916 0
    outer loop
      vertex 58.27867965644036 112.52132034355965 2
      vertex 58.27867965644036 112.52132034355965 5
      vertex 58.57371571297384 112.7800600208737 2
    endloop
  endfacet
  facet normal -0.5555702330196126 0.8314696123025384 0
    outer loop
      vertex 58.57371571297384 112.7800600208737 2
      vertex 58.57371571297384 112.7800600208737 5
      vertex 58.900000000000006 112.99807621135332 2
    endloop
  endfacet
  facet normal -0.4422886902190092 0.8968727415326844 0
    outer loop
      vertex 58.900000000000006 112.99807621135332 2
      vertex 58.900000000000006 112.99807621135332 5
      vertex 59.25194970290474 113.17163859753387 2
    endloop
  endfacet
  facet normal -0.9978589232386031 0.0654031292301486 0
    outer loop
      vertex 57.400000000000006 110.4 2
      vertex 57.400000000000006 110.4 5
      vertex 57.425665415878576 110.79157857666016 5
    endloop
  endfacet
  facet normal -0.9807852804032322 0.19509032201611928 0
    outer loop
      vertex 57.425665415878576 110.79157857666016 2
      vertex 57.425665415878576 110.79157857666016 5
      vertex 57.5022225211328 111.17645713530757 5
    endloop
  endfacet
  facet normal -0.9469301294951021 0.3214394653031718 0
    outer loop
      vertex 57.5022225211328 111.17645713530757 2
      vertex 57.5022225211328 111.17645713530757 5
      vertex 57.62836140246615 111.54805029709527 5
    endloop
  endfacet
  facet normal -0.8968727415326916 0.4422886902189947 0
    outer loop
      vertex 57.62836140246615 111.54805029709527 2
      vertex 57.62836140246615 111.54805029709527 5
      vertex 57.80192378864669 111.9 5
    endloop
  endfacet
  facet normal -0.8314696123025411 0.5555702330196085 0
    outer loop
      vertex 57.80192378864669 111.9 2
      vertex 57.80192378864669 111.9 5
      vertex 58.0199399791263 112.22628428702616 5
    endloop
  endfacet
  facet normal -0.7518398074789905 0.6593458151000539 0
    outer loop
      vertex 58.0199399791263 112.22628428702616 2
      vertex 58.0199399791263 112.22628428702616 5
      vertex 58.27867965644036 112.52132034355965 5
    endloop
  endfacet
  facet normal -0.6593458151000527 0.7518398074789916 0
    outer loop
      vertex 58.57371571297384 112.7800600208737 2
      vertex 58.27867965644036 112.52132034355965 5
      vertex 58.57371571297384 112.7800600208737 5
    endloop
  endfacet
  facet normal -0.5555702330196126 0.8314696123025384 0
    outer loop
      vertex 58.900000000000006 112.99807621135332 2
      vertex 58.57371571297384 112.7800600208737 5
      vertex 58.900000000000006 112.99807621135332 5
    endloop
  endfacet
  facet normal -0.4422886902190092 0.8968727415326844 0
    outer loop
      vertex 59.25194970290474 113.17163859753387 2
      vertex 58.900000000000006 112.99807621135332 5
      vertex 59.25194970290474 113.17163859753387 5
    endloop
  endfacet
  facet normal -0.32143946530313383 -0.9469301294951151 1.7045075690523177e-18
    outer loop
      vertex 59.25194970290474 107.62836140246614 2
      vertex 59.623542864692446 107.50222252113281 2
      vertex 59.623542864692446 107.50222252113281 5
    endloop
  endfacet
  facet normal -0.19509032201615756 -0.9807852804032244 -1.1725262252824e-18
    outer loop
      vertex 59.623542864692446 107.50222252113281 2
      vertex 60.008421423339854 107.42566541587857 2
      vertex 60.008421423339854 107.42566541587857 5
    endloop
  endfacet
  facet normal -0.06540312923013057 -0.9978589232386043 3.1467951511922e-19
    outer loop
      vertex 60.008421423339854 107.42566541587857 2
      vertex 60.400000000000006 107.4 2
      vertex 60.400000000000006 107.4 5
    endloop
  endfacet
  facet normal 0.06540312923013057 -0.9978589232386043 -3.1467951511922e-19
    outer loop
      vertex 60.400000000000006 107.4 2
      vertex 60.79157857666016 107.42566541587857 2
      vertex 60.79157857666016 107.42566541587857 5
    endloop
  endfacet
  facet normal 0.19509032201615756 -0.9807852804032244 1.1725262252824e-18
    outer loop
      vertex 60.79157857666016 107.42566541587857 2
      vertex 61.176457135307565 107.50222252113281 2
      vertex 61.176457135307565 107.50222252113281 5
    endloop
  endfacet
  facet normal 0.32143946530313383 -0.9469301294951151 -1.7045075690523177e-18
    outer loop
      vertex 61.176457135307565 107.50222252113281 2
      vertex 61.54805029709527 107.62836140246614 2
      vertex 61.54805029709527 107.62836140246614 5
    endloop
  endfacet
  facet normal 0.4422886902190092 -0.8968727415326844 3.0635160857550764e-19
    outer loop
      vertex 61.54805029709527 107.62836140246614 2
      vertex 61.900000000000006 107.80192378864669 2
      vertex 61.900000000000006 107.80192378864669 5
    endloop
  endfacet
  facet normal 0.5555702330196126 -0.8314696123025384 3.484029985834894e-18
    outer loop
      vertex 61.900000000000006 107.80192378864669 2
      vertex 62.22628428702617 108.0199399791263 2
      vertex 62.22628428702617 108.0199399791263 5
    endloop
  endfacet
  facet normal 0.6593458151000527 -0.7518398074789916 -7.745373997183148e-19
    outer loop
      vertex 62.22628428702617 108.0199399791263 2
      vertex 62.52132034355965 108.27867965644036 2
      vertex 62.52132034355965 108.27867965644036 5
    endloop
  endfacet
  facet normal 0.7518398074789905 -0.6593458151000539 0
    outer loop
      vertex 62.52132034355965 108.27867965644036 2
      vertex 62.78006002087371 108.57371571297385 2
      vertex 62.52132034355965 108.27867965644036 5
    endloop
  endfacet
  facet normal 0.8314696123025411 -0.5555702330196085 0
    outer loop
      vertex 62.78006002087371 108.57371571297385 2
      vertex 62.99807621135332 108.9 2
      vertex 62.78006002087371 108.57371571297385 5
    endloop
  endfacet
  facet normal 0.8968727415326916 -0.4422886902189947 0
    outer loop
      vertex 62.99807621135332 108.9 2
      vertex 63.171638597533864 109.25194970290474 2
      vertex 62.99807621135332 108.9 5
    endloop
  endfacet
  facet normal 0.9469301294951021 -0.3214394653031718 0
    outer loop
      vertex 63.171638597533864 109.25194970290474 2
      vertex 63.29777747886721 109.62354286469244 2
      vertex 63.171638597533864 109.25194970290474 5
    endloop
  endfacet
  facet normal 0.9807852804032322 -0.19509032201611928 0
    outer loop
      vertex 63.29777747886721 109.62354286469244 2
      vertex 63.374334584121435 110.00842142333985 2
      vertex 63.29777747886721 109.62354286469244 5
    endloop
  endfacet
  facet normal 0.9978589232386031 -0.0654031292301486 0
    outer loop
      vertex 63.374334584121435 110.00842142333985 2
      vertex 63.400000000000006 110.4 2
      vertex 63.374334584121435 110.00842142333985 5
    endloop
  endfacet
  facet normal -0.32143946530313383 -0.9469301294951151 0
    outer loop
      vertex 59.25194970290474 107.62836140246614 2
      vertex 59.623542864692446 107.50222252113281 5
      vertex 59.25194970290474 107.62836140246614 5
    endloop
  endfacet
  facet normal -0.19509032201615756 -0.9807852804032244 0
    outer loop
      vertex 59.623542864692446 107.50222252113281 2
      vertex 60.008421423339854 107.42566541587857 5
      vertex 59.623542864692446 107.50222252113281 5
    endloop
  endfacet
  facet normal -0.06540312923013057 -0.9978589232386043 0
    outer loop
      vertex 60.008421423339854 107.42566541587857 2
      vertex 60.400000000000006 107.4 5
      vertex 60.008421423339854 107.42566541587857 5
    endloop
  endfacet
  facet normal 0.06540312923013057 -0.9978589232386043 0
    outer loop
      vertex 60.400000000000006 107.4 2
      vertex 60.79157857666016 107.42566541587857 5
      vertex 60.400000000000006 107.4 5
    endloop
  endfacet
  facet normal 0.19509032201615756 -0.9807852804032244 0
    outer loop
      vertex 60.79157857666016 107.42566541587857 2
      vertex 61.176457135307565 107.50222252113281 5
      vertex 60.79157857666016 107.42566541587857 5
    endloop
  endfacet
  facet normal 0.32143946530313383 -0.9469301294951151 0
    outer loop
      vertex 61.176457135307565 107.50222252113281 2
      vertex 61.54805029709527 107.62836140246614 5
      vertex 61.176457135307565 107.50222252113281 5
    endloop
  endfacet
  facet normal 0.4422886902190092 -0.8968727415326844 0
    outer loop
      vertex 61.54805029709527 107.62836140246614 2
      vertex 61.900000000000006 107.80192378864669 5
      vertex 61.54805029709527 107.62836140246614 5
    endloop
  endfacet
  facet normal 0.5555702330196126 -0.8314696123025384 0
    outer loop
      vertex 61.900000000000006 107.80192378864669 2
      vertex 62.22628428702617 108.0199399791263 5
      vertex 61.900000000000006 107.80192378864669 5
    endloop
  endfacet
  facet normal 0.6593458151000527 -0.7518398074789916 0
    outer loop
      vertex 62.22628428702617 108.0199399791263 2
      vertex 62.52132034355965 108.27867965644036 5
      vertex 62.22628428702617 108.0199399791263 5
    endloop
  endfacet
  facet normal 0.7518398074789905 -0.6593458151000539 0
    outer loop
      vertex 62.78006002087371 108.57371571297385 2
      vertex 62.78006002087371 108.57371571297385 5
      vertex 62.52132034355965 108.27867965644036 5
    endloop
  endfacet
  facet normal 0.8314696123025411 -0.5555702330196085 0
    outer loop
      vertex 62.99807621135332 108.9 2
      vertex 62.99807621135332 108.9 5
      vertex 62.78006002087371 108.57371571297385 5
    endloop
  endfacet
  facet normal 0.8968727415326916 -0.4422886902189947 0
    outer loop
      vertex 63.171638597533864 109.25194970290474 2
      vertex 63.171638597533864 109.25194970290474 5
      vertex 62.99807621135332 108.9 5
    endloop
  endfacet
  facet normal 0.9469301294951021 -0.3214394653031718 0
    outer loop
      vertex 63.29777747886721 109.62354286469244 2
      vertex 63.29777747886721 109.62354286469244 5
      vertex 63.171638597533864 109.25194970290474 5
    endloop
  endfacet
  facet normal 0.9807852804032322 -0.19509032201611928 0
    outer loop
      vertex 63.374334584121435 110.00842142333985 2
      vertex 63.374334584121435 110.00842142333985 5
      vertex 63.29777747886721 109.62354286469244 5
    endloop
  endfacet
  facet normal 0.9978589232386031 -0.0654031292301486 0
    outer loop
      vertex 63.400000000000006 110.4 2
      vertex 63.400000000000006 110.4 5
      vertex 63.374334584121435 110.00842142333985 5
    endloop
  endfacet
  facet normal -0.32143946530313383 0.9469301294951151 0
    outer loop
      vertex 59.25194970290474 113.17163859753387 2
      vertex 59.25194970290474 113.17163859753387 5
      vertex 59.623542864692446 113.2977774788672 2
    endloop
  endfacet
  facet normal -0.19509032201615756 0.9807852804032244 0
    outer loop
      vertex 59.623542864692446 113.2977774788672 2
      vertex 59.623542864692446 113.2977774788672 5
      vertex 60.008421423339854 113.37433458412144 2
    endloop
  endfacet
  facet normal -0.06540312923013057 0.9978589232386043 0
    outer loop
      vertex 60.008421423339854 113.37433458412144 2
      vertex 60.008421423339854 113.37433458412144 5
      vertex 60.400000000000006 113.4 2
    endloop
  endfacet
  facet normal 0.06540312923013057 0.9978589232386043 0
    outer loop
      vertex 60.400000000000006 113.4 2
      vertex 60.400000000000006 113.4 5
      vertex 60.79157857666016 113.37433458412144 2
    endloop
  endfacet
  facet normal 0.19509032201615756 0.9807852804032244 0
    outer loop
      vertex 60.79157857666016 113.37433458412144 2
      vertex 60.79157857666016 113.37433458412144 5
      vertex 61.176457135307565 113.2977774788672 2
    endloop
  endfacet
  facet normal 0.32143946530313383 0.9469301294951151 0
    outer loop
      vertex 61.176457135307565 113.2977774788672 2
      vertex 61.176457135307565 113.2977774788672 5
      vertex 61.54805029709527 113.17163859753387 2
    endloop
  endfacet
  facet normal 0.4422886902190092 0.8968727415326844 0
    outer loop
      vertex 61.54805029709527 113.17163859753387 2
      vertex 61.54805029709527 113.17163859753387 5
      vertex 61.900000000000006 112.99807621135332 2
    endloop
  endfacet
  facet normal 0.5555702330196126 0.8314696123025384 0
    outer loop
      vertex 61.900000000000006 112.99807621135332 2
      vertex 61.900000000000006 112.99807621135332 5
      vertex 62.22628428702617 112.7800600208737 2
    endloop
  endfacet
  facet normal 0.6593458151000527 0.7518398074789916 0
    outer loop
      vertex 62.22628428702617 112.7800600208737 2
      vertex 62.22628428702617 112.7800600208737 5
      vertex 62.52132034355965 112.52132034355965 2
    endloop
  endfacet
  facet normal 0.8968727415326916 0.4422886902189947 2.0306433611153428e-18
    outer loop
      vertex 62.99807621135332 111.9 2
      vertex 63.171638597533864 111.54805029709527 5
      vertex 63.171638597533864 111.54805029709527 2
    endloop
  endfacet
  facet normal 0.8314696123025411 0.5555702330196085 4.553720877975974e-18
    outer loop
      vertex 62.78006002087371 112.22628428702616 2
      vertex 62.99807621135332 111.9 5
      vertex 62.99807621135332 111.9 2
    endloop
  endfacet
  facet normal 0.9978589232386031 0.0654031292301486 0
    outer loop
      vertex 63.400000000000006 110.4 2
      vertex 63.374334584121435 110.79157857666016 2
      vertex 63.400000000000006 110.4 5
    endloop
  endfacet
  facet normal 0.9469301294951021 0.3214394653031718 0
    outer loop
      vertex 63.29777747886721 111.17645713530757 2
      vertex 63.171638597533864 111.54805029709527 2
      vertex 63.29777747886721 111.17645713530757 5
    endloop
  endfacet
  facet normal 0.9807852804032322 0.19509032201611928 0
    outer loop
      vertex 63.374334584121435 110.79157857666016 2
      vertex 63.29777747886721 111.17645713530757 2
      vertex 63.374334584121435 110.79157857666016 5
    endloop
  endfacet
  facet normal 0.7518398074789905 0.6593458151000539 -5.510669551487089e-18
    outer loop
      vertex 62.52132034355965 112.52132034355965 2
      vertex 62.78006002087371 112.22628428702616 5
      vertex 62.78006002087371 112.22628428702616 2
    endloop
  endfacet
  facet normal -0.32143946530313383 0.9469301294951151 0
    outer loop
      vertex 59.623542864692446 113.2977774788672 2
      vertex 59.25194970290474 113.17163859753387 5
      vertex 59.623542864692446 113.2977774788672 5
    endloop
  endfacet
  facet normal -0.19509032201615756 0.9807852804032244 0
    outer loop
      vertex 60.008421423339854 113.37433458412144 2
      vertex 59.623542864692446 113.2977774788672 5
      vertex 60.008421423339854 113.37433458412144 5
    endloop
  endfacet
  facet normal -0.06540312923013057 0.9978589232386043 0
    outer loop
      vertex 60.400000000000006 113.4 2
      vertex 60.008421423339854 113.37433458412144 5
      vertex 60.400000000000006 113.4 5
    endloop
  endfacet
  facet normal 0.06540312923013057 0.9978589232386043 0
    outer loop
      vertex 60.79157857666016 113.37433458412144 2
      vertex 60.400000000000006 113.4 5
      vertex 60.79157857666016 113.37433458412144 5
    endloop
  endfacet
  facet normal 0.19509032201615756 0.9807852804032244 0
    outer loop
      vertex 61.176457135307565 113.2977774788672 2
      vertex 60.79157857666016 113.37433458412144 5
      vertex 61.176457135307565 113.2977774788672 5
    endloop
  endfacet
  facet normal 0.32143946530313383 0.9469301294951151 0
    outer loop
      vertex 61.54805029709527 113.17163859753387 2
      vertex 61.176457135307565 113.2977774788672 5
      vertex 61.54805029709527 113.17163859753387 5
    endloop
  endfacet
  facet normal 0.4422886902190092 0.8968727415326844 0
    outer loop
      vertex 61.900000000000006 112.99807621135332 2
      vertex 61.54805029709527 113.17163859753387 5
      vertex 61.900000000000006 112.99807621135332 5
    endloop
  endfacet
  facet normal 0.5555702330196126 0.8314696123025384 0
    outer loop
      vertex 62.22628428702617 112.7800600208737 2
      vertex 61.900000000000006 112.99807621135332 5
      vertex 62.22628428702617 112.7800600208737 5
    endloop
  endfacet
  facet normal 0.6593458151000527 0.7518398074789916 0
    outer loop
      vertex 62.52132034355965 112.52132034355965 2
      vertex 62.22628428702617 112.7800600208737 5
      vertex 62.52132034355965 112.52132034355965 5
    endloop
  endfacet
  facet normal 0.8968727415326916 0.4422886902189947 0
    outer loop
      vertex 62.99807621135332 111.9 2
      vertex 62.99807621135332 111.9 5
      vertex 63.171638597533864 111.54805029709527 5
    endloop
  endfacet
  facet normal 0.8314696123025411 0.5555702330196085 0
    outer loop
      vertex 62.78006002087371 112.22628428702616 2
      vertex 62.78006002087371 112.22628428702616 5
      vertex 62.99807621135332 111.9 5
    endloop
  endfacet
  facet normal 0.9978589232386031 0.0654031292301486 0
    outer loop
      vertex 63.374334584121435 110.79157857666016 2
      vertex 63.374334584121435 110.79157857666016 5
      vertex 63.400000000000006 110.4 5
    endloop
  endfacet
  facet normal 0.9807852804032322 0.19509032201611928 0
    outer loop
      vertex 63.29777747886721 111.17645713530757 2
      vertex 63.29777747886721 111.17645713530757 5
      vertex 63.374334584121435 110.79157857666016 5
    endloop
  endfacet
  facet normal 0.9469301294951021 0.3214394653031718 0
    outer loop
      vertex 63.171638597533864 111.54805029709527 2
      vertex 63.171638597533864 111.54805029709527 5
      vertex 63.29777747886721 111.17645713530757 5
    endloop
  endfacet
  facet normal 0.7518398074789905 0.6593458151000539 0
    outer loop
      vertex 62.52132034355965 112.52132034355965 2
      vertex 62.52132034355965 112.52132034355965 5
      vertex 62.78006002087371 112.22628428702616 5
    endloop
  endfacet
  facet normal 0 0 1
    outer loop
      vertex 57.425665415878576 110.00842142333985 5
      vertex 57.425665415878576 110.79157857666016 5
      vertex 57.400000000000006 110.4 5
    endloop
  endfacet
  facet normal 0 0 1
    outer loop
      vertex 57.62836140246615 109.25194970290474 5
      vertex 57.80192378864669 108.9 5
      vertex 57.62836140246615 111.54805029709527 5
    endloop
  endfacet
  facet normal 0 0 1
    outer loop
      vertex 57.425665415878576 110.00842142333985 5
      vertex 57.5022225211328 109.62354286469244 5
      vertex 57.425665415878576 110.79157857666016 5
    endloop
  endfacet
  facet normal 0 0 1
    outer loop
      vertex 57.62836140246615 109.25194970290474 5
      vertex 57.5022225211328 111.17645713530757 5
      vertex 57.5022225211328 109.62354286469244 5
    endloop
  endfacet
  facet normal 0 0 1
    outer loop
      vertex 57.80192378864669 108.9 5
      vertex 58.0199399791263 108.57371571297385 5
      vertex 57.80192378864669 111.9 5
    endloop
  endfacet
  facet normal 0 0 1
    outer loop
      vertex 58.0199399791263 108.57371571297385 5
      vertex 58.27867965644036 108.27867965644036 5
      vertex 58.0199399791263 112.22628428702616 5
    endloop
  endfacet
  facet normal 0 0 1
    outer loop
      vertex 58.27867965644036 108.27867965644036 5
      vertex 58.57371571297384 108.0199399791263 5
      vertex 58.27867965644036 112.52132034355965 5
    endloop
  endfacet
  facet normal 0 0 1
    outer loop
      vertex 58.900000000000006 107.80192378864669 5
      vertex 59.25194970290474 107.62836140246614 5
      vertex 58.900000000000006 112.99807621135332 5
    endloop
  endfacet
  facet normal 0 0 1
    outer loop
      vertex 58.57371571297384 108.0199399791263 5
      vertex 58.900000000000006 107.80192378864669 5
      vertex 58.57371571297384 112.7800600208737 5
    endloop
  endfacet
  facet normal 0 0 1
    outer loop
      vertex 58.900000000000006 112.99807621135332 5
      vertex 59.25194970290474 107.62836140246614 5
      vertex 59.150000000000006 110.4 5
    endloop
  endfacet
  facet normal 0 0 1
    outer loop
      vertex 57.5022225211328 109.62354286469244 5
      vertex 57.5022225211328 111.17645713530757 5
      vertex 57.425665415878576 110.79157857666016 5
    endloop
  endfacet
  facet normal 0 0 1
    outer loop
      vertex 57.62836140246615 109.25194970290474 5
      vertex 57.62836140246615 111.54805029709527 5
      vertex 57.5022225211328 111.17645713530757 5
    endloop
  endfacet
  facet normal 0 0 1
    outer loop
      vertex 57.80192378864669 108.9 5
      vertex 57.80192378864669 111.9 5
      vertex 57.62836140246615 111.54805029709527 5
    endloop
  endfacet
  facet normal 0 0 1
    outer loop
      vertex 58.0199399791263 108.57371571297385 5
      vertex 58.0199399791263 112.22628428702616 5
      vertex 57.80192378864669 111.9 5
    endloop
  endfacet
  facet normal 0 0 1
    outer loop
      vertex 58.27867965644036 108.27867965644036 5
      vertex 58.27867965644036 112.52132034355965 5
      vertex 58.0199399791263 112.22628428702616 5
    endloop
  endfacet
  facet normal 0 0 1
    outer loop
      vertex 58.57371571297384 108.0199399791263 5
      vertex 58.57371571297384 112.7800600208737 5
      vertex 58.27867965644036 112.52132034355965 5
    endloop
  endfacet
  facet normal 0 0 1
    outer loop
      vertex 58.900000000000006 107.80192378864669 5
      vertex 58.900000000000006 112.99807621135332 5
      vertex 58.57371571297384 112.7800600208737 5
    endloop
  endfacet
  facet normal 0 0 1
    outer loop
      vertex 58.900000000000006 112.99807621135332 5
      vertex 59.150000000000006 110.4 5
      vertex 59.16069392328274 110.56315774027507 5
    endloop
  endfacet
  facet normal 0 0 1
    outer loop
      vertex 58.900000000000006 112.99807621135332 5
      vertex 59.16069392328274 110.56315774027507 5
      vertex 59.19259271713867 110.72352380637815 5
    endloop
  endfacet
  facet normal 0 0 1
    outer loop
      vertex 58.900000000000006 112.99807621135332 5
      vertex 59.19259271713867 110.72352380637815 5
      vertex 59.2451505843609 110.87835429045637 5
    endloop
  endfacet
  facet normal 0 0 1
    outer loop
      vertex 59.25194970290474 107.62836140246614 5
      vertex 59.623542864692446 107.50222252113281 5
      vertex 59.40830832463596 109.6390482137391 5
    endloop
  endfacet
  facet normal 0 0 1
    outer loop
      vertex 59.623542864692446 107.50222252113281 5
      vertex 60.008421423339854 107.42566541587857 5
      vertex 59.775000000000006 109.31746824526945 5
    endloop
  endfacet
  facet normal 0 0 1
    outer loop
      vertex 60.008421423339854 107.42566541587857 5
      vertex 60.400000000000006 107.4 5
      vertex 60.23684225972494 109.16069392328274 5
    endloop
  endfacet
  facet normal 0 0 1
    outer loop
      vertex 60.008421423339854 107.42566541587857 5
      vertex 60.23684225972494 109.16069392328274 5
      vertex 60.07647619362186 109.19259271713867 5
    endloop
  endfacet
  facet normal 0 0 1
    outer loop
      vertex 59.25194970290474 107.62836140246614 5
      vertex 59.40830832463596 109.6390482137391 5
      vertex 59.31746824526946 109.775 5
    endloop
  endfacet
  facet normal 0 0 1
    outer loop
      vertex 59.25194970290474 107.62836140246614 5
      vertex 59.31746824526946 109.775 5
      vertex 59.2451505843609 109.92164570954364 5
    endloop
  endfacet
  facet normal 0 0 1
    outer loop
      vertex 59.25194970290474 107.62836140246614 5
      vertex 59.2451505843609 109.92164570954364 5
      vertex 59.19259271713867 110.07647619362186 5
    endloop
  endfacet
  facet normal 0 0 1
    outer loop
      vertex 59.25194970290474 107.62836140246614 5
      vertex 59.19259271713867 110.07647619362186 5
      vertex 59.16069392328274 110.23684225972494 5
    endloop
  endfacet
  facet normal 0 0 1
    outer loop
      vertex 59.25194970290474 107.62836140246614 5
      vertex 59.16069392328274 110.23684225972494 5
      vertex 59.150000000000006 110.4 5
    endloop
  endfacet
  facet normal 0 0 1
    outer loop
      vertex 59.623542864692446 107.50222252113281 5
      vertex 59.51611652351682 109.51611652351681 5
      vertex 59.40830832463596 109.6390482137391 5
    endloop
  endfacet
  facet normal 0 0 1
    outer loop
      vertex 59.623542864692446 107.50222252113281 5
      vertex 59.6390482137391 109.40830832463597 5
      vertex 59.51611652351682 109.51611652351681 5
    endloop
  endfacet
  facet normal 0 0 1
    outer loop
      vertex 59.623542864692446 107.50222252113281 5
      vertex 59.775000000000006 109.31746824526945 5
      vertex 59.6390482137391 109.40830832463597 5
    endloop
  endfacet
  facet normal 0 0 1
    outer loop
      vertex 60.008421423339854 107.42566541587857 5
      vertex 59.92164570954365 109.2451505843609 5
      vertex 59.775000000000006 109.31746824526945 5
    endloop
  endfacet
  facet normal 0 0 1
    outer loop
      vertex 60.008421423339854 107.42566541587857 5
      vertex 60.07647619362186 109.19259271713867 5
      vertex 59.92164570954365 109.2451505843609 5
    endloop
  endfacet
  facet normal 0 0 1
    outer loop
      vertex 60.400000000000006 107.4 5
      vertex 60.400000000000006 109.15 5
      vertex 60.23684225972494 109.16069392328274 5
    endloop
  endfacet
  facet normal 0 0 1
    outer loop
      vertex 60.400000000000006 107.4 5
      vertex 60.563157740275074 109.16069392328274 5
      vertex 60.400000000000006 109.15 5
    endloop
  endfacet
  facet normal 0 0 1
    outer loop
      vertex 60.400000000000006 107.4 5
      vertex 60.79157857666016 107.42566541587857 5
      vertex 60.563157740275074 109.16069392328274 5
    endloop
  endfacet
  facet normal 0 0 1
    outer loop
      vertex 60.79157857666016 107.42566541587857 5
      vertex 60.723523806378154 109.19259271713867 5
      vertex 60.563157740275074 109.16069392328274 5
    endloop
  endfacet
  facet normal 0 0 1
    outer loop
      vertex 60.79157857666016 107.42566541587857 5
      vertex 61.176457135307565 107.50222252113281 5
      vertex 60.723523806378154 109.19259271713867 5
    endloop
  endfacet
  facet normal 0 0 1
    outer loop
      vertex 61.176457135307565 107.50222252113281 5
      vertex 61.54805029709527 107.62836140246614 5
      vertex 61.16095178626091 109.40830832463597 5
    endloop
  endfacet
  facet normal 0 0 1
    outer loop
      vertex 61.176457135307565 107.50222252113281 5
      vertex 60.878354290456365 109.2451505843609 5
      vertex 60.723523806378154 109.19259271713867 5
    endloop
  endfacet
  facet normal 0 0 1
    outer loop
      vertex 61.176457135307565 107.50222252113281 5
      vertex 61.025000000000006 109.31746824526945 5
      vertex 60.878354290456365 109.2451505843609 5
    endloop
  endfacet
  facet normal 0 0 1
    outer loop
      vertex 61.176457135307565 107.50222252113281 5
      vertex 61.16095178626091 109.40830832463597 5
      vertex 61.025000000000006 109.31746824526945 5
    endloop
  endfacet
  facet normal 0 0 1
    outer loop
      vertex 61.54805029709527 107.62836140246614 5
      vertex 61.28388347648319 109.51611652351681 5
      vertex 61.16095178626091 109.40830832463597 5
    endloop
  endfacet
  facet normal 0 0 1
    outer loop
      vertex 61.54805029709527 107.62836140246614 5
      vertex 61.39169167536405 109.6390482137391 5
      vertex 61.28388347648319 109.51611652351681 5
    endloop
  endfacet
  facet normal 0 0 1
    outer loop
      vertex 61.54805029709527 107.62836140246614 5
      vertex 61.900000000000006 107.80192378864669 5
      vertex 61.48253175473055 109.775 5
    endloop
  endfacet
  facet normal 0 0 1
    outer loop
      vertex 61.54805029709527 107.62836140246614 5
      vertex 61.48253175473055 109.775 5
      vertex 61.39169167536405 109.6390482137391 5
    endloop
  endfacet
  facet normal 0 0 1
    outer loop
      vertex 61.900000000000006 107.80192378864669 5
      vertex 61.55484941563911 109.92164570954364 5
      vertex 61.48253175473055 109.775 5
    endloop
  endfacet
  facet normal 0 0 1
    outer loop
      vertex 61.900000000000006 107.80192378864669 5
      vertex 61.60740728286134 110.07647619362186 5
      vertex 61.55484941563911 109.92164570954364 5
    endloop
  endfacet
  facet normal 0 0 1
    outer loop
      vertex 61.900000000000006 107.80192378864669 5
      vertex 61.63930607671727 110.23684225972494 5
      vertex 61.60740728286134 110.07647619362186 5
    endloop
  endfacet
  facet normal 0 0 1
    outer loop
      vertex 61.900000000000006 107.80192378864669 5
      vertex 61.650000000000006 110.4 5
      vertex 61.63930607671727 110.23684225972494 5
    endloop
  endfacet
  facet normal 0 0 1
    outer loop
      vertex 61.900000000000006 107.80192378864669 5
      vertex 62.22628428702617 108.0199399791263 5
      vertex 61.900000000000006 112.99807621135332 5
    endloop
  endfacet
  facet normal 0 0 1
    outer loop
      vertex 62.22628428702617 108.0199399791263 5
      vertex 62.52132034355965 108.27867965644036 5
      vertex 62.22628428702617 112.7800600208737 5
    endloop
  endfacet
  facet normal 0 0 1
    outer loop
      vertex 62.52132034355965 108.27867965644036 5
      vertex 62.78006002087371 108.57371571297385 5
      vertex 62.52132034355965 112.52132034355965 5
    endloop
  endfacet
  facet normal 0 0 1
    outer loop
      vertex 62.78006002087371 108.57371571297385 5
      vertex 62.99807621135332 108.9 5
      vertex 62.78006002087371 112.22628428702616 5
    endloop
  endfacet
  facet normal 0 0 1
    outer loop
      vertex 62.99807621135332 108.9 5
      vertex 63.171638597533864 109.25194970290474 5
      vertex 62.99807621135332 111.9 5
    endloop
  endfacet
  facet normal 0 0 1
    outer loop
      vertex 63.171638597533864 109.25194970290474 5
      vertex 63.29777747886721 109.62354286469244 5
      vertex 63.171638597533864 111.54805029709527 5
    endloop
  endfacet
  facet normal 0 0 1
    outer loop
      vertex 63.29777747886721 109.62354286469244 5
      vertex 63.374334584121435 110.00842142333985 5
      vertex 63.29777747886721 111.17645713530757 5
    endloop
  endfacet
  facet normal 0 0 1
    outer loop
      vertex 63.374334584121435 110.00842142333985 5
      vertex 63.400000000000006 110.4 5
      vertex 63.374334584121435 110.79157857666016 5
    endloop
  endfacet
  facet normal 0 0 1
    outer loop
      vertex 58.900000000000006 112.99807621135332 5
      vertex 59.2451505843609 110.87835429045637 5
      vertex 59.31746824526946 111.025 5
    endloop
  endfacet
  facet normal 0 0 1
    outer loop
      vertex 59.25194970290474 113.17163859753387 5
      vertex 59.31746824526946 111.025 5
      vertex 59.40830832463596 111.16095178626091 5
    endloop
  endfacet
  facet normal 0 0 1
    outer loop
      vertex 59.25194970290474 113.17163859753387 5
      vertex 59.40830832463596 111.16095178626091 5
      vertex 59.51611652351682 111.2838834764832 5
    endloop
  endfacet
  facet normal 0 0 1
    outer loop
      vertex 59.25194970290474 113.17163859753387 5
      vertex 59.51611652351682 111.2838834764832 5
      vertex 59.6390482137391 111.39169167536404 5
    endloop
  endfacet
  facet normal 0 0 1
    outer loop
      vertex 59.623542864692446 113.2977774788672 5
      vertex 59.6390482137391 111.39169167536404 5
      vertex 59.775000000000006 111.48253175473056 5
    endloop
  endfacet
  facet normal 0 0 1
    outer loop
      vertex 59.623542864692446 113.2977774788672 5
      vertex 59.775000000000006 111.48253175473056 5
      vertex 59.92164570954365 111.55484941563911 5
    endloop
  endfacet
  facet normal 0 0 1
    outer loop
      vertex 59.623542864692446 113.2977774788672 5
      vertex 59.92164570954365 111.55484941563911 5
      vertex 60.07647619362186 111.60740728286135 5
    endloop
  endfacet
  facet normal 0 0 1
    outer loop
      vertex 60.008421423339854 113.37433458412144 5
      vertex 60.07647619362186 111.60740728286135 5
      vertex 60.23684225972494 111.63930607671728 5
    endloop
  endfacet
  facet normal 0 0 1
    outer loop
      vertex 58.900000000000006 112.99807621135332 5
      vertex 59.31746824526946 111.025 5
      vertex 59.25194970290474 113.17163859753387 5
    endloop
  endfacet
  facet normal 0 0 1
    outer loop
      vertex 59.25194970290474 113.17163859753387 5
      vertex 59.6390482137391 111.39169167536404 5
      vertex 59.623542864692446 113.2977774788672 5
    endloop
  endfacet
  facet normal 0 0 1
    outer loop
      vertex 59.623542864692446 113.2977774788672 5
      vertex 60.07647619362186 111.60740728286135 5
      vertex 60.008421423339854 113.37433458412144 5
    endloop
  endfacet
  facet normal 0 0 1
    outer loop
      vertex 60.008421423339854 113.37433458412144 5
      vertex 60.23684225972494 111.63930607671728 5
      vertex 60.400000000000006 113.4 5
    endloop
  endfacet
  facet normal 0 0 1
    outer loop
      vertex 60.400000000000006 113.4 5
      vertex 60.23684225972494 111.63930607671728 5
      vertex 60.400000000000006 111.65 5
    endloop
  endfacet
  facet normal 0 0 1
    outer loop
      vertex 60.400000000000006 113.4 5
      vertex 60.400000000000006 111.65 5
      vertex 60.563157740275074 111.63930607671728 5
    endloop
  endfacet
  facet normal 0 0 1
    outer loop
      vertex 60.79157857666016 113.37433458412144 5
      vertex 60.563157740275074 111.63930607671728 5
      vertex 60.723523806378154 111.60740728286135 5
    endloop
  endfacet
  facet normal 0 0 1
    outer loop
      vertex 60.79157857666016 113.37433458412144 5
      vertex 60.723523806378154 111.60740728286135 5
      vertex 60.878354290456365 111.55484941563911 5
    endloop
  endfacet
  facet normal 0 0 1
    outer loop
      vertex 60.79157857666016 113.37433458412144 5
      vertex 60.878354290456365 111.55484941563911 5
      vertex 61.025000000000006 111.48253175473056 5
    endloop
  endfacet
  facet normal 0 0 1
    outer loop
      vertex 61.176457135307565 113.2977774788672 5
      vertex 61.025000000000006 111.48253175473056 5
      vertex 61.16095178626091 111.39169167536404 5
    endloop
  endfacet
  facet normal 0 0 1
    outer loop
      vertex 61.176457135307565 113.2977774788672 5
      vertex 61.16095178626091 111.39169167536404 5
      vertex 61.28388347648319 111.2838834764832 5
    endloop
  endfacet
  facet normal 0 0 1
    outer loop
      vertex 61.176457135307565 113.2977774788672 5
      vertex 61.28388347648319 111.2838834764832 5
      vertex 61.39169167536405 111.16095178626091 5
    endloop
  endfacet
  facet normal 0 0 1
    outer loop
      vertex 60.400000000000006 113.4 5
      vertex 60.563157740275074 111.63930607671728 5
      vertex 60.79157857666016 113.37433458412144 5
    endloop
  endfacet
  facet normal 0 0 1
    outer loop
      vertex 60.79157857666016 113.37433458412144 5
      vertex 61.025000000000006 111.48253175473056 5
      vertex 61.176457135307565 113.2977774788672 5
    endloop
  endfacet
  facet normal 0 0 1
    outer loop
      vertex 61.176457135307565 113.2977774788672 5
      vertex 61.39169167536405 111.16095178626091 5
      vertex 61.54805029709527 113.17163859753387 5
    endloop
  endfacet
  facet normal 0 0 1
    outer loop
      vertex 61.900000000000006 107.80192378864669 5
      vertex 61.54805029709527 113.17163859753387 5
      vertex 61.650000000000006 110.4 5
    endloop
  endfacet
  facet normal 0 0 1
    outer loop
      vertex 61.900000000000006 107.80192378864669 5
      vertex 61.900000000000006 112.99807621135332 5
      vertex 61.54805029709527 113.17163859753387 5
    endloop
  endfacet
  facet normal 0 0 1
    outer loop
      vertex 61.54805029709527 113.17163859753387 5
      vertex 61.39169167536405 111.16095178626091 5
      vertex 61.48253175473055 111.025 5
    endloop
  endfacet
  facet normal 0 0 1
    outer loop
      vertex 61.54805029709527 113.17163859753387 5
      vertex 61.48253175473055 111.025 5
      vertex 61.55484941563911 110.87835429045637 5
    endloop
  endfacet
  facet normal 0 0 1
    outer loop
      vertex 61.54805029709527 113.17163859753387 5
      vertex 61.63930607671727 110.56315774027507 5
      vertex 61.650000000000006 110.4 5
    endloop
  endfacet
  facet normal 0 0 1
    outer loop
      vertex 61.54805029709527 113.17163859753387 5
      vertex 61.60740728286134 110.72352380637815 5
      vertex 61.63930607671727 110.56315774027507 5
    endloop
  endfacet
  facet normal 0 0 1
    outer loop
      vertex 61.54805029709527 113.17163859753387 5
      vertex 61.55484941563911 110.87835429045637 5
      vertex 61.60740728286134 110.72352380637815 5
    endloop
  endfacet
  facet normal 0 0 1
    outer loop
      vertex 62.22628428702617 108.0199399791263 5
      vertex 62.22628428702617 112.7800600208737 5
      vertex 61.900000000000006 112.99807621135332 5
    endloop
  endfacet
  facet normal 0 0 1
    outer loop
      vertex 62.52132034355965 108.27867965644036 5
      vertex 62.52132034355965 112.52132034355965 5
      vertex 62.22628428702617 112.7800600208737 5
    endloop
  endfacet
  facet normal 0 0 1
    outer loop
      vertex 62.78006002087371 108.57371571297385 5
      vertex 62.78006002087371 112.22628428702616 5
      vertex 62.52132034355965 112.52132034355965 5
    endloop
  endfacet
  facet normal 0 0 1
    outer loop
      vertex 62.99807621135332 108.9 5
      vertex 62.99807621135332 111.9 5
      vertex 62.78006002087371 112.22628428702616 5
    endloop
  endfacet
  facet normal 0 0 1
    outer loop
      vertex 63.171638597533864 109.25194970290474 5
      vertex 63.171638597533864 111.54805029709527 5
      vertex 62.99807621135332 111.9 5
    endloop
  endfacet
  facet normal 0 0 1
    outer loop
      vertex 63.29777747886721 109.62354286469244 5
      vertex 63.29777747886721 111.17645713530757 5
      vertex 63.171638597533864 111.54805029709527 5
    endloop
  endfacet
  facet normal 0 0 1
    outer loop
      vertex 63.374334584121435 110.00842142333985 5
      vertex 63.374334584121435 110.79157857666016 5
      vertex 63.29777747886721 111.17645713530757 5
    endloop
  endfacet
  facet normal 0 -1 0
    outer loop
      vertex 10.399999999999999 3.4 2
      vertex 13.399999999999999 3.4 2
      vertex 13.399999999999999 3.4 5
    endloop
  endfacet
  facet normal 0 -1 0
    outer loop
      vertex 10.399999999999999 3.4 2
      vertex 13.399999999999999 3.4 5
      vertex 10.399999999999999 3.4 5
    endloop
  endfacet
  facet normal 1 0 0
    outer loop
      vertex 13.399999999999999 3.4 2
      vertex 13.399999999999999 31.4 2
      vertex 13.399999999999999 3.4 5
    endloop
  endfacet
  facet normal 1 0 0
    outer loop
      vertex 13.399999999999999 3.4 5
      vertex 13.399999999999999 31.4 2
      vertex 13.399999999999999 31.4 5
    endloop
  endfacet
  facet normal 0 0 1
    outer loop
      vertex 10.399999999999999 3.4 5
      vertex 13.399999999999999 3.4 5
      vertex 10.399999999999999 31.4 5
    endloop
  endfacet
  facet normal 0 0 1
    outer loop
      vertex 13.399999999999999 3.4 5
      vertex 13.399999999999999 31.4 5
      vertex 10.399999999999999 31.4 5
    endloop
  endfacet
  facet normal 0 1 0
    outer loop
      vertex 10.399999999999999 31.4 2
      vertex 10.399999999999999 31.4 5
      vertex 13.399999999999999 31.4 2
    endloop
  endfacet
  facet normal 0 1 0
    outer loop
      vertex 13.399999999999999 31.4 2
      vertex 10.399999999999999 31.4 5
      vertex 13.399999999999999 31.4 5
    endloop
  endfacet
  facet normal -1 0 0
    outer loop
      vertex 8.799999999999999 3.4 2
      vertex 8.799999999999999 31.4 7
      vertex 8.799999999999999 31.4 2
    endloop
  endfacet
  facet normal 0 -1 0
    outer loop
      vertex 8.799999999999999 3.4 2
      vertex 10.399999999999999 3.4 2
      vertex 10.399999999999999 3.4 5
    endloop
  endfacet
  facet normal -1 0 0
    outer loop
      vertex 8.799999999999999 3.4 2
      vertex 8.799999999999999 3.4 7
      vertex 8.799999999999999 31.4 7
    endloop
  endfacet
  facet normal 0 -1 0
    outer loop
      vertex 8.799999999999999 3.4 2
      vertex 10.399999999999999 3.4 5
      vertex 10.399999999999999 3.4 7
    endloop
  endfacet
  facet normal 0 -1 0
    outer loop
      vertex 8.799999999999999 3.4 2
      vertex 10.399999999999999 3.4 7
      vertex 8.799999999999999 3.4 7
    endloop
  endfacet
  facet normal 1 0 0
    outer loop
      vertex 10.399999999999999 3.4 5
      vertex 10.399999999999999 31.4 7
      vertex 10.399999999999999 3.4 7
    endloop
  endfacet
  facet normal 0 0 1
    outer loop
      vertex 8.799999999999999 3.4 7
      vertex 10.399999999999999 3.4 7
      vertex 8.799999999999999 31.4 7
    endloop
  endfacet
  facet normal 1 0 0
    outer loop
      vertex 10.399999999999999 3.4 5
      vertex 10.399999999999999 31.4 5
      vertex 10.399999999999999 31.4 7
    endloop
  endfacet
  facet normal 0 0 1
    outer loop
      vertex 10.399999999999999 3.4 7
      vertex 10.399999999999999 31.4 7
      vertex 8.799999999999999 31.4 7
    endloop
  endfacet
  facet normal 0 1 0
    outer loop
      vertex 8.799999999999999 31.4 2
      vertex 8.799999999999999 31.4 7
      vertex 10.399999999999999 31.4 2
    endloop
  endfacet
  facet normal 0 1 0
    outer loop
      vertex 10.399999999999999 31.4 2
      vertex 8.799999999999999 31.4 7
      vertex 10.399999999999999 31.4 5
    endloop
  endfacet
  facet normal 0 1 0
    outer loop
      vertex 8.799999999999999 31.4 7
      vertex 10.399999999999999 31.4 7
      vertex 10.399999999999999 31.4 5
    endloop
  endfacet
  facet normal 0 -1 0
    outer loop
      vertex 59.4 3.4 2
      vertex 62.4 3.4 2
      vertex 62.4 3.4 5
    endloop
  endfacet
  facet normal 0 -1 0
    outer loop
      vertex 59.4 3.4 2
      vertex 62.4 3.4 5
      vertex 59.4 3.4 5
    endloop
  endfacet
  facet normal -1 0 0
    outer loop
      vertex 59.4 3.4 2
      vertex 59.4 3.4 5
      vertex 59.4 31.4 5
    endloop
  endfacet
  facet normal -1 0 0
    outer loop
      vertex 59.4 3.4 2
      vertex 59.4 31.4 5
      vertex 59.4 31.4 2
    endloop
  endfacet
  facet normal 0 0 1
    outer loop
      vertex 59.4 3.4 5
      vertex 62.4 3.4 5
      vertex 59.4 31.4 5
    endloop
  endfacet
  facet normal 0 0 1
    outer loop
      vertex 62.4 3.4 5
      vertex 62.4 31.4 5
      vertex 59.4 31.4 5
    endloop
  endfacet
  facet normal 0 1 0
    outer loop
      vertex 59.4 31.4 2
      vertex 59.4 31.4 5
      vertex 62.4 31.4 2
    endloop
  endfacet
  facet normal 0 1 0
    outer loop
      vertex 62.4 31.4 2
      vertex 59.4 31.4 5
      vertex 62.4 31.4 5
    endloop
  endfacet
  facet normal 0 -1 0
    outer loop
      vertex 62.4 3.4 2
      vertex 64 3.4 2
      vertex 64 3.4 7
    endloop
  endfacet
  facet normal 1 0 0
    outer loop
      vertex 64 3.4 2
      vertex 64 31.4 2
      vertex 64 3.4 7
    endloop
  endfacet
  facet normal 0 -1 0
    outer loop
      vertex 62.4 3.4 2
      vertex 64 3.4 7
      vertex 62.4 3.4 5
    endloop
  endfacet
  facet normal 0 -1 0
    outer loop
      vertex 62.4 3.4 5
      vertex 64 3.4 7
      vertex 62.4 3.4 7
    endloop
  endfacet
  facet normal -1 0 0
    outer loop
      vertex 62.4 3.4 5
      vertex 62.4 3.4 7
      vertex 62.4 31.4 7
    endloop
  endfacet
  facet normal 0 0 1
    outer loop
      vertex 62.4 3.4 7
      vertex 64 3.4 7
      vertex 62.4 31.4 7
    endloop
  endfacet
  facet normal -1 0 0
    outer loop
      vertex 62.4 3.4 5
      vertex 62.4 31.4 7
      vertex 62.4 31.4 5
    endloop
  endfacet
  facet normal 0 0 1
    outer loop
      vertex 64 3.4 7
      vertex 64 31.4 7
      vertex 62.4 31.4 7
    endloop
  endfacet
  facet normal 1 0 0
    outer loop
      vertex 64 3.4 7
      vertex 64 31.4 2
      vertex 64 31.4 7
    endloop
  endfacet
  facet normal 0 1 0
    outer loop
      vertex 62.4 31.4 2
      vertex 62.4 31.4 5
      vertex 64 31.4 2
    endloop
  endfacet
  facet normal 0 1 0
    outer loop
      vertex 64 31.4 2
      vertex 62.4 31.4 5
      vertex 62.4 31.4 7
    endloop
  endfacet
  facet normal 0 1 0
    outer loop
      vertex 64 31.4 2
      vertex 62.4 31.4 7
      vertex 64 31.4 7
    endloop
  endfacet
  facet normal -1 0 0
    outer loop
      vertex 9.399999999999999 33.8 2
      vertex 9.399999999999999 35.4 6
      vertex 9.399999999999999 35.4 2
    endloop
  endfacet
  facet normal -1 0 0
    outer loop
      vertex 9.399999999999999 33.8 2
      vertex 9.399999999999999 33.8 6
      vertex 9.399999999999999 35.4 6
    endloop
  endfacet
  facet normal 0 1 0
    outer loop
      vertex 9.399999999999999 35.4 2
      vertex 9.399999999999999 35.4 6
      vertex 63.4 35.4 2
    endloop
  endfacet
  facet normal 0 -1 0
    outer loop
      vertex 9.399999999999999 33.8 2
      vertex 63.4 33.8 6
      vertex 9.399999999999999 33.8 6
    endloop
  endfacet
  facet normal 0 0 1
    outer loop
      vertex 9.399999999999999 33.8 6
      vertex 63.4 33.8 6
      vertex 9.399999999999999 35.4 6
    endloop
  endfacet
  facet normal 0 -1 0
    outer loop
      vertex 9.399999999999999 33.8 2
      vertex 52.63770197486536 33.8 2
      vertex 63.4 33.8 6
    endloop
  endfacet
  facet normal 0 1 0
    outer loop
      vertex 9.399999999999999 35.4 6
      vertex 63.4 35.4 6
      vertex 63.4 35.4 2
    endloop
  endfacet
  facet normal 0 0 1
    outer loop
      vertex 9.399999999999999 35.4 6
      vertex 63.4 33.8 6
      vertex 63.4 35.4 6
    endloop
  endfacet
  facet normal 0 -1 0
    outer loop
      vertex 52.63770197486536 33.8 2
      vertex 63.4 33.8 2
      vertex 63.4 33.8 6
    endloop
  endfacet
  facet normal 1 0 0
    outer loop
      vertex 63.4 33.8 2
      vertex 63.4 35.4 2
      vertex 63.4 33.8 6
    endloop
  endfacet
  facet normal 1 0 0
    outer loop
      vertex 63.4 35.4 2
      vertex 63.4 35.4 6
      vertex 63.4 33.8 6
    endloop
  endfacet
  facet normal -1 0 0
    outer loop
      vertex 9.399999999999999 70.4 2
      vertex 9.399999999999999 72 6
      vertex 9.399999999999999 72 2
    endloop
  endfacet
  facet normal 0 1 0
    outer loop
      vertex 9.399999999999999 72 2
      vertex 9.399999999999999 72 6
      vertex 29.868581687612213 72 2
    endloop
  endfacet
  facet normal -1 0 0
    outer loop
      vertex 9.399999999999999 70.4 2
      vertex 9.399999999999999 70.4 6
      vertex 9.399999999999999 72 6
    endloop
  endfacet
  facet normal 0 1 0
    outer loop
      vertex 9.399999999999999 72 6
      vertex 63.4 72 2
      vertex 29.868581687612213 72 2
    endloop
  endfacet
  facet normal 0 -1 0
    outer loop
      vertex 9.399999999999999 70.4 2
      vertex 49.4 70.4 3.5
      vertex 49.4 70.4 6
    endloop
  endfacet
  facet normal 0 -1 0
    outer loop
      vertex 9.399999999999999 70.4 2
      vertex 49.4 70.4 6
      vertex 9.399999999999999 70.4 6
    endloop
  endfacet
  facet normal 0 0 1
    outer loop
      vertex 9.399999999999999 70.4 6
      vertex 49.4 72 6
      vertex 9.399999999999999 72 6
    endloop
  endfacet
  facet normal 0 1 0
    outer loop
      vertex 9.399999999999999 72 6
      vertex 49.4 72 6
      vertex 49.4 72 3.5
    endloop
  endfacet
  facet normal 0 0 1
    outer loop
      vertex 9.399999999999999 70.4 6
      vertex 49.4 70.4 6
      vertex 49.4 72 6
    endloop
  endfacet
  facet normal 0 -1 0
    outer loop
      vertex 9.399999999999999 70.4 2
      vertex 55.4 70.4 3.5
      vertex 49.4 70.4 3.5
    endloop
  endfacet
  facet normal 0 1 0
    outer loop
      vertex 9.399999999999999 72 6
      vertex 49.4 72 3.5
      vertex 63.4 72 2
    endloop
  endfacet
  facet normal 0 -1 0
    outer loop
      vertex 9.399999999999999 70.4 2
      vertex 63.4 70.4 2
      vertex 55.4 70.4 3.5
    endloop
  endfacet
  facet normal 0 1 0
    outer loop
      vertex 63.4 72 2
      vertex 49.4 72 3.5
      vertex 55.4 72 3.5
    endloop
  endfacet
  facet normal 0 1 0
    outer loop
      vertex 63.4 72 2
      vertex 55.4 72 3.5
      vertex 55.4 72 6
    endloop
  endfacet
  facet normal 0 -1 0
    outer loop
      vertex 63.4 70.4 2
      vertex 63.4 70.4 6
      vertex 55.4 70.4 3.5
    endloop
  endfacet
  facet normal 1 0 0
    outer loop
      vertex 63.4 70.4 2
      vertex 63.4 72 2
      vertex 63.4 70.4 6
    endloop
  endfacet
  facet normal 0 -1 0
    outer loop
      vertex 63.4 70.4 6
      vertex 55.4 70.4 6
      vertex 55.4 70.4 3.5
    endloop
  endfacet
  facet normal 0 0 1
    outer loop
      vertex 63.4 72 6
      vertex 55.4 72 6
      vertex 55.4 70.4 6
    endloop
  endfacet
  facet normal 0 1 0
    outer loop
      vertex 63.4 72 2
      vertex 55.4 72 6
      vertex 63.4 72 6
    endloop
  endfacet
  facet normal 1 0 0
    outer loop
      vertex 63.4 72 2
      vertex 63.4 72 6
      vertex 63.4 70.4 6
    endloop
  endfacet
  facet normal 0 0 1
    outer loop
      vertex 63.4 70.4 6
      vertex 63.4 72 6
      vertex 55.4 70.4 6
    endloop
  endfacet
  facet normal 0 0 1
    outer loop
      vertex 4.160693923282738 5.236842259724936 2
      vertex 4.160693923282738 5.563157740275065 2
      vertex 4.15 5.4 2
    endloop
  endfacet
  facet normal 0 0 1
    outer loop
      vertex 4.160693923282738 5.236842259724936 2
      vertex 4.192592717138665 5.07647619362185 2
      vertex 4.192592717138665 5.723523806378151 2
    endloop
  endfacet
  facet normal 0 0 1
    outer loop
      vertex 4.160693923282738 5.236842259724936 2
      vertex 4.192592717138665 5.723523806378151 2
      vertex 4.160693923282738 5.563157740275065 2
    endloop
  endfacet
  facet normal 0 0 1
    outer loop
      vertex 4.192592717138665 5.07647619362185 2
      vertex 4.245150584360892 4.921645709543638 2
      vertex 4.245150584360892 5.878354290456363 2
    endloop
  endfacet
  facet normal 0 0 1
    outer loop
      vertex 4.245150584360892 4.921645709543638 2
      vertex 4.317468245269453 4.775 2
      vertex 4.317468245269453 6.025 2
    endloop
  endfacet
  facet normal 0 0 1
    outer loop
      vertex 4.317468245269453 4.775 2
      vertex 4.408308324635956 4.6390482137391 2
      vertex 4.408308324635956 6.160951786260901 2
    endloop
  endfacet
  facet normal 0 0 1
    outer loop
      vertex 4.408308324635956 4.6390482137391 2
      vertex 4.516116523516816 4.516116523516816 2
      vertex 4.516116523516816 6.283883476483185 2
    endloop
  endfacet
  facet normal 0 0 1
    outer loop
      vertex 4.192592717138665 5.07647619362185 2
      vertex 4.245150584360892 5.878354290456363 2
      vertex 4.192592717138665 5.723523806378151 2
    endloop
  endfacet
  facet normal 0 0 1
    outer loop
      vertex 4.245150584360892 4.921645709543638 2
      vertex 4.317468245269453 6.025 2
      vertex 4.245150584360892 5.878354290456363 2
    endloop
  endfacet
  facet normal 0 0 1
    outer loop
      vertex 4.317468245269453 4.775 2
      vertex 4.408308324635956 6.160951786260901 2
      vertex 4.317468245269453 6.025 2
    endloop
  endfacet
  facet normal 0 0 1
    outer loop
      vertex 4.408308324635956 4.6390482137391 2
      vertex 4.516116523516816 6.283883476483185 2
      vertex 4.408308324635956 6.160951786260901 2
    endloop
  endfacet
  facet normal 0 0 1
    outer loop
      vertex 4.516116523516816 4.516116523516816 2
      vertex 4.6390482137391 4.408308324635956 2
      vertex 4.6390482137391 6.3916916753640445 2
    endloop
  endfacet
  facet normal 0 0 1
    outer loop
      vertex 4.6390482137391 4.408308324635956 2
      vertex 4.775 4.317468245269453 2
      vertex 4.775 6.482531754730548 2
    endloop
  endfacet
  facet normal 0 0 1
    outer loop
      vertex 4.775 4.317468245269453 2
      vertex 4.921645709543638 4.245150584360892 2
      vertex 4.921645709543638 6.554849415639109 2
    endloop
  endfacet
  facet normal 0 0 1
    outer loop
      vertex 4.921645709543638 4.245150584360892 2
      vertex 5.07647619362185 4.192592717138665 2
      vertex 5.07647619362185 6.6074072828613355 2
    endloop
  endfacet
  facet normal 0 0 1
    outer loop
      vertex 5.07647619362185 4.192592717138665 2
      vertex 5.236842259724936 4.160693923282738 2
      vertex 5.236842259724936 6.639306076717263 2
    endloop
  endfacet
  facet normal 0 0 1
    outer loop
      vertex 5.236842259724936 4.160693923282738 2
      vertex 5.4 4.15 2
      vertex 5.4 6.65 2
    endloop
  endfacet
  facet normal 0 0 1
    outer loop
      vertex 5.4 4.15 2
      vertex 5.563157740275065 4.160693923282738 2
      vertex 5.563157740275065 6.639306076717263 2
    endloop
  endfacet
  facet normal 0 0 1
    outer loop
      vertex 5.563157740275065 4.160693923282738 2
      vertex 5.723523806378151 4.192592717138665 2
      vertex 5.723523806378151 6.6074072828613355 2
    endloop
  endfacet
  facet normal 0 0 1
    outer loop
      vertex 4.516116523516816 4.516116523516816 2
      vertex 4.6390482137391 6.3916916753640445 2
      vertex 4.516116523516816 6.283883476483185 2
    endloop
  endfacet
  facet normal 0 0 1
    outer loop
      vertex 4.6390482137391 4.408308324635956 2
      vertex 4.775 6.482531754730548 2
      vertex 4.6390482137391 6.3916916753640445 2
    endloop
  endfacet
  facet normal 0 0 1
    outer loop
      vertex 4.775 4.317468245269453 2
      vertex 4.921645709543638 6.554849415639109 2
      vertex 4.775 6.482531754730548 2
    endloop
  endfacet
  facet normal 0 0 1
    outer loop
      vertex 4.921645709543638 4.245150584360892 2
      vertex 5.07647619362185 6.6074072828613355 2
      vertex 4.921645709543638 6.554849415639109 2
    endloop
  endfacet
  facet normal 0 0 1
    outer loop
      vertex 5.07647619362185 4.192592717138665 2
      vertex 5.236842259724936 6.639306076717263 2
      vertex 5.07647619362185 6.6074072828613355 2
    endloop
  endfacet
  facet normal 0 0 1
    outer loop
      vertex 5.236842259724936 4.160693923282738 2
      vertex 5.4 6.65 2
      vertex 5.236842259724936 6.639306076717263 2
    endloop
  endfacet
  facet normal 0 0 1
    outer loop
      vertex 5.4 4.15 2
      vertex 5.563157740275065 6.639306076717263 2
      vertex 5.4 6.65 2
    endloop
  endfacet
  facet normal 0 0 1
    outer loop
      vertex 5.563157740275065 4.160693923282738 2
      vertex 5.723523806378151 6.6074072828613355 2
      vertex 5.563157740275065 6.639306076717263 2
    endloop
  endfacet
  facet normal 0 0 1
    outer loop
      vertex 5.723523806378151 4.192592717138665 2
      vertex 5.878354290456363 4.245150584360892 2
      vertex 5.878354290456363 6.554849415639109 2
    endloop
  endfacet
  facet normal 0 0 1
    outer loop
      vertex 5.878354290456363 4.245150584360892 2
      vertex 6.025 4.317468245269453 2
      vertex 6.025 6.482531754730548 2
    endloop
  endfacet
  facet normal 0 0 1
    outer loop
      vertex 6.025 4.317468245269453 2
      vertex 6.160951786260901 4.408308324635956 2
      vertex 6.160951786260901 6.3916916753640445 2
    endloop
  endfacet
  facet normal 0 0 1
    outer loop
      vertex 6.160951786260901 4.408308324635956 2
      vertex 6.283883476483185 4.516116523516816 2
      vertex 6.283883476483185 6.283883476483185 2
    endloop
  endfacet
  facet normal 0 0 1
    outer loop
      vertex 6.283883476483185 4.516116523516816 2
      vertex 6.3916916753640445 4.6390482137391 2
      vertex 6.3916916753640445 6.160951786260901 2
    endloop
  endfacet
  facet normal 0 0 1
    outer loop
      vertex 6.3916916753640445 4.6390482137391 2
      vertex 6.482531754730548 4.775 2
      vertex 6.482531754730548 6.025 2
    endloop
  endfacet
  facet normal 0 0 1
    outer loop
      vertex 6.482531754730548 4.775 2
      vertex 6.554849415639109 4.921645709543638 2
      vertex 6.554849415639109 5.878354290456363 2
    endloop
  endfacet
  facet normal 0 0 1
    outer loop
      vertex 6.554849415639109 4.921645709543638 2
      vertex 6.6074072828613355 5.07647619362185 2
      vertex 6.6074072828613355 5.723523806378151 2
    endloop
  endfacet
  facet normal 0 0 1
    outer loop
      vertex 6.554849415639109 4.921645709543638 2
      vertex 6.6074072828613355 5.723523806378151 2
      vertex 6.554849415639109 5.878354290456363 2
    endloop
  endfacet
  facet normal 0 0 1
    outer loop
      vertex 6.6074072828613355 5.07647619362185 2
      vertex 6.639306076717263 5.236842259724936 2
      vertex 6.639306076717263 5.563157740275065 2
    endloop
  endfacet
  facet normal 0 0 1
    outer loop
      vertex 6.639306076717263 5.236842259724936 2
      vertex 6.65 5.4 2
      vertex 6.639306076717263 5.563157740275065 2
    endloop
  endfacet
  facet normal 0 0 1
    outer loop
      vertex 6.6074072828613355 5.07647619362185 2
      vertex 6.639306076717263 5.563157740275065 2
      vertex 6.6074072828613355 5.723523806378151 2
    endloop
  endfacet
  facet normal 0 0 1
    outer loop
      vertex 5.723523806378151 4.192592717138665 2
      vertex 5.878354290456363 6.554849415639109 2
      vertex 5.723523806378151 6.6074072828613355 2
    endloop
  endfacet
  facet normal 0 0 1
    outer loop
      vertex 5.878354290456363 4.245150584360892 2
      vertex 6.025 6.482531754730548 2
      vertex 5.878354290456363 6.554849415639109 2
    endloop
  endfacet
  facet normal 0 0 1
    outer loop
      vertex 6.025 4.317468245269453 2
      vertex 6.160951786260901 6.3916916753640445 2
      vertex 6.025 6.482531754730548 2
    endloop
  endfacet
  facet normal 0 0 1
    outer loop
      vertex 6.160951786260901 4.408308324635956 2
      vertex 6.283883476483185 6.283883476483185 2
      vertex 6.160951786260901 6.3916916753640445 2
    endloop
  endfacet
  facet normal 0 0 1
    outer loop
      vertex 6.283883476483185 4.516116523516816 2
      vertex 6.3916916753640445 6.160951786260901 2
      vertex 6.283883476483185 6.283883476483185 2
    endloop
  endfacet
  facet normal 0 0 1
    outer loop
      vertex 6.3916916753640445 4.6390482137391 2
      vertex 6.482531754730548 6.025 2
      vertex 6.3916916753640445 6.160951786260901 2
    endloop
  endfacet
  facet normal 0 0 1
    outer loop
      vertex 6.482531754730548 4.775 2
      vertex 6.554849415639109 5.878354290456363 2
      vertex 6.482531754730548 6.025 2
    endloop
  endfacet
  facet normal 0.7518398074789784 0.6593458151000678 0
    outer loop
      vertex 4.408308324635956 4.6390482137391 2
      vertex 4.408308324635956 4.6390482137391 17
      vertex 4.516116523516816 4.516116523516816 2
    endloop
  endfacet
  facet normal 0.9469301294951064 0.32143946530315926 0
    outer loop
      vertex 4.192592717138665 5.07647619362185 2
      vertex 4.192592717138665 5.07647619362185 17
      vertex 4.245150584360892 4.921645709543638 2
    endloop
  endfacet
  facet normal 0.9807852804032305 0.19509032201612833 0
    outer loop
      vertex 4.160693923282738 5.236842259724936 2
      vertex 4.160693923282738 5.236842259724936 17
      vertex 4.192592717138665 5.07647619362185 2
    endloop
  endfacet
  facet normal 0.9978589232386033 0.06540312923014452 -1.9811943396729994e-20
    outer loop
      vertex 4.160693923282738 5.236842259724936 2
      vertex 4.15 5.4 2
      vertex 4.15 5.4 17
    endloop
  endfacet
  facet normal 0.9978589232386033 -0.06540312923014452 1.9811943396729994e-20
    outer loop
      vertex 4.15 5.4 2
      vertex 4.160693923282738 5.563157740275065 2
      vertex 4.160693923282738 5.563157740275065 17
    endloop
  endfacet
  facet normal 0.8314696123025465 0.5555702330196005 0
    outer loop
      vertex 4.317468245269453 4.775 2
      vertex 4.317468245269453 4.775 17
      vertex 4.408308324635956 4.6390482137391 2
    endloop
  endfacet
  facet normal 0.8968727415326865 0.4422886902190048 0
    outer loop
      vertex 4.245150584360892 4.921645709543638 2
      vertex 4.245150584360892 4.921645709543638 17
      vertex 4.317468245269453 4.775 2
    endloop
  endfacet
  facet normal 0.9807852804032305 -0.19509032201612833 -1.1646348760996481e-19
    outer loop
      vertex 4.160693923282738 5.563157740275065 2
      vertex 4.192592717138665 5.723523806378151 2
      vertex 4.192592717138665 5.723523806378151 17
    endloop
  endfacet
  facet normal 0.9469301294951064 -0.32143946530315926 -2.722740701593649e-19
    outer loop
      vertex 4.192592717138665 5.723523806378151 2
      vertex 4.245150584360892 5.878354290456363 2
      vertex 4.245150584360892 5.878354290456363 17
    endloop
  endfacet
  facet normal 0.8968727415326865 -0.4422886902190048 -1.9520623786950401e-19
    outer loop
      vertex 4.245150584360892 5.878354290456363 2
      vertex 4.317468245269453 6.025 2
      vertex 4.317468245269453 6.025 17
    endloop
  endfacet
  facet normal 0.8314696123025465 -0.5555702330196005 -3.4639486812979457e-19
    outer loop
      vertex 4.317468245269453 6.025 2
      vertex 4.408308324635956 6.160951786260901 2
      vertex 4.408308324635956 6.160951786260901 17
    endloop
  endfacet
  facet normal 0.7518398074789784 -0.6593458151000678 -6.350715068325837e-20
    outer loop
      vertex 4.408308324635956 6.160951786260901 2
      vertex 4.516116523516816 6.283883476483185 2
      vertex 4.516116523516816 6.283883476483185 17
    endloop
  endfacet
  facet normal 0.6593458151000678 0.7518398074789784 0
    outer loop
      vertex 4.516116523516816 4.516116523516816 2
      vertex 4.516116523516816 4.516116523516816 17
      vertex 4.6390482137391 4.408308324635956 2
    endloop
  endfacet
  facet normal 0.5555702330196005 0.8314696123025465 0
    outer loop
      vertex 4.6390482137391 4.408308324635956 2
      vertex 4.6390482137391 4.408308324635956 17
      vertex 4.775 4.317468245269453 2
    endloop
  endfacet
  facet normal 0.4422886902190048 0.8968727415326865 0
    outer loop
      vertex 4.775 4.317468245269453 2
      vertex 4.775 4.317468245269453 17
      vertex 4.921645709543638 4.245150584360892 2
    endloop
  endfacet
  facet normal 0.32143946530315926 0.9469301294951064 0
    outer loop
      vertex 4.921645709543638 4.245150584360892 2
      vertex 4.921645709543638 4.245150584360892 17
      vertex 5.07647619362185 4.192592717138665 2
    endloop
  endfacet
  facet normal 0.19509032201612833 0.9807852804032305 0
    outer loop
      vertex 5.07647619362185 4.192592717138665 2
      vertex 5.07647619362185 4.192592717138665 17
      vertex 5.236842259724936 4.160693923282738 2
    endloop
  endfacet
  facet normal 0.06540312923014452 0.9978589232386033 0
    outer loop
      vertex 5.236842259724936 4.160693923282738 2
      vertex 5.236842259724936 4.160693923282738 17
      vertex 5.4 4.15 2
    endloop
  endfacet
  facet normal -0.06540312923014452 0.9978589232386033 0
    outer loop
      vertex 5.4 4.15 2
      vertex 5.4 4.15 17
      vertex 5.563157740275065 4.160693923282738 2
    endloop
  endfacet
  facet normal -0.19509032201612833 0.9807852804032305 0
    outer loop
      vertex 5.563157740275065 4.160693923282738 2
      vertex 5.563157740275065 4.160693923282738 17
      vertex 5.723523806378151 4.192592717138665 2
    endloop
  endfacet
  facet normal 0.6593458151000678 -0.7518398074789784 -6.350715068325837e-20
    outer loop
      vertex 4.516116523516816 6.283883476483185 2
      vertex 4.6390482137391 6.3916916753640445 2
      vertex 4.6390482137391 6.3916916753640445 17
    endloop
  endfacet
  facet normal 0.5555702330196005 -0.8314696123025465 -3.4639486812979457e-19
    outer loop
      vertex 4.6390482137391 6.3916916753640445 2
      vertex 4.775 6.482531754730548 2
      vertex 4.775 6.482531754730548 17
    endloop
  endfacet
  facet normal 0.4422886902190048 -0.8968727415326865 -1.9520623786950401e-19
    outer loop
      vertex 4.775 6.482531754730548 2
      vertex 4.921645709543638 6.554849415639109 2
      vertex 4.921645709543638 6.554849415639109 17
    endloop
  endfacet
  facet normal 0.32143946530315926 -0.9469301294951064 -2.722740701593649e-19
    outer loop
      vertex 4.921645709543638 6.554849415639109 2
      vertex 5.07647619362185 6.6074072828613355 2
      vertex 5.07647619362185 6.6074072828613355 17
    endloop
  endfacet
  facet normal 0.19509032201612833 -0.9807852804032305 -1.1646348760996481e-19
    outer loop
      vertex 5.07647619362185 6.6074072828613355 2
      vertex 5.236842259724936 6.639306076717263 2
      vertex 5.236842259724936 6.639306076717263 17
    endloop
  endfacet
  facet normal 0.06540312923014452 -0.9978589232386033 1.9811943396729994e-20
    outer loop
      vertex 5.236842259724936 6.639306076717263 2
      vertex 5.4 6.65 2
      vertex 5.4 6.65 17
    endloop
  endfacet
  facet normal -0.06540312923014452 -0.9978589232386033 -1.9811943396729994e-20
    outer loop
      vertex 5.4 6.65 2
      vertex 5.563157740275065 6.639306076717263 2
      vertex 5.563157740275065 6.639306076717263 17
    endloop
  endfacet
  facet normal -0.19509032201612833 -0.9807852804032305 1.1646348760996481e-19
    outer loop
      vertex 5.563157740275065 6.639306076717263 2
      vertex 5.723523806378151 6.6074072828613355 2
      vertex 5.723523806378151 6.6074072828613355 17
    endloop
  endfacet
  facet normal -0.32143946530315926 0.9469301294951064 0
    outer loop
      vertex 5.723523806378151 4.192592717138665 2
      vertex 5.723523806378151 4.192592717138665 17
      vertex 5.878354290456363 4.245150584360892 2
    endloop
  endfacet
  facet normal -0.4422886902190048 0.8968727415326865 0
    outer loop
      vertex 5.878354290456363 4.245150584360892 2
      vertex 5.878354290456363 4.245150584360892 17
      vertex 6.025 4.317468245269453 2
    endloop
  endfacet
  facet normal -0.5555702330196005 0.8314696123025465 0
    outer loop
      vertex 6.025 4.317468245269453 2
      vertex 6.025 4.317468245269453 17
      vertex 6.160951786260901 4.408308324635956 2
    endloop
  endfacet
  facet normal -0.6593458151000678 0.7518398074789784 0
    outer loop
      vertex 6.160951786260901 4.408308324635956 2
      vertex 6.160951786260901 4.408308324635956 17
      vertex 6.283883476483185 4.516116523516816 2
    endloop
  endfacet
  facet normal -0.7518398074789784 0.6593458151000678 0
    outer loop
      vertex 6.283883476483185 4.516116523516816 2
      vertex 6.283883476483185 4.516116523516816 17
      vertex 6.3916916753640445 4.6390482137391 2
    endloop
  endfacet
  facet normal -0.8314696123025465 0.5555702330196005 0
    outer loop
      vertex 6.3916916753640445 4.6390482137391 2
      vertex 6.3916916753640445 4.6390482137391 17
      vertex 6.482531754730548 4.775 2
    endloop
  endfacet
  facet normal -0.8968727415326865 0.4422886902190048 0
    outer loop
      vertex 6.482531754730548 4.775 2
      vertex 6.482531754730548 4.775 17
      vertex 6.554849415639109 4.921645709543638 2
    endloop
  endfacet
  facet normal -0.9469301294951064 0.32143946530315926 0
    outer loop
      vertex 6.554849415639109 4.921645709543638 2
      vertex 6.554849415639109 4.921645709543638 17
      vertex 6.6074072828613355 5.07647619362185 2
    endloop
  endfacet
  facet normal -0.9807852804032305 0.19509032201612833 0
    outer loop
      vertex 6.6074072828613355 5.07647619362185 2
      vertex 6.6074072828613355 5.07647619362185 17
      vertex 6.639306076717263 5.236842259724936 2
    endloop
  endfacet
  facet normal -0.9978589232386033 0.06540312923014452 0
    outer loop
      vertex 6.639306076717263 5.236842259724936 2
      vertex 6.639306076717263 5.236842259724936 17
      vertex 6.65 5.4 2
    endloop
  endfacet
  facet normal -0.9978589232386033 -0.06540312923014452 0
    outer loop
      vertex 6.65 5.4 2
      vertex 6.65 5.4 17
      vertex 6.639306076717263 5.563157740275065 2
    endloop
  endfacet
  facet normal -0.5555702330196005 -0.8314696123025465 3.4639486812979457e-19
    outer loop
      vertex 6.025 6.482531754730548 2
      vertex 6.160951786260901 6.3916916753640445 2
      vertex 6.160951786260901 6.3916916753640445 17
    endloop
  endfacet
  facet normal -0.6593458151000678 -0.7518398074789784 6.350715068325837e-20
    outer loop
      vertex 6.160951786260901 6.3916916753640445 2
      vertex 6.283883476483185 6.283883476483185 2
      vertex 6.283883476483185 6.283883476483185 17
    endloop
  endfacet
  facet normal -0.32143946530315926 -0.9469301294951064 2.722740701593649e-19
    outer loop
      vertex 5.723523806378151 6.6074072828613355 2
      vertex 5.878354290456363 6.554849415639109 2
      vertex 5.878354290456363 6.554849415639109 17
    endloop
  endfacet
  facet normal -0.4422886902190048 -0.8968727415326865 0
    outer loop
      vertex 6.025 6.482531754730548 2
      vertex 6.025 6.482531754730548 17
      vertex 5.878354290456363 6.554849415639109 2
    endloop
  endfacet
  facet normal -0.8968727415326865 -0.4422886902190048 0
    outer loop
      vertex 6.554849415639109 5.878354290456363 2
      vertex 6.554849415639109 5.878354290456363 17
      vertex 6.482531754730548 6.025 2
    endloop
  endfacet
  facet normal -0.7518398074789784 -0.6593458151000678 6.350715068325837e-20
    outer loop
      vertex 6.283883476483185 6.283883476483185 2
      vertex 6.3916916753640445 6.160951786260901 2
      vertex 6.3916916753640445 6.160951786260901 17
    endloop
  endfacet
  facet normal -0.8314696123025465 -0.5555702330196005 3.4639486812979457e-19
    outer loop
      vertex 6.3916916753640445 6.160951786260901 2
      vertex 6.482531754730548 6.025 2
      vertex 6.482531754730548 6.025 17
    endloop
  endfacet
  facet normal -0.9807852804032305 -0.19509032201612833 1.1646348760996481e-19
    outer loop
      vertex 6.6074072828613355 5.723523806378151 2
      vertex 6.639306076717263 5.563157740275065 2
      vertex 6.639306076717263 5.563157740275065 17
    endloop
  endfacet
  facet normal -0.9469301294951064 -0.32143946530315926 0
    outer loop
      vertex 6.6074072828613355 5.723523806378151 2
      vertex 6.6074072828613355 5.723523806378151 17
      vertex 6.554849415639109 5.878354290456363 2
    endloop
  endfacet
  facet normal 0.7518398074789784 0.6593458151000678 0
    outer loop
      vertex 4.516116523516816 4.516116523516816 2
      vertex 4.408308324635956 4.6390482137391 17
      vertex 4.516116523516816 4.516116523516816 17
    endloop
  endfacet
  facet normal 0.9469301294951064 0.32143946530315926 0
    outer loop
      vertex 4.245150584360892 4.921645709543638 2
      vertex 4.192592717138665 5.07647619362185 17
      vertex 4.245150584360892 4.921645709543638 17
    endloop
  endfacet
  facet normal 0.9807852804032305 0.19509032201612833 0
    outer loop
      vertex 4.192592717138665 5.07647619362185 2
      vertex 4.160693923282738 5.236842259724936 17
      vertex 4.192592717138665 5.07647619362185 17
    endloop
  endfacet
  facet normal 0.9978589232386033 0.06540312923014452 0
    outer loop
      vertex 4.160693923282738 5.236842259724936 2
      vertex 4.15 5.4 17
      vertex 4.160693923282738 5.236842259724936 17
    endloop
  endfacet
  facet normal 0.9978589232386033 -0.06540312923014452 0
    outer loop
      vertex 4.15 5.4 2
      vertex 4.160693923282738 5.563157740275065 17
      vertex 4.15 5.4 17
    endloop
  endfacet
  facet normal 0.8968727415326865 0.4422886902190048 0
    outer loop
      vertex 4.317468245269453 4.775 2
      vertex 4.245150584360892 4.921645709543638 17
      vertex 4.317468245269453 4.775 17
    endloop
  endfacet
  facet normal 0.8314696123025465 0.5555702330196005 0
    outer loop
      vertex 4.408308324635956 4.6390482137391 2
      vertex 4.317468245269453 4.775 17
      vertex 4.408308324635956 4.6390482137391 17
    endloop
  endfacet
  facet normal 0.9807852804032305 -0.19509032201612833 0
    outer loop
      vertex 4.160693923282738 5.563157740275065 2
      vertex 4.192592717138665 5.723523806378151 17
      vertex 4.160693923282738 5.563157740275065 17
    endloop
  endfacet
  facet normal 0.9469301294951064 -0.32143946530315926 0
    outer loop
      vertex 4.192592717138665 5.723523806378151 2
      vertex 4.245150584360892 5.878354290456363 17
      vertex 4.192592717138665 5.723523806378151 17
    endloop
  endfacet
  facet normal 0.8968727415326865 -0.4422886902190048 0
    outer loop
      vertex 4.245150584360892 5.878354290456363 2
      vertex 4.317468245269453 6.025 17
      vertex 4.245150584360892 5.878354290456363 17
    endloop
  endfacet
  facet normal 0.8314696123025465 -0.5555702330196005 0
    outer loop
      vertex 4.317468245269453 6.025 2
      vertex 4.408308324635956 6.160951786260901 17
      vertex 4.317468245269453 6.025 17
    endloop
  endfacet
  facet normal 0.7518398074789784 -0.6593458151000678 0
    outer loop
      vertex 4.408308324635956 6.160951786260901 2
      vertex 4.516116523516816 6.283883476483185 17
      vertex 4.408308324635956 6.160951786260901 17
    endloop
  endfacet
  facet normal 0.6593458151000678 0.7518398074789784 0
    outer loop
      vertex 4.6390482137391 4.408308324635956 2
      vertex 4.516116523516816 4.516116523516816 17
      vertex 4.6390482137391 4.408308324635956 17
    endloop
  endfacet
  facet normal 0.5555702330196005 0.8314696123025465 0
    outer loop
      vertex 4.775 4.317468245269453 2
      vertex 4.6390482137391 4.408308324635956 17
      vertex 4.775 4.317468245269453 17
    endloop
  endfacet
  facet normal 0.4422886902190048 0.8968727415326865 0
    outer loop
      vertex 4.921645709543638 4.245150584360892 2
      vertex 4.775 4.317468245269453 17
      vertex 4.921645709543638 4.245150584360892 17
    endloop
  endfacet
  facet normal 0.32143946530315926 0.9469301294951064 0
    outer loop
      vertex 5.07647619362185 4.192592717138665 2
      vertex 4.921645709543638 4.245150584360892 17
      vertex 5.07647619362185 4.192592717138665 17
    endloop
  endfacet
  facet normal 0.19509032201612833 0.9807852804032305 0
    outer loop
      vertex 5.236842259724936 4.160693923282738 2
      vertex 5.07647619362185 4.192592717138665 17
      vertex 5.236842259724936 4.160693923282738 17
    endloop
  endfacet
  facet normal 0.06540312923014452 0.9978589232386033 0
    outer loop
      vertex 5.4 4.15 2
      vertex 5.236842259724936 4.160693923282738 17
      vertex 5.4 4.15 17
    endloop
  endfacet
  facet normal -0.06540312923014452 0.9978589232386033 0
    outer loop
      vertex 5.563157740275065 4.160693923282738 2
      vertex 5.4 4.15 17
      vertex 5.563157740275065 4.160693923282738 17
    endloop
  endfacet
  facet normal -0.19509032201612833 0.9807852804032305 0
    outer loop
      vertex 5.723523806378151 4.192592717138665 2
      vertex 5.563157740275065 4.160693923282738 17
      vertex 5.723523806378151 4.192592717138665 17
    endloop
  endfacet
  facet normal 0.6593458151000678 -0.7518398074789784 0
    outer loop
      vertex 4.516116523516816 6.283883476483185 2
      vertex 4.6390482137391 6.3916916753640445 17
      vertex 4.516116523516816 6.283883476483185 17
    endloop
  endfacet
  facet normal 0.5555702330196005 -0.8314696123025465 0
    outer loop
      vertex 4.6390482137391 6.3916916753640445 2
      vertex 4.775 6.482531754730548 17
      vertex 4.6390482137391 6.3916916753640445 17
    endloop
  endfacet
  facet normal 0.4422886902190048 -0.8968727415326865 0
    outer loop
      vertex 4.775 6.482531754730548 2
      vertex 4.921645709543638 6.554849415639109 17
      vertex 4.775 6.482531754730548 17
    endloop
  endfacet
  facet normal 0.32143946530315926 -0.9469301294951064 0
    outer loop
      vertex 4.921645709543638 6.554849415639109 2
      vertex 5.07647619362185 6.6074072828613355 17
      vertex 4.921645709543638 6.554849415639109 17
    endloop
  endfacet
  facet normal 0.19509032201612833 -0.9807852804032305 0
    outer loop
      vertex 5.07647619362185 6.6074072828613355 2
      vertex 5.236842259724936 6.639306076717263 17
      vertex 5.07647619362185 6.6074072828613355 17
    endloop
  endfacet
  facet normal 0.06540312923014452 -0.9978589232386033 0
    outer loop
      vertex 5.236842259724936 6.639306076717263 2
      vertex 5.4 6.65 17
      vertex 5.236842259724936 6.639306076717263 17
    endloop
  endfacet
  facet normal -0.06540312923014452 -0.9978589232386033 0
    outer loop
      vertex 5.4 6.65 2
      vertex 5.563157740275065 6.639306076717263 17
      vertex 5.4 6.65 17
    endloop
  endfacet
  facet normal -0.19509032201612833 -0.9807852804032305 0
    outer loop
      vertex 5.563157740275065 6.639306076717263 2
      vertex 5.723523806378151 6.6074072828613355 17
      vertex 5.563157740275065 6.639306076717263 17
    endloop
  endfacet
  facet normal -0.32143946530315926 0.9469301294951064 0
    outer loop
      vertex 5.878354290456363 4.245150584360892 2
      vertex 5.723523806378151 4.192592717138665 17
      vertex 5.878354290456363 4.245150584360892 17
    endloop
  endfacet
  facet normal -0.4422886902190048 0.8968727415326865 0
    outer loop
      vertex 6.025 4.317468245269453 2
      vertex 5.878354290456363 4.245150584360892 17
      vertex 6.025 4.317468245269453 17
    endloop
  endfacet
  facet normal -0.5555702330196005 0.8314696123025465 0
    outer loop
      vertex 6.160951786260901 4.408308324635956 2
      vertex 6.025 4.317468245269453 17
      vertex 6.160951786260901 4.408308324635956 17
    endloop
  endfacet
  facet normal -0.6593458151000678 0.7518398074789784 0
    outer loop
      vertex 6.283883476483185 4.516116523516816 2
      vertex 6.160951786260901 4.408308324635956 17
      vertex 6.283883476483185 4.516116523516816 17
    endloop
  endfacet
  facet normal -0.7518398074789784 0.6593458151000678 0
    outer loop
      vertex 6.3916916753640445 4.6390482137391 2
      vertex 6.283883476483185 4.516116523516816 17
      vertex 6.3916916753640445 4.6390482137391 17
    endloop
  endfacet
  facet normal -0.8314696123025465 0.5555702330196005 0
    outer loop
      vertex 6.482531754730548 4.775 2
      vertex 6.3916916753640445 4.6390482137391 17
      vertex 6.482531754730548 4.775 17
    endloop
  endfacet
  facet normal -0.8968727415326865 0.4422886902190048 0
    outer loop
      vertex 6.554849415639109 4.921645709543638 2
      vertex 6.482531754730548 4.775 17
      vertex 6.554849415639109 4.921645709543638 17
    endloop
  endfacet
  facet normal -0.9469301294951064 0.32143946530315926 0
    outer loop
      vertex 6.6074072828613355 5.07647619362185 2
      vertex 6.554849415639109 4.921645709543638 17
      vertex 6.6074072828613355 5.07647619362185 17
    endloop
  endfacet
  facet normal -0.9807852804032305 0.19509032201612833 0
    outer loop
      vertex 6.639306076717263 5.236842259724936 2
      vertex 6.6074072828613355 5.07647619362185 17
      vertex 6.639306076717263 5.236842259724936 17
    endloop
  endfacet
  facet normal -0.9978589232386033 0.06540312923014452 0
    outer loop
      vertex 6.65 5.4 2
      vertex 6.639306076717263 5.236842259724936 17
      vertex 6.65 5.4 17
    endloop
  endfacet
  facet normal -0.9978589232386033 -0.06540312923014452 0
    outer loop
      vertex 6.639306076717263 5.563157740275065 2
      vertex 6.65 5.4 17
      vertex 6.639306076717263 5.563157740275065 17
    endloop
  endfacet
  facet normal -0.6593458151000678 -0.7518398074789784 0
    outer loop
      vertex 6.160951786260901 6.3916916753640445 2
      vertex 6.283883476483185 6.283883476483185 17
      vertex 6.160951786260901 6.3916916753640445 17
    endloop
  endfacet
  facet normal -0.32143946530315926 -0.9469301294951064 0
    outer loop
      vertex 5.723523806378151 6.6074072828613355 2
      vertex 5.878354290456363 6.554849415639109 17
      vertex 5.723523806378151 6.6074072828613355 17
    endloop
  endfacet
  facet normal -0.4422886902190048 -0.8968727415326865 0
    outer loop
      vertex 5.878354290456363 6.554849415639109 2
      vertex 6.025 6.482531754730548 17
      vertex 5.878354290456363 6.554849415639109 17
    endloop
  endfacet
  facet normal -0.5555702330196005 -0.8314696123025465 0
    outer loop
      vertex 6.025 6.482531754730548 2
      vertex 6.160951786260901 6.3916916753640445 17
      vertex 6.025 6.482531754730548 17
    endloop
  endfacet
  facet normal -0.8968727415326865 -0.4422886902190048 0
    outer loop
      vertex 6.482531754730548 6.025 2
      vertex 6.554849415639109 5.878354290456363 17
      vertex 6.482531754730548 6.025 17
    endloop
  endfacet
  facet normal -0.7518398074789784 -0.6593458151000678 0
    outer loop
      vertex 6.283883476483185 6.283883476483185 2
      vertex 6.3916916753640445 6.160951786260901 17
      vertex 6.283883476483185 6.283883476483185 17
    endloop
  endfacet
  facet normal -0.8314696123025465 -0.5555702330196005 0
    outer loop
      vertex 6.3916916753640445 6.160951786260901 2
      vertex 6.482531754730548 6.025 17
      vertex 6.3916916753640445 6.160951786260901 17
    endloop
  endfacet
  facet normal -0.9807852804032305 -0.19509032201612833 0
    outer loop
      vertex 6.6074072828613355 5.723523806378151 2
      vertex 6.639306076717263 5.563157740275065 17
      vertex 6.6074072828613355 5.723523806378151 17
    endloop
  endfacet
  facet normal -0.9469301294951064 -0.32143946530315926 0
    outer loop
      vertex 6.554849415639109 5.878354290456363 2
      vertex 6.6074072828613355 5.723523806378151 17
      vertex 6.554849415639109 5.878354290456363 17
    endloop
  endfacet
  facet normal 0 0 1
    outer loop
      vertex 4.160693923282738 33.23684225972493 2
      vertex 4.192592717138665 33.07647619362185 2
      vertex 4.192592717138665 33.72352380637815 2
    endloop
  endfacet
  facet normal 0 0 1
    outer loop
      vertex 4.245150584360892 32.92164570954364 2
      vertex 4.245150584360892 33.87835429045636 2
      vertex 4.192592717138665 33.07647619362185 2
    endloop
  endfacet
  facet normal 0 0 1
    outer loop
      vertex 4.160693923282738 33.23684225972493 2
      vertex 4.160693923282738 33.56315774027507 2
      vertex 4.15 33.4 2
    endloop
  endfacet
  facet normal 0 0 1
    outer loop
      vertex 4.160693923282738 33.23684225972493 2
      vertex 4.192592717138665 33.72352380637815 2
      vertex 4.160693923282738 33.56315774027507 2
    endloop
  endfacet
  facet normal 0 0 1
    outer loop
      vertex 4.192592717138665 33.07647619362185 2
      vertex 4.245150584360892 33.87835429045636 2
      vertex 4.192592717138665 33.72352380637815 2
    endloop
  endfacet
  facet normal 0 0 1
    outer loop
      vertex 4.245150584360892 32.92164570954364 2
      vertex 4.317468245269453 32.775 2
      vertex 4.317468245269453 34.025 2
    endloop
  endfacet
  facet normal 0 0 1
    outer loop
      vertex 4.408308324635956 32.639048213739095 2
      vertex 4.408308324635956 34.1609517862609 2
      vertex 4.317468245269453 32.775 2
    endloop
  endfacet
  facet normal 0 0 1
    outer loop
      vertex 4.408308324635956 32.639048213739095 2
      vertex 4.516116523516816 32.516116523516814 2
      vertex 4.516116523516816 34.28388347648318 2
    endloop
  endfacet
  facet normal 0 0 1
    outer loop
      vertex 4.245150584360892 32.92164570954364 2
      vertex 4.317468245269453 34.025 2
      vertex 4.245150584360892 33.87835429045636 2
    endloop
  endfacet
  facet normal 0 0 1
    outer loop
      vertex 4.317468245269453 32.775 2
      vertex 4.408308324635956 34.1609517862609 2
      vertex 4.317468245269453 34.025 2
    endloop
  endfacet
  facet normal 0 0 1
    outer loop
      vertex 4.408308324635956 32.639048213739095 2
      vertex 4.516116523516816 34.28388347648318 2
      vertex 4.408308324635956 34.1609517862609 2
    endloop
  endfacet
  facet normal 0 0 1
    outer loop
      vertex 4.516116523516816 32.516116523516814 2
      vertex 4.6390482137391 32.408308324635954 2
      vertex 4.6390482137391 34.391691675364044 2
    endloop
  endfacet
  facet normal 0 0 1
    outer loop
      vertex 4.6390482137391 32.408308324635954 2
      vertex 4.775 32.31746824526945 2
      vertex 4.775 34.482531754730545 2
    endloop
  endfacet
  facet normal 0 0 1
    outer loop
      vertex 4.775 32.31746824526945 2
      vertex 4.921645709543638 32.24515058436089 2
      vertex 4.921645709543638 34.554849415639104 2
    endloop
  endfacet
  facet normal 0 0 1
    outer loop
      vertex 4.921645709543638 32.24515058436089 2
      vertex 5.07647619362185 32.192592717138666 2
      vertex 5.07647619362185 34.60740728286133 2
    endloop
  endfacet
  facet normal 0 0 1
    outer loop
      vertex 5.07647619362185 32.192592717138666 2
      vertex 5.236842259724936 32.160693923282736 2
      vertex 5.236842259724936 34.63930607671726 2
    endloop
  endfacet
  facet normal 0 0 1
    outer loop
      vertex 5.236842259724936 32.160693923282736 2
      vertex 5.4 32.15 2
      vertex 5.4 34.65 2
    endloop
  endfacet
  facet normal 0 0 1
    outer loop
      vertex 5.4 32.15 2
      vertex 5.563157740275065 32.160693923282736 2
      vertex 5.563157740275065 34.63930607671726 2
    endloop
  endfacet
  facet normal 0 0 1
    outer loop
      vertex 5.563157740275065 32.160693923282736 2
      vertex 5.723523806378151 32.192592717138666 2
      vertex 5.723523806378151 34.60740728286133 2
    endloop
  endfacet
  facet normal 0 0 1
    outer loop
      vertex 5.723523806378151 32.192592717138666 2
      vertex 5.878354290456363 32.24515058436089 2
      vertex 5.878354290456363 34.554849415639104 2
    endloop
  endfacet
  facet normal 0 0 1
    outer loop
      vertex 5.878354290456363 32.24515058436089 2
      vertex 6.025 32.31746824526945 2
      vertex 6.025 34.482531754730545 2
    endloop
  endfacet
  facet normal 0 0 1
    outer loop
      vertex 6.025 32.31746824526945 2
      vertex 6.160951786260901 32.408308324635954 2
      vertex 6.160951786260901 34.391691675364044 2
    endloop
  endfacet
  facet normal 0 0 1
    outer loop
      vertex 6.160951786260901 32.408308324635954 2
      vertex 6.283883476483185 32.516116523516814 2
      vertex 6.283883476483185 34.28388347648318 2
    endloop
  endfacet
  facet normal 0 0 1
    outer loop
      vertex 6.283883476483185 32.516116523516814 2
      vertex 6.3916916753640445 32.639048213739095 2
      vertex 6.3916916753640445 34.1609517862609 2
    endloop
  endfacet
  facet normal 0 0 1
    outer loop
      vertex 4.516116523516816 32.516116523516814 2
      vertex 4.6390482137391 34.391691675364044 2
      vertex 4.516116523516816 34.28388347648318 2
    endloop
  endfacet
  facet normal 0 0 1
    outer loop
      vertex 4.6390482137391 32.408308324635954 2
      vertex 4.775 34.482531754730545 2
      vertex 4.6390482137391 34.391691675364044 2
    endloop
  endfacet
  facet normal 0 0 1
    outer loop
      vertex 4.775 32.31746824526945 2
      vertex 4.921645709543638 34.554849415639104 2
      vertex 4.775 34.482531754730545 2
    endloop
  endfacet
  facet normal 0 0 1
    outer loop
      vertex 4.921645709543638 32.24515058436089 2
      vertex 5.07647619362185 34.60740728286133 2
      vertex 4.921645709543638 34.554849415639104 2
    endloop
  endfacet
  facet normal 0 0 1
    outer loop
      vertex 5.07647619362185 32.192592717138666 2
      vertex 5.236842259724936 34.63930607671726 2
      vertex 5.07647619362185 34.60740728286133 2
    endloop
  endfacet
  facet normal 0 0 1
    outer loop
      vertex 5.236842259724936 32.160693923282736 2
      vertex 5.4 34.65 2
      vertex 5.236842259724936 34.63930607671726 2
    endloop
  endfacet
  facet normal 0 0 1
    outer loop
      vertex 5.4 32.15 2
      vertex 5.563157740275065 34.63930607671726 2
      vertex 5.4 34.65 2
    endloop
  endfacet
  facet normal 0 0 1
    outer loop
      vertex 5.563157740275065 32.160693923282736 2
      vertex 5.723523806378151 34.60740728286133 2
      vertex 5.563157740275065 34.63930607671726 2
    endloop
  endfacet
  facet normal 0 0 1
    outer loop
      vertex 5.723523806378151 32.192592717138666 2
      vertex 5.878354290456363 34.554849415639104 2
      vertex 5.723523806378151 34.60740728286133 2
    endloop
  endfacet
  facet normal 0 0 1
    outer loop
      vertex 5.878354290456363 32.24515058436089 2
      vertex 6.025 34.482531754730545 2
      vertex 5.878354290456363 34.554849415639104 2
    endloop
  endfacet
  facet normal 0 0 1
    outer loop
      vertex 6.025 32.31746824526945 2
      vertex 6.160951786260901 34.391691675364044 2
      vertex 6.025 34.482531754730545 2
    endloop
  endfacet
  facet normal 0 0 1
    outer loop
      vertex 6.160951786260901 32.408308324635954 2
      vertex 6.283883476483185 34.28388347648318 2
      vertex 6.160951786260901 34.391691675364044 2
    endloop
  endfacet
  facet normal 0 0 1
    outer loop
      vertex 6.3916916753640445 32.639048213739095 2
      vertex 6.482531754730548 32.775 2
      vertex 6.482531754730548 34.025 2
    endloop
  endfacet
  facet normal 0 0 1
    outer loop
      vertex 6.482531754730548 32.775 2
      vertex 6.554849415639109 32.92164570954364 2
      vertex 6.554849415639109 33.87835429045636 2
    endloop
  endfacet
  facet normal 0 0 1
    outer loop
      vertex 6.482531754730548 32.775 2
      vertex 6.554849415639109 33.87835429045636 2
      vertex 6.482531754730548 34.025 2
    endloop
  endfacet
  facet normal 0 0 1
    outer loop
      vertex 6.283883476483185 32.516116523516814 2
      vertex 6.3916916753640445 34.1609517862609 2
      vertex 6.283883476483185 34.28388347648318 2
    endloop
  endfacet
  facet normal 0 0 1
    outer loop
      vertex 6.3916916753640445 32.639048213739095 2
      vertex 6.482531754730548 34.025 2
      vertex 6.3916916753640445 34.1609517862609 2
    endloop
  endfacet
  facet normal 0 0 1
    outer loop
      vertex 6.554849415639109 32.92164570954364 2
      vertex 6.6074072828613355 33.07647619362185 2
      vertex 6.6074072828613355 33.72352380637815 2
    endloop
  endfacet
  facet normal 0 0 1
    outer loop
      vertex 6.6074072828613355 33.07647619362185 2
      vertex 6.639306076717263 33.23684225972493 2
      vertex 6.639306076717263 33.56315774027507 2
    endloop
  endfacet
  facet normal 0 0 1
    outer loop
      vertex 6.554849415639109 32.92164570954364 2
      vertex 6.6074072828613355 33.72352380637815 2
      vertex 6.554849415639109 33.87835429045636 2
    endloop
  endfacet
  facet normal 0 0 1
    outer loop
      vertex 6.639306076717263 33.23684225972493 2
      vertex 6.65 33.4 2
      vertex 6.639306076717263 33.56315774027507 2
    endloop
  endfacet
  facet normal 0 0 1
    outer loop
      vertex 6.6074072828613355 33.07647619362185 2
      vertex 6.639306076717263 33.56315774027507 2
      vertex 6.6074072828613355 33.72352380637815 2
    endloop
  endfacet
  facet normal 0.9469301294951059 0.3214394653031609 2.0835443778179608e-19
    outer loop
      vertex 4.245150584360892 32.92164570954364 2
      vertex 4.192592717138665 33.07647619362185 2
      vertex 4.192592717138665 33.07647619362185 17
    endloop
  endfacet
  facet normal 0.751839807478969 0.6593458151000786 0
    outer loop
      vertex 4.408308324635956 32.639048213739095 2
      vertex 4.408308324635956 32.639048213739095 17
      vertex 4.516116523516816 32.516116523516814 2
    endloop
  endfacet
  facet normal 0.8968727415326908 0.44228869021899625 0
    outer loop
      vertex 4.245150584360892 32.92164570954364 2
      vertex 4.245150584360892 32.92164570954364 17
      vertex 4.317468245269453 32.775 2
    endloop
  endfacet
  facet normal 0.8314696123025531 0.5555702330195904 3.177617765775148e-19
    outer loop
      vertex 4.408308324635956 32.639048213739095 2
      vertex 4.317468245269453 32.775 2
      vertex 4.317468245269453 32.775 17
    endloop
  endfacet
  facet normal 0.9807852804032291 0.19509032201613563 0
    outer loop
      vertex 4.160693923282738 33.23684225972493 2
      vertex 4.160693923282738 33.23684225972493 17
      vertex 4.192592717138665 33.07647619362185 2
    endloop
  endfacet
  facet normal 0.9978589232386035 0.0654031292301431 -3.83111559634984e-20
    outer loop
      vertex 4.160693923282738 33.23684225972493 2
      vertex 4.15 33.4 2
      vertex 4.15 33.4 17
    endloop
  endfacet
  facet normal 0.9978589232386035 -0.0654031292301431 3.83111559634984e-20
    outer loop
      vertex 4.15 33.4 2
      vertex 4.160693923282738 33.56315774027507 2
      vertex 4.160693923282738 33.56315774027507 17
    endloop
  endfacet
  facet normal 0.9807852804032291 -0.19509032201613563 7.117053291565461e-21
    outer loop
      vertex 4.160693923282738 33.56315774027507 2
      vertex 4.192592717138665 33.72352380637815 2
      vertex 4.192592717138665 33.72352380637815 17
    endloop
  endfacet
  facet normal 0.9469301294951059 -0.3214394653031609 -2.0835443778179608e-19
    outer loop
      vertex 4.192592717138665 33.72352380637815 2
      vertex 4.245150584360892 33.87835429045636 2
      vertex 4.245150584360892 33.87835429045636 17
    endloop
  endfacet
  facet normal 0.8968727415326908 -0.44228869021899625 -1.1983015671105915e-19
    outer loop
      vertex 4.245150584360892 33.87835429045636 2
      vertex 4.317468245269453 34.025 2
      vertex 4.317468245269453 34.025 17
    endloop
  endfacet
  facet normal 0.8314696123025531 -0.5555702330195904 -3.177617765775148e-19
    outer loop
      vertex 4.317468245269453 34.025 2
      vertex 4.408308324635956 34.1609517862609 2
      vertex 4.408308324635956 34.1609517862609 17
    endloop
  endfacet
  facet normal 0.751839807478969 -0.6593458151000786 8.418214971691053e-20
    outer loop
      vertex 4.408308324635956 34.1609517862609 2
      vertex 4.516116523516816 34.28388347648318 2
      vertex 4.516116523516816 34.28388347648318 17
    endloop
  endfacet
  facet normal 0.5555702330195893 0.8314696123025539 0
    outer loop
      vertex 4.6390482137391 32.408308324635954 2
      vertex 4.6390482137391 32.408308324635954 17
      vertex 4.775 32.31746824526945 2
    endloop
  endfacet
  facet normal 0.6593458151000708 0.7518398074789757 0
    outer loop
      vertex 4.516116523516816 32.516116523516814 2
      vertex 4.516116523516816 32.516116523516814 17
      vertex 4.6390482137391 32.408308324635954 2
    endloop
  endfacet
  facet normal 0.44228869021900047 0.8968727415326888 0
    outer loop
      vertex 4.775 32.31746824526945 2
      vertex 4.775 32.31746824526945 17
      vertex 4.921645709543638 32.24515058436089 2
    endloop
  endfacet
  facet normal 0.32143946530315926 0.9469301294951064 0
    outer loop
      vertex 4.921645709543638 32.24515058436089 2
      vertex 4.921645709543638 32.24515058436089 17
      vertex 5.07647619362185 32.192592717138666 2
    endloop
  endfacet
  facet normal 0.195090322016144 0.9807852804032273 0
    outer loop
      vertex 5.07647619362185 32.192592717138666 2
      vertex 5.07647619362185 32.192592717138666 17
      vertex 5.236842259724936 32.160693923282736 2
    endloop
  endfacet
  facet normal 0.06540312923014452 0.9978589232386033 0
    outer loop
      vertex 5.236842259724936 32.160693923282736 2
      vertex 5.236842259724936 32.160693923282736 17
      vertex 5.4 32.15 2
    endloop
  endfacet
  facet normal -0.06540312923014452 0.9978589232386033 0
    outer loop
      vertex 5.4 32.15 2
      vertex 5.4 32.15 17
      vertex 5.563157740275065 32.160693923282736 2
    endloop
  endfacet
  facet normal -0.195090322016144 0.9807852804032273 0
    outer loop
      vertex 5.563157740275065 32.160693923282736 2
      vertex 5.563157740275065 32.160693923282736 17
      vertex 5.723523806378151 32.192592717138666 2
    endloop
  endfacet
  facet normal -0.32143946530315926 0.9469301294951064 0
    outer loop
      vertex 5.723523806378151 32.192592717138666 2
      vertex 5.723523806378151 32.192592717138666 17
      vertex 5.878354290456363 32.24515058436089 2
    endloop
  endfacet
  facet normal -0.44228869021900047 0.8968727415326888 0
    outer loop
      vertex 5.878354290456363 32.24515058436089 2
      vertex 5.878354290456363 32.24515058436089 17
      vertex 6.025 32.31746824526945 2
    endloop
  endfacet
  facet normal -0.5555702330195893 0.8314696123025539 0
    outer loop
      vertex 6.025 32.31746824526945 2
      vertex 6.025 32.31746824526945 17
      vertex 6.160951786260901 32.408308324635954 2
    endloop
  endfacet
  facet normal -0.6593458151000708 0.7518398074789757 0
    outer loop
      vertex 6.160951786260901 32.408308324635954 2
      vertex 6.160951786260901 32.408308324635954 17
      vertex 6.283883476483185 32.516116523516814 2
    endloop
  endfacet
  facet normal -0.751839807478969 0.6593458151000786 0
    outer loop
      vertex 6.283883476483185 32.516116523516814 2
      vertex 6.283883476483185 32.516116523516814 17
      vertex 6.3916916753640445 32.639048213739095 2
    endloop
  endfacet
  facet normal -0.8314696123025531 0.5555702330195904 0
    outer loop
      vertex 6.3916916753640445 32.639048213739095 2
      vertex 6.3916916753640445 32.639048213739095 17
      vertex 6.482531754730548 32.775 2
    endloop
  endfacet
  facet normal -0.8968727415326908 0.44228869021899625 0
    outer loop
      vertex 6.482531754730548 32.775 2
      vertex 6.482531754730548 32.775 17
      vertex 6.554849415639109 32.92164570954364 2
    endloop
  endfacet
  facet normal -0.9469301294951059 0.3214394653031609 0
    outer loop
      vertex 6.554849415639109 32.92164570954364 2
      vertex 6.554849415639109 32.92164570954364 17
      vertex 6.6074072828613355 33.07647619362185 2
    endloop
  endfacet
  facet normal -0.9807852804032291 0.19509032201613563 0
    outer loop
      vertex 6.6074072828613355 33.07647619362185 2
      vertex 6.6074072828613355 33.07647619362185 17
      vertex 6.639306076717263 33.23684225972493 2
    endloop
  endfacet
  facet normal 0.6593458151000708 -0.7518398074789757 -1.052195825090436e-19
    outer loop
      vertex 4.516116523516816 34.28388347648318 2
      vertex 4.6390482137391 34.391691675364044 2
      vertex 4.6390482137391 34.391691675364044 17
    endloop
  endfacet
  facet normal 0.5555702330195893 -0.8314696123025539 -2.2045657213222163e-19
    outer loop
      vertex 4.6390482137391 34.391691675364044 2
      vertex 4.775 34.482531754730545 2
      vertex 4.775 34.482531754730545 17
    endloop
  endfacet
  facet normal 0.44228869021900047 -0.8968727415326888 -2.5363111211134725e-19
    outer loop
      vertex 4.775 34.482531754730545 2
      vertex 4.921645709543638 34.554849415639104 2
      vertex 4.921645709543638 34.554849415639104 17
    endloop
  endfacet
  facet normal 0.32143946530315926 -0.9469301294951064 -2.722740701593649e-19
    outer loop
      vertex 4.921645709543638 34.554849415639104 2
      vertex 5.07647619362185 34.60740728286133 2
      vertex 5.07647619362185 34.60740728286133 17
    endloop
  endfacet
  facet normal 0.195090322016144 -0.9807852804032273 1.1148173404586094e-19
    outer loop
      vertex 5.07647619362185 34.60740728286133 2
      vertex 5.236842259724936 34.63930607671726 2
      vertex 5.236842259724936 34.63930607671726 17
    endloop
  endfacet
  facet normal 0.06540312923014452 -0.9978589232386033 1.9811943396729994e-20
    outer loop
      vertex 5.236842259724936 34.63930607671726 2
      vertex 5.4 34.65 2
      vertex 5.4 34.65 17
    endloop
  endfacet
  facet normal -0.06540312923014452 -0.9978589232386033 -1.9811943396729994e-20
    outer loop
      vertex 5.4 34.65 2
      vertex 5.563157740275065 34.63930607671726 2
      vertex 5.563157740275065 34.63930607671726 17
    endloop
  endfacet
  facet normal -0.195090322016144 -0.9807852804032273 -1.1148173404586094e-19
    outer loop
      vertex 5.563157740275065 34.63930607671726 2
      vertex 5.723523806378151 34.60740728286133 2
      vertex 5.723523806378151 34.60740728286133 17
    endloop
  endfacet
  facet normal -0.32143946530315926 -0.9469301294951064 0
    outer loop
      vertex 5.878354290456363 34.554849415639104 2
      vertex 5.878354290456363 34.554849415639104 17
      vertex 5.723523806378151 34.60740728286133 2
    endloop
  endfacet
  facet normal -0.44228869021900047 -0.8968727415326888 2.5363111211134725e-19
    outer loop
      vertex 5.878354290456363 34.554849415639104 2
      vertex 6.025 34.482531754730545 2
      vertex 6.025 34.482531754730545 17
    endloop
  endfacet
  facet normal -0.5555702330195893 -0.8314696123025539 2.2045657213222163e-19
    outer loop
      vertex 6.025 34.482531754730545 2
      vertex 6.160951786260901 34.391691675364044 2
      vertex 6.160951786260901 34.391691675364044 17
    endloop
  endfacet
  facet normal -0.6593458151000708 -0.7518398074789757 1.052195825090436e-19
    outer loop
      vertex 6.160951786260901 34.391691675364044 2
      vertex 6.283883476483185 34.28388347648318 2
      vertex 6.283883476483185 34.28388347648318 17
    endloop
  endfacet
  facet normal -0.8968727415326908 -0.44228869021899625 1.1983015671105915e-19
    outer loop
      vertex 6.482531754730548 34.025 2
      vertex 6.554849415639109 33.87835429045636 2
      vertex 6.554849415639109 33.87835429045636 17
    endloop
  endfacet
  facet normal -0.9978589232386035 0.0654031292301431 0
    outer loop
      vertex 6.639306076717263 33.23684225972493 2
      vertex 6.639306076717263 33.23684225972493 17
      vertex 6.65 33.4 2
    endloop
  endfacet
  facet normal -0.9978589232386035 -0.0654031292301431 0
    outer loop
      vertex 6.65 33.4 2
      vertex 6.65 33.4 17
      vertex 6.639306076717263 33.56315774027507 2
    endloop
  endfacet
  facet normal -0.9469301294951059 -0.3214394653031609 0
    outer loop
      vertex 6.6074072828613355 33.72352380637815 2
      vertex 6.6074072828613355 33.72352380637815 17
      vertex 6.554849415639109 33.87835429045636 2
    endloop
  endfacet
  facet normal -0.9807852804032291 -0.19509032201613563 -7.117053291565461e-21
    outer loop
      vertex 6.6074072828613355 33.72352380637815 2
      vertex 6.639306076717263 33.56315774027507 2
      vertex 6.639306076717263 33.56315774027507 17
    endloop
  endfacet
  facet normal -0.751839807478969 -0.6593458151000786 -8.418214971691053e-20
    outer loop
      vertex 6.283883476483185 34.28388347648318 2
      vertex 6.3916916753640445 34.1609517862609 2
      vertex 6.3916916753640445 34.1609517862609 17
    endloop
  endfacet
  facet normal -0.8314696123025531 -0.5555702330195904 0
    outer loop
      vertex 6.482531754730548 34.025 2
      vertex 6.482531754730548 34.025 17
      vertex 6.3916916753640445 34.1609517862609 2
    endloop
  endfacet
  facet normal 0.9807852804032291 0.19509032201613563 0
    outer loop
      vertex 4.192592717138665 33.07647619362185 2
      vertex 4.160693923282738 33.23684225972493 17
      vertex 4.192592717138665 33.07647619362185 17
    endloop
  endfacet
  facet normal 0.9469301294951059 0.3214394653031609 0
    outer loop
      vertex 4.245150584360892 32.92164570954364 2
      vertex 4.192592717138665 33.07647619362185 17
      vertex 4.245150584360892 32.92164570954364 17
    endloop
  endfacet
  facet normal 0.751839807478969 0.6593458151000786 0
    outer loop
      vertex 4.516116523516816 32.516116523516814 2
      vertex 4.408308324635956 32.639048213739095 17
      vertex 4.516116523516816 32.516116523516814 17
    endloop
  endfacet
  facet normal 0.8968727415326908 0.44228869021899625 0
    outer loop
      vertex 4.317468245269453 32.775 2
      vertex 4.245150584360892 32.92164570954364 17
      vertex 4.317468245269453 32.775 17
    endloop
  endfacet
  facet normal 0.8314696123025531 0.5555702330195904 0
    outer loop
      vertex 4.408308324635956 32.639048213739095 2
      vertex 4.317468245269453 32.775 17
      vertex 4.408308324635956 32.639048213739095 17
    endloop
  endfacet
  facet normal 0.9978589232386035 0.0654031292301431 0
    outer loop
      vertex 4.160693923282738 33.23684225972493 2
      vertex 4.15 33.4 17
      vertex 4.160693923282738 33.23684225972493 17
    endloop
  endfacet
  facet normal 0.9978589232386035 -0.0654031292301431 0
    outer loop
      vertex 4.15 33.4 2
      vertex 4.160693923282738 33.56315774027507 17
      vertex 4.15 33.4 17
    endloop
  endfacet
  facet normal 0.9807852804032291 -0.19509032201613563 0
    outer loop
      vertex 4.160693923282738 33.56315774027507 2
      vertex 4.192592717138665 33.72352380637815 17
      vertex 4.160693923282738 33.56315774027507 17
    endloop
  endfacet
  facet normal 0.9469301294951059 -0.3214394653031609 0
    outer loop
      vertex 4.192592717138665 33.72352380637815 2
      vertex 4.245150584360892 33.87835429045636 17
      vertex 4.192592717138665 33.72352380637815 17
    endloop
  endfacet
  facet normal 0.8968727415326908 -0.44228869021899625 0
    outer loop
      vertex 4.245150584360892 33.87835429045636 2
      vertex 4.317468245269453 34.025 17
      vertex 4.245150584360892 33.87835429045636 17
    endloop
  endfacet
  facet normal 0.8314696123025531 -0.5555702330195904 0
    outer loop
      vertex 4.317468245269453 34.025 2
      vertex 4.408308324635956 34.1609517862609 17
      vertex 4.317468245269453 34.025 17
    endloop
  endfacet
  facet normal 0.751839807478969 -0.6593458151000786 0
    outer loop
      vertex 4.408308324635956 34.1609517862609 2
      vertex 4.516116523516816 34.28388347648318 17
      vertex 4.408308324635956 34.1609517862609 17
    endloop
  endfacet
  facet normal 0.32143946530315926 0.9469301294951064 0
    outer loop
      vertex 5.07647619362185 32.192592717138666 2
      vertex 4.921645709543638 32.24515058436089 17
      vertex 5.07647619362185 32.192592717138666 17
    endloop
  endfacet
  facet normal 0.6593458151000708 0.7518398074789757 0
    outer loop
      vertex 4.6390482137391 32.408308324635954 2
      vertex 4.516116523516816 32.516116523516814 17
      vertex 4.6390482137391 32.408308324635954 17
    endloop
  endfacet
  facet normal 0.5555702330195893 0.8314696123025539 0
    outer loop
      vertex 4.775 32.31746824526945 2
      vertex 4.6390482137391 32.408308324635954 17
      vertex 4.775 32.31746824526945 17
    endloop
  endfacet
  facet normal 0.44228869021900047 0.8968727415326888 0
    outer loop
      vertex 4.921645709543638 32.24515058436089 2
      vertex 4.775 32.31746824526945 17
      vertex 4.921645709543638 32.24515058436089 17
    endloop
  endfacet
  facet normal 0.195090322016144 0.9807852804032273 0
    outer loop
      vertex 5.236842259724936 32.160693923282736 2
      vertex 5.07647619362185 32.192592717138666 17
      vertex 5.236842259724936 32.160693923282736 17
    endloop
  endfacet
  facet normal 0.06540312923014452 0.9978589232386033 0
    outer loop
      vertex 5.4 32.15 2
      vertex 5.236842259724936 32.160693923282736 17
      vertex 5.4 32.15 17
    endloop
  endfacet
  facet normal -0.06540312923014452 0.9978589232386033 0
    outer loop
      vertex 5.563157740275065 32.160693923282736 2
      vertex 5.4 32.15 17
      vertex 5.563157740275065 32.160693923282736 17
    endloop
  endfacet
  facet normal -0.195090322016144 0.9807852804032273 0
    outer loop
      vertex 5.723523806378151 32.192592717138666 2
      vertex 5.563157740275065 32.160693923282736 17
      vertex 5.723523806378151 32.192592717138666 17
    endloop
  endfacet
  facet normal -0.32143946530315926 0.9469301294951064 0
    outer loop
      vertex 5.878354290456363 32.24515058436089 2
      vertex 5.723523806378151 32.192592717138666 17
      vertex 5.878354290456363 32.24515058436089 17
    endloop
  endfacet
  facet normal -0.44228869021900047 0.8968727415326888 0
    outer loop
      vertex 6.025 32.31746824526945 2
      vertex 5.878354290456363 32.24515058436089 17
      vertex 6.025 32.31746824526945 17
    endloop
  endfacet
  facet normal -0.5555702330195893 0.8314696123025539 0
    outer loop
      vertex 6.160951786260901 32.408308324635954 2
      vertex 6.025 32.31746824526945 17
      vertex 6.160951786260901 32.408308324635954 17
    endloop
  endfacet
  facet normal -0.6593458151000708 0.7518398074789757 0
    outer loop
      vertex 6.283883476483185 32.516116523516814 2
      vertex 6.160951786260901 32.408308324635954 17
      vertex 6.283883476483185 32.516116523516814 17
    endloop
  endfacet
  facet normal -0.751839807478969 0.6593458151000786 0
    outer loop
      vertex 6.3916916753640445 32.639048213739095 2
      vertex 6.283883476483185 32.516116523516814 17
      vertex 6.3916916753640445 32.639048213739095 17
    endloop
  endfacet
  facet normal -0.8314696123025531 0.5555702330195904 0
    outer loop
      vertex 6.482531754730548 32.775 2
      vertex 6.3916916753640445 32.639048213739095 17
      vertex 6.482531754730548 32.775 17
    endloop
  endfacet
  facet normal -0.8968727415326908 0.44228869021899625 0
    outer loop
      vertex 6.554849415639109 32.92164570954364 2
      vertex 6.482531754730548 32.775 17
      vertex 6.554849415639109 32.92164570954364 17
    endloop
  endfacet
  facet normal -0.9469301294951059 0.3214394653031609 0
    outer loop
      vertex 6.6074072828613355 33.07647619362185 2
      vertex 6.554849415639109 32.92164570954364 17
      vertex 6.6074072828613355 33.07647619362185 17
    endloop
  endfacet
  facet normal 0.6593458151000708 -0.7518398074789757 0
    outer loop
      vertex 4.516116523516816 34.28388347648318 2
      vertex 4.6390482137391 34.391691675364044 17
      vertex 4.516116523516816 34.28388347648318 17
    endloop
  endfacet
  facet normal 0.5555702330195893 -0.8314696123025539 0
    outer loop
      vertex 4.6390482137391 34.391691675364044 2
      vertex 4.775 34.482531754730545 17
      vertex 4.6390482137391 34.391691675364044 17
    endloop
  endfacet
  facet normal 0.44228869021900047 -0.8968727415326888 0
    outer loop
      vertex 4.775 34.482531754730545 2
      vertex 4.921645709543638 34.554849415639104 17
      vertex 4.775 34.482531754730545 17
    endloop
  endfacet
  facet normal 0.32143946530315926 -0.9469301294951064 0
    outer loop
      vertex 4.921645709543638 34.554849415639104 2
      vertex 5.07647619362185 34.60740728286133 17
      vertex 4.921645709543638 34.554849415639104 17
    endloop
  endfacet
  facet normal 0.195090322016144 -0.9807852804032273 0
    outer loop
      vertex 5.07647619362185 34.60740728286133 2
      vertex 5.236842259724936 34.63930607671726 17
      vertex 5.07647619362185 34.60740728286133 17
    endloop
  endfacet
  facet normal 0.06540312923014452 -0.9978589232386033 0
    outer loop
      vertex 5.236842259724936 34.63930607671726 2
      vertex 5.4 34.65 17
      vertex 5.236842259724936 34.63930607671726 17
    endloop
  endfacet
  facet normal -0.06540312923014452 -0.9978589232386033 0
    outer loop
      vertex 5.4 34.65 2
      vertex 5.563157740275065 34.63930607671726 17
      vertex 5.4 34.65 17
    endloop
  endfacet
  facet normal -0.195090322016144 -0.9807852804032273 0
    outer loop
      vertex 5.563157740275065 34.63930607671726 2
      vertex 5.723523806378151 34.60740728286133 17
      vertex 5.563157740275065 34.63930607671726 17
    endloop
  endfacet
  facet normal -0.32143946530315926 -0.9469301294951064 0
    outer loop
      vertex 5.723523806378151 34.60740728286133 2
      vertex 5.878354290456363 34.554849415639104 17
      vertex 5.723523806378151 34.60740728286133 17
    endloop
  endfacet
  facet normal -0.44228869021900047 -0.8968727415326888 0
    outer loop
      vertex 5.878354290456363 34.554849415639104 2
      vertex 6.025 34.482531754730545 17
      vertex 5.878354290456363 34.554849415639104 17
    endloop
  endfacet
  facet normal -0.5555702330195893 -0.8314696123025539 0
    outer loop
      vertex 6.025 34.482531754730545 2
      vertex 6.160951786260901 34.391691675364044 17
      vertex 6.025 34.482531754730545 17
    endloop
  endfacet
  facet normal -0.6593458151000708 -0.7518398074789757 0
    outer loop
      vertex 6.160951786260901 34.391691675364044 2
      vertex 6.283883476483185 34.28388347648318 17
      vertex 6.160951786260901 34.391691675364044 17
    endloop
  endfacet
  facet normal -0.8968727415326908 -0.44228869021899625 0
    outer loop
      vertex 6.482531754730548 34.025 2
      vertex 6.554849415639109 33.87835429045636 17
      vertex 6.482531754730548 34.025 17
    endloop
  endfacet
  facet normal -0.9807852804032291 0.19509032201613563 0
    outer loop
      vertex 6.639306076717263 33.23684225972493 2
      vertex 6.6074072828613355 33.07647619362185 17
      vertex 6.639306076717263 33.23684225972493 17
    endloop
  endfacet
  facet normal -0.9978589232386035 0.0654031292301431 0
    outer loop
      vertex 6.65 33.4 2
      vertex 6.639306076717263 33.23684225972493 17
      vertex 6.65 33.4 17
    endloop
  endfacet
  facet normal -0.9978589232386035 -0.0654031292301431 0
    outer loop
      vertex 6.639306076717263 33.56315774027507 2
      vertex 6.65 33.4 17
      vertex 6.639306076717263 33.56315774027507 17
    endloop
  endfacet
  facet normal -0.9807852804032291 -0.19509032201613563 0
    outer loop
      vertex 6.6074072828613355 33.72352380637815 2
      vertex 6.639306076717263 33.56315774027507 17
      vertex 6.6074072828613355 33.72352380637815 17
    endloop
  endfacet
  facet normal -0.9469301294951059 -0.3214394653031609 0
    outer loop
      vertex 6.554849415639109 33.87835429045636 2
      vertex 6.6074072828613355 33.72352380637815 17
      vertex 6.554849415639109 33.87835429045636 17
    endloop
  endfacet
  facet normal -0.751839807478969 -0.6593458151000786 0
    outer loop
      vertex 6.283883476483185 34.28388347648318 2
      vertex 6.3916916753640445 34.1609517862609 17
      vertex 6.283883476483185 34.28388347648318 17
    endloop
  endfacet
  facet normal -0.8314696123025531 -0.5555702330195904 0
    outer loop
      vertex 6.3916916753640445 34.1609517862609 2
      vertex 6.482531754730548 34.025 17
      vertex 6.3916916753640445 34.1609517862609 17
    endloop
  endfacet
  facet normal 0 0 1
    outer loop
      vertex 4.317468245269453 111.77499999999999 2
      vertex 4.317468245269453 113.02499999999999 2
      vertex 4.245150584360892 111.92164570954363 2
    endloop
  endfacet
  facet normal 0 0 1
    outer loop
      vertex 4.317468245269453 111.77499999999999 2
      vertex 4.408308324635956 111.63904821373909 2
      vertex 4.408308324635956 113.1609517862609 2
    endloop
  endfacet
  facet normal 0 0 1
    outer loop
      vertex 4.408308324635956 111.63904821373909 2
      vertex 4.516116523516816 111.51611652351681 2
      vertex 4.516116523516816 113.28388347648317 2
    endloop
  endfacet
  facet normal 0 0 1
    outer loop
      vertex 4.160693923282738 112.23684225972492 2
      vertex 4.192592717138665 112.07647619362184 2
      vertex 4.192592717138665 112.72352380637814 2
    endloop
  endfacet
  facet normal 0 0 1
    outer loop
      vertex 4.160693923282738 112.23684225972492 2
      vertex 4.160693923282738 112.56315774027506 2
      vertex 4.15 112.39999999999999 2
    endloop
  endfacet
  facet normal 0 0 1
    outer loop
      vertex 4.160693923282738 112.23684225972492 2
      vertex 4.192592717138665 112.72352380637814 2
      vertex 4.160693923282738 112.56315774027506 2
    endloop
  endfacet
  facet normal 0 0 1
    outer loop
      vertex 4.245150584360892 111.92164570954363 2
      vertex 4.245150584360892 112.87835429045636 2
      vertex 4.192592717138665 112.07647619362184 2
    endloop
  endfacet
  facet normal 0 0 1
    outer loop
      vertex 4.192592717138665 112.07647619362184 2
      vertex 4.245150584360892 112.87835429045636 2
      vertex 4.192592717138665 112.72352380637814 2
    endloop
  endfacet
  facet normal 0 0 1
    outer loop
      vertex 4.245150584360892 111.92164570954363 2
      vertex 4.317468245269453 113.02499999999999 2
      vertex 4.245150584360892 112.87835429045636 2
    endloop
  endfacet
  facet normal 0 0 1
    outer loop
      vertex 4.317468245269453 111.77499999999999 2
      vertex 4.408308324635956 113.1609517862609 2
      vertex 4.317468245269453 113.02499999999999 2
    endloop
  endfacet
  facet normal 0 0 1
    outer loop
      vertex 4.408308324635956 111.63904821373909 2
      vertex 4.516116523516816 113.28388347648317 2
      vertex 4.408308324635956 113.1609517862609 2
    endloop
  endfacet
  facet normal 0 0 1
    outer loop
      vertex 4.516116523516816 111.51611652351681 2
      vertex 4.6390482137391 111.40830832463595 2
      vertex 4.6390482137391 113.39169167536403 2
    endloop
  endfacet
  facet normal 0 0 1
    outer loop
      vertex 4.6390482137391 111.40830832463595 2
      vertex 4.775 111.31746824526944 2
      vertex 4.775 113.48253175473054 2
    endloop
  endfacet
  facet normal 0 0 1
    outer loop
      vertex 4.921645709543638 111.24515058436089 2
      vertex 4.921645709543638 113.5548494156391 2
      vertex 4.775 111.31746824526944 2
    endloop
  endfacet
  facet normal 0 0 1
    outer loop
      vertex 4.921645709543638 111.24515058436089 2
      vertex 5.07647619362185 111.19259271713865 2
      vertex 5.07647619362185 113.60740728286133 2
    endloop
  endfacet
  facet normal 0 0 1
    outer loop
      vertex 5.07647619362185 111.19259271713865 2
      vertex 5.236842259724936 111.16069392328272 2
      vertex 5.236842259724936 113.63930607671726 2
    endloop
  endfacet
  facet normal 0 0 1
    outer loop
      vertex 5.236842259724936 111.16069392328272 2
      vertex 5.4 111.14999999999999 2
      vertex 5.4 113.64999999999999 2
    endloop
  endfacet
  facet normal 0 0 1
    outer loop
      vertex 5.4 111.14999999999999 2
      vertex 5.563157740275065 111.16069392328272 2
      vertex 5.563157740275065 113.63930607671726 2
    endloop
  endfacet
  facet normal 0 0 1
    outer loop
      vertex 5.563157740275065 111.16069392328272 2
      vertex 5.723523806378151 111.19259271713865 2
      vertex 5.723523806378151 113.60740728286133 2
    endloop
  endfacet
  facet normal 0 0 1
    outer loop
      vertex 4.516116523516816 111.51611652351681 2
      vertex 4.6390482137391 113.39169167536403 2
      vertex 4.516116523516816 113.28388347648317 2
    endloop
  endfacet
  facet normal 0 0 1
    outer loop
      vertex 4.6390482137391 111.40830832463595 2
      vertex 4.775 113.48253175473054 2
      vertex 4.6390482137391 113.39169167536403 2
    endloop
  endfacet
  facet normal 0 0 1
    outer loop
      vertex 4.775 111.31746824526944 2
      vertex 4.921645709543638 113.5548494156391 2
      vertex 4.775 113.48253175473054 2
    endloop
  endfacet
  facet normal 0 0 1
    outer loop
      vertex 4.921645709543638 111.24515058436089 2
      vertex 5.07647619362185 113.60740728286133 2
      vertex 4.921645709543638 113.5548494156391 2
    endloop
  endfacet
  facet normal 0 0 1
    outer loop
      vertex 5.07647619362185 111.19259271713865 2
      vertex 5.236842259724936 113.63930607671726 2
      vertex 5.07647619362185 113.60740728286133 2
    endloop
  endfacet
  facet normal 0 0 1
    outer loop
      vertex 5.236842259724936 111.16069392328272 2
      vertex 5.4 113.64999999999999 2
      vertex 5.236842259724936 113.63930607671726 2
    endloop
  endfacet
  facet normal 0 0 1
    outer loop
      vertex 5.4 111.14999999999999 2
      vertex 5.563157740275065 113.63930607671726 2
      vertex 5.4 113.64999999999999 2
    endloop
  endfacet
  facet normal 0 0 1
    outer loop
      vertex 5.563157740275065 111.16069392328272 2
      vertex 5.723523806378151 113.60740728286133 2
      vertex 5.563157740275065 113.63930607671726 2
    endloop
  endfacet
  facet normal 0 0 1
    outer loop
      vertex 5.723523806378151 111.19259271713865 2
      vertex 5.878354290456363 111.24515058436089 2
      vertex 5.878354290456363 113.5548494156391 2
    endloop
  endfacet
  facet normal 0 0 1
    outer loop
      vertex 5.878354290456363 111.24515058436089 2
      vertex 6.025 111.31746824526944 2
      vertex 6.025 113.48253175473054 2
    endloop
  endfacet
  facet normal 0 0 1
    outer loop
      vertex 6.025 111.31746824526944 2
      vertex 6.160951786260901 111.40830832463595 2
      vertex 6.160951786260901 113.39169167536403 2
    endloop
  endfacet
  facet normal 0 0 1
    outer loop
      vertex 6.160951786260901 111.40830832463595 2
      vertex 6.283883476483185 111.51611652351681 2
      vertex 6.283883476483185 113.28388347648317 2
    endloop
  endfacet
  facet normal 0 0 1
    outer loop
      vertex 6.283883476483185 111.51611652351681 2
      vertex 6.3916916753640445 111.63904821373909 2
      vertex 6.3916916753640445 113.1609517862609 2
    endloop
  endfacet
  facet normal 0 0 1
    outer loop
      vertex 6.3916916753640445 111.63904821373909 2
      vertex 6.482531754730548 111.77499999999999 2
      vertex 6.482531754730548 113.02499999999999 2
    endloop
  endfacet
  facet normal 0 0 1
    outer loop
      vertex 6.482531754730548 111.77499999999999 2
      vertex 6.554849415639109 111.92164570954363 2
      vertex 6.554849415639109 112.87835429045636 2
    endloop
  endfacet
  facet normal 0 0 1
    outer loop
      vertex 6.554849415639109 111.92164570954363 2
      vertex 6.6074072828613355 112.07647619362184 2
      vertex 6.6074072828613355 112.72352380637814 2
    endloop
  endfacet
  facet normal 0 0 1
    outer loop
      vertex 5.723523806378151 111.19259271713865 2
      vertex 5.878354290456363 113.5548494156391 2
      vertex 5.723523806378151 113.60740728286133 2
    endloop
  endfacet
  facet normal 0 0 1
    outer loop
      vertex 5.878354290456363 111.24515058436089 2
      vertex 6.025 113.48253175473054 2
      vertex 5.878354290456363 113.5548494156391 2
    endloop
  endfacet
  facet normal 0 0 1
    outer loop
      vertex 6.025 111.31746824526944 2
      vertex 6.160951786260901 113.39169167536403 2
      vertex 6.025 113.48253175473054 2
    endloop
  endfacet
  facet normal 0 0 1
    outer loop
      vertex 6.160951786260901 111.40830832463595 2
      vertex 6.283883476483185 113.28388347648317 2
      vertex 6.160951786260901 113.39169167536403 2
    endloop
  endfacet
  facet normal 0 0 1
    outer loop
      vertex 6.283883476483185 111.51611652351681 2
      vertex 6.3916916753640445 113.1609517862609 2
      vertex 6.283883476483185 113.28388347648317 2
    endloop
  endfacet
  facet normal 0 0 1
    outer loop
      vertex 6.3916916753640445 111.63904821373909 2
      vertex 6.482531754730548 113.02499999999999 2
      vertex 6.3916916753640445 113.1609517862609 2
    endloop
  endfacet
  facet normal 0 0 1
    outer loop
      vertex 6.482531754730548 111.77499999999999 2
      vertex 6.554849415639109 112.87835429045636 2
      vertex 6.482531754730548 113.02499999999999 2
    endloop
  endfacet
  facet normal 0 0 1
    outer loop
      vertex 6.554849415639109 111.92164570954363 2
      vertex 6.6074072828613355 112.72352380637814 2
      vertex 6.554849415639109 112.87835429045636 2
    endloop
  endfacet
  facet normal 0 0 1
    outer loop
      vertex 6.6074072828613355 112.07647619362184 2
      vertex 6.639306076717263 112.23684225972492 2
      vertex 6.639306076717263 112.56315774027506 2
    endloop
  endfacet
  facet normal 0 0 1
    outer loop
      vertex 6.639306076717263 112.23684225972492 2
      vertex 6.65 112.39999999999999 2
      vertex 6.639306076717263 112.56315774027506 2
    endloop
  endfacet
  facet normal 0 0 1
    outer loop
      vertex 6.6074072828613355 112.07647619362184 2
      vertex 6.639306076717263 112.56315774027506 2
      vertex 6.6074072828613355 112.72352380637814 2
    endloop
  endfacet
  facet normal 0.9469301294951102 0.32143946530314765 1.2416704684139295e-20
    outer loop
      vertex 4.245150584360892 111.92164570954363 2
      vertex 4.192592717138665 112.07647619362184 2
      vertex 4.192592717138665 112.07647619362184 17
    endloop
  endfacet
  facet normal 0.9807852804032291 0.19509032201613563 0
    outer loop
      vertex 4.160693923282738 112.23684225972492 2
      vertex 4.160693923282738 112.23684225972492 17
      vertex 4.192592717138665 112.07647619362184 2
    endloop
  endfacet
  facet normal 0.8314696123025531 0.5555702330195904 0
    outer loop
      vertex 4.317468245269453 111.77499999999999 2
      vertex 4.317468245269453 111.77499999999999 17
      vertex 4.408308324635956 111.63904821373909 2
    endloop
  endfacet
  facet normal 0.75183980747895 0.6593458151001 0
    outer loop
      vertex 4.408308324635956 111.63904821373909 2
      vertex 4.408308324635956 111.63904821373909 17
      vertex 4.516116523516816 111.51611652351681 2
    endloop
  endfacet
  facet normal 0.8968727415326824 0.44228869021901346 2.705823190279518e-19
    outer loop
      vertex 4.317468245269453 111.77499999999999 2
      vertex 4.245150584360892 111.92164570954363 2
      vertex 4.245150584360892 111.92164570954363 17
    endloop
  endfacet
  facet normal 0.9978589232386035 0.0654031292301431 -3.83111559634984e-20
    outer loop
      vertex 4.160693923282738 112.23684225972492 2
      vertex 4.15 112.39999999999999 2
      vertex 4.15 112.39999999999999 17
    endloop
  endfacet
  facet normal 0.9978589232386035 -0.0654031292301431 3.83111559634984e-20
    outer loop
      vertex 4.15 112.39999999999999 2
      vertex 4.160693923282738 112.56315774027506 2
      vertex 4.160693923282738 112.56315774027506 17
    endloop
  endfacet
  facet normal 0.9807852804032291 -0.19509032201613563 7.117053291565461e-21
    outer loop
      vertex 4.160693923282738 112.56315774027506 2
      vertex 4.192592717138665 112.72352380637814 2
      vertex 4.192592717138665 112.72352380637814 17
    endloop
  endfacet
  facet normal 0.9469301294951102 -0.32143946530314765 -1.2416704684139295e-20
    outer loop
      vertex 4.192592717138665 112.72352380637814 2
      vertex 4.245150584360892 112.87835429045636 2
      vertex 4.245150584360892 112.87835429045636 17
    endloop
  endfacet
  facet normal 0.8968727415326824 -0.44228869021901346 -2.705823190279518e-19
    outer loop
      vertex 4.245150584360892 112.87835429045636 2
      vertex 4.317468245269453 113.02499999999999 2
      vertex 4.317468245269453 113.02499999999999 17
    endloop
  endfacet
  facet normal 0.8314696123025531 -0.5555702330195904 -3.177617765775148e-19
    outer loop
      vertex 4.317468245269453 113.02499999999999 2
      vertex 4.408308324635956 113.1609517862609 2
      vertex 4.408308324635956 113.1609517862609 17
    endloop
  endfacet
  facet normal 0.75183980747895 -0.6593458151001 -3.277340416009858e-19
    outer loop
      vertex 4.408308324635956 113.1609517862609 2
      vertex 4.516116523516816 113.28388347648317 2
      vertex 4.516116523516816 113.28388347648317 17
    endloop
  endfacet
  facet normal 0.4422886902189655 0.896872741532706 1.3735313927871986e-20
    outer loop
      vertex 4.921645709543638 111.24515058436089 2
      vertex 4.775 111.31746824526944 2
      vertex 4.775 111.31746824526944 17
    endloop
  endfacet
  facet normal 0.3214394653031982 0.9469301294950931 0
    outer loop
      vertex 4.921645709543638 111.24515058436089 2
      vertex 4.921645709543638 111.24515058436089 17
      vertex 5.07647619362185 111.19259271713865 2
    endloop
  endfacet
  facet normal 0.6593458151000708 0.7518398074789757 0
    outer loop
      vertex 4.516116523516816 111.51611652351681 2
      vertex 4.516116523516816 111.51611652351681 17
      vertex 4.6390482137391 111.40830832463595 2
    endloop
  endfacet
  facet normal 0.5555702330196493 0.8314696123025137 0
    outer loop
      vertex 4.6390482137391 111.40830832463595 2
      vertex 4.6390482137391 111.40830832463595 17
      vertex 4.775 111.31746824526944 2
    endloop
  endfacet
  facet normal 0.195090322016144 0.9807852804032273 0
    outer loop
      vertex 5.07647619362185 111.19259271713865 2
      vertex 5.07647619362185 111.19259271713865 17
      vertex 5.236842259724936 111.16069392328272 2
    endloop
  endfacet
  facet normal 0.06540312923010125 0.9978589232386061 0
    outer loop
      vertex 5.236842259724936 111.16069392328272 2
      vertex 5.236842259724936 111.16069392328272 17
      vertex 5.4 111.14999999999999 2
    endloop
  endfacet
  facet normal -0.06540312923010125 0.9978589232386061 0
    outer loop
      vertex 5.4 111.14999999999999 2
      vertex 5.4 111.14999999999999 17
      vertex 5.563157740275065 111.16069392328272 2
    endloop
  endfacet
  facet normal -0.195090322016144 0.9807852804032273 0
    outer loop
      vertex 5.563157740275065 111.16069392328272 2
      vertex 5.563157740275065 111.16069392328272 17
      vertex 5.723523806378151 111.19259271713865 2
    endloop
  endfacet
  facet normal 0.6593458151000708 -0.7518398074789757 -1.052195825090436e-19
    outer loop
      vertex 4.516116523516816 113.28388347648317 2
      vertex 4.6390482137391 113.39169167536403 2
      vertex 4.6390482137391 113.39169167536403 17
    endloop
  endfacet
  facet normal 0.5555702330196493 -0.8314696123025137 2.8669716941106874e-19
    outer loop
      vertex 4.6390482137391 113.39169167536403 2
      vertex 4.775 113.48253175473054 2
      vertex 4.775 113.48253175473054 17
    endloop
  endfacet
  facet normal 0.4422886902189655 -0.896872741532706 -1.3735313927871986e-20
    outer loop
      vertex 4.775 113.48253175473054 2
      vertex 4.921645709543638 113.5548494156391 2
      vertex 4.921645709543638 113.5548494156391 17
    endloop
  endfacet
  facet normal 0.3214394653031982 -0.9469301294950931 -1.4095574969464091e-19
    outer loop
      vertex 4.921645709543638 113.5548494156391 2
      vertex 5.07647619362185 113.60740728286133 2
      vertex 5.07647619362185 113.60740728286133 17
    endloop
  endfacet
  facet normal 0.195090322016144 -0.9807852804032273 1.1148173404586094e-19
    outer loop
      vertex 5.07647619362185 113.60740728286133 2
      vertex 5.236842259724936 113.63930607671726 2
      vertex 5.236842259724936 113.63930607671726 17
    endloop
  endfacet
  facet normal 0.06540312923010125 -0.9978589232386061 -1.1382703995148922e-20
    outer loop
      vertex 5.236842259724936 113.63930607671726 2
      vertex 5.4 113.64999999999999 2
      vertex 5.4 113.64999999999999 17
    endloop
  endfacet
  facet normal -0.06540312923010125 -0.9978589232386061 1.1382703995148922e-20
    outer loop
      vertex 5.4 113.64999999999999 2
      vertex 5.563157740275065 113.63930607671726 2
      vertex 5.563157740275065 113.63930607671726 17
    endloop
  endfacet
  facet normal -0.195090322016144 -0.9807852804032273 -1.1148173404586094e-19
    outer loop
      vertex 5.563157740275065 113.63930607671726 2
      vertex 5.723523806378151 113.60740728286133 2
      vertex 5.723523806378151 113.60740728286133 17
    endloop
  endfacet
  facet normal -0.3214394653031982 0.9469301294950931 0
    outer loop
      vertex 5.723523806378151 111.19259271713865 2
      vertex 5.723523806378151 111.19259271713865 17
      vertex 5.878354290456363 111.24515058436089 2
    endloop
  endfacet
  facet normal -0.4422886902189655 0.896872741532706 0
    outer loop
      vertex 5.878354290456363 111.24515058436089 2
      vertex 5.878354290456363 111.24515058436089 17
      vertex 6.025 111.31746824526944 2
    endloop
  endfacet
  facet normal -0.5555702330196493 0.8314696123025137 0
    outer loop
      vertex 6.025 111.31746824526944 2
      vertex 6.025 111.31746824526944 17
      vertex 6.160951786260901 111.40830832463595 2
    endloop
  endfacet
  facet normal -0.6593458151000708 0.7518398074789757 0
    outer loop
      vertex 6.160951786260901 111.40830832463595 2
      vertex 6.160951786260901 111.40830832463595 17
      vertex 6.283883476483185 111.51611652351681 2
    endloop
  endfacet
  facet normal -0.75183980747895 0.6593458151001 0
    outer loop
      vertex 6.283883476483185 111.51611652351681 2
      vertex 6.283883476483185 111.51611652351681 17
      vertex 6.3916916753640445 111.63904821373909 2
    endloop
  endfacet
  facet normal -0.8314696123025531 0.5555702330195904 0
    outer loop
      vertex 6.3916916753640445 111.63904821373909 2
      vertex 6.3916916753640445 111.63904821373909 17
      vertex 6.482531754730548 111.77499999999999 2
    endloop
  endfacet
  facet normal -0.8968727415326824 0.44228869021901346 0
    outer loop
      vertex 6.482531754730548 111.77499999999999 2
      vertex 6.482531754730548 111.77499999999999 17
      vertex 6.554849415639109 111.92164570954363 2
    endloop
  endfacet
  facet normal -0.9469301294951102 0.32143946530314765 0
    outer loop
      vertex 6.554849415639109 111.92164570954363 2
      vertex 6.554849415639109 111.92164570954363 17
      vertex 6.6074072828613355 112.07647619362184 2
    endloop
  endfacet
  facet normal -0.9807852804032291 0.19509032201613563 0
    outer loop
      vertex 6.6074072828613355 112.07647619362184 2
      vertex 6.6074072828613355 112.07647619362184 17
      vertex 6.639306076717263 112.23684225972492 2
    endloop
  endfacet
  facet normal -0.3214394653031982 -0.9469301294950931 1.4095574969464091e-19
    outer loop
      vertex 5.723523806378151 113.60740728286133 2
      vertex 5.878354290456363 113.5548494156391 2
      vertex 5.878354290456363 113.5548494156391 17
    endloop
  endfacet
  facet normal -0.4422886902189655 -0.896872741532706 1.3735313927871986e-20
    outer loop
      vertex 5.878354290456363 113.5548494156391 2
      vertex 6.025 113.48253175473054 2
      vertex 6.025 113.48253175473054 17
    endloop
  endfacet
  facet normal -0.5555702330196493 -0.8314696123025137 -2.8669716941106874e-19
    outer loop
      vertex 6.025 113.48253175473054 2
      vertex 6.160951786260901 113.39169167536403 2
      vertex 6.160951786260901 113.39169167536403 17
    endloop
  endfacet
  facet normal -0.6593458151000708 -0.7518398074789757 1.052195825090436e-19
    outer loop
      vertex 6.160951786260901 113.39169167536403 2
      vertex 6.283883476483185 113.28388347648317 2
      vertex 6.283883476483185 113.28388347648317 17
    endloop
  endfacet
  facet normal -0.8968727415326824 -0.44228869021901346 0
    outer loop
      vertex 6.554849415639109 112.87835429045636 2
      vertex 6.554849415639109 112.87835429045636 17
      vertex 6.482531754730548 113.02499999999999 2
    endloop
  endfacet
  facet normal -0.8314696123025531 -0.5555702330195904 3.177617765775148e-19
    outer loop
      vertex 6.3916916753640445 113.1609517862609 2
      vertex 6.482531754730548 113.02499999999999 2
      vertex 6.482531754730548 113.02499999999999 17
    endloop
  endfacet
  facet normal -0.9978589232386035 0.0654031292301431 0
    outer loop
      vertex 6.639306076717263 112.23684225972492 2
      vertex 6.639306076717263 112.23684225972492 17
      vertex 6.65 112.39999999999999 2
    endloop
  endfacet
  facet normal -0.9978589232386035 -0.0654031292301431 0
    outer loop
      vertex 6.65 112.39999999999999 2
      vertex 6.65 112.39999999999999 17
      vertex 6.639306076717263 112.56315774027506 2
    endloop
  endfacet
  facet normal -0.9807852804032291 -0.19509032201613563 -7.117053291565461e-21
    outer loop
      vertex 6.6074072828613355 112.72352380637814 2
      vertex 6.639306076717263 112.56315774027506 2
      vertex 6.639306076717263 112.56315774027506 17
    endloop
  endfacet
  facet normal -0.9469301294951102 -0.32143946530314765 0
    outer loop
      vertex 6.6074072828613355 112.72352380637814 2
      vertex 6.6074072828613355 112.72352380637814 17
      vertex 6.554849415639109 112.87835429045636 2
    endloop
  endfacet
  facet normal -0.75183980747895 -0.6593458151001 0
    outer loop
      vertex 6.3916916753640445 113.1609517862609 2
      vertex 6.3916916753640445 113.1609517862609 17
      vertex 6.283883476483185 113.28388347648317 2
    endloop
  endfacet
  facet normal 0.9469301294951102 0.32143946530314765 0
    outer loop
      vertex 4.245150584360892 111.92164570954363 2
      vertex 4.192592717138665 112.07647619362184 17
      vertex 4.245150584360892 111.92164570954363 17
    endloop
  endfacet
  facet normal 0.9807852804032291 0.19509032201613563 0
    outer loop
      vertex 4.192592717138665 112.07647619362184 2
      vertex 4.160693923282738 112.23684225972492 17
      vertex 4.192592717138665 112.07647619362184 17
    endloop
  endfacet
  facet normal 0.8314696123025531 0.5555702330195904 0
    outer loop
      vertex 4.408308324635956 111.63904821373909 2
      vertex 4.317468245269453 111.77499999999999 17
      vertex 4.408308324635956 111.63904821373909 17
    endloop
  endfacet
  facet normal 0.75183980747895 0.6593458151001 0
    outer loop
      vertex 4.516116523516816 111.51611652351681 2
      vertex 4.408308324635956 111.63904821373909 17
      vertex 4.516116523516816 111.51611652351681 17
    endloop
  endfacet
  facet normal 0.8968727415326824 0.44228869021901346 0
    outer loop
      vertex 4.317468245269453 111.77499999999999 2
      vertex 4.245150584360892 111.92164570954363 17
      vertex 4.317468245269453 111.77499999999999 17
    endloop
  endfacet
  facet normal 0.9978589232386035 0.0654031292301431 0
    outer loop
      vertex 4.160693923282738 112.23684225972492 2
      vertex 4.15 112.39999999999999 17
      vertex 4.160693923282738 112.23684225972492 17
    endloop
  endfacet
  facet normal 0.9978589232386035 -0.0654031292301431 0
    outer loop
      vertex 4.15 112.39999999999999 2
      vertex 4.160693923282738 112.56315774027506 17
      vertex 4.15 112.39999999999999 17
    endloop
  endfacet
  facet normal 0.9807852804032291 -0.19509032201613563 0
    outer loop
      vertex 4.160693923282738 112.56315774027506 2
      vertex 4.192592717138665 112.72352380637814 17
      vertex 4.160693923282738 112.56315774027506 17
    endloop
  endfacet
  facet normal 0.9469301294951102 -0.32143946530314765 0
    outer loop
      vertex 4.192592717138665 112.72352380637814 2
      vertex 4.245150584360892 112.87835429045636 17
      vertex 4.192592717138665 112.72352380637814 17
    endloop
  endfacet
  facet normal 0.8968727415326824 -0.44228869021901346 0
    outer loop
      vertex 4.245150584360892 112.87835429045636 2
      vertex 4.317468245269453 113.02499999999999 17
      vertex 4.245150584360892 112.87835429045636 17
    endloop
  endfacet
  facet normal 0.8314696123025531 -0.5555702330195904 0
    outer loop
      vertex 4.317468245269453 113.02499999999999 2
      vertex 4.408308324635956 113.1609517862609 17
      vertex 4.317468245269453 113.02499999999999 17
    endloop
  endfacet
  facet normal 0.75183980747895 -0.6593458151001 0
    outer loop
      vertex 4.408308324635956 113.1609517862609 2
      vertex 4.516116523516816 113.28388347648317 17
      vertex 4.408308324635956 113.1609517862609 17
    endloop
  endfacet
  facet normal 0.5555702330196493 0.8314696123025137 0
    outer loop
      vertex 4.775 111.31746824526944 2
      vertex 4.6390482137391 111.40830832463595 17
      vertex 4.775 111.31746824526944 17
    endloop
  endfacet
  facet normal 0.4422886902189655 0.896872741532706 0
    outer loop
      vertex 4.921645709543638 111.24515058436089 2
      vertex 4.775 111.31746824526944 17
      vertex 4.921645709543638 111.24515058436089 17
    endloop
  endfacet
  facet normal 0.3214394653031982 0.9469301294950931 0
    outer loop
      vertex 5.07647619362185 111.19259271713865 2
      vertex 4.921645709543638 111.24515058436089 17
      vertex 5.07647619362185 111.19259271713865 17
    endloop
  endfacet
  facet normal 0.6593458151000708 0.7518398074789757 0
    outer loop
      vertex 4.6390482137391 111.40830832463595 2
      vertex 4.516116523516816 111.51611652351681 17
      vertex 4.6390482137391 111.40830832463595 17
    endloop
  endfacet
  facet normal 0.195090322016144 0.9807852804032273 0
    outer loop
      vertex 5.236842259724936 111.16069392328272 2
      vertex 5.07647619362185 111.19259271713865 17
      vertex 5.236842259724936 111.16069392328272 17
    endloop
  endfacet
  facet normal 0.06540312923010125 0.9978589232386061 0
    outer loop
      vertex 5.4 111.14999999999999 2
      vertex 5.236842259724936 111.16069392328272 17
      vertex 5.4 111.14999999999999 17
    endloop
  endfacet
  facet normal -0.06540312923010125 0.9978589232386061 0
    outer loop
      vertex 5.563157740275065 111.16069392328272 2
      vertex 5.4 111.14999999999999 17
      vertex 5.563157740275065 111.16069392328272 17
    endloop
  endfacet
  facet normal -0.195090322016144 0.9807852804032273 0
    outer loop
      vertex 5.723523806378151 111.19259271713865 2
      vertex 5.563157740275065 111.16069392328272 17
      vertex 5.723523806378151 111.19259271713865 17
    endloop
  endfacet
  facet normal 0.6593458151000708 -0.7518398074789757 0
    outer loop
      vertex 4.516116523516816 113.28388347648317 2
      vertex 4.6390482137391 113.39169167536403 17
      vertex 4.516116523516816 113.28388347648317 17
    endloop
  endfacet
  facet normal 0.5555702330196493 -0.8314696123025137 0
    outer loop
      vertex 4.6390482137391 113.39169167536403 2
      vertex 4.775 113.48253175473054 17
      vertex 4.6390482137391 113.39169167536403 17
    endloop
  endfacet
  facet normal 0.4422886902189655 -0.896872741532706 0
    outer loop
      vertex 4.775 113.48253175473054 2
      vertex 4.921645709543638 113.5548494156391 17
      vertex 4.775 113.48253175473054 17
    endloop
  endfacet
  facet normal 0.3214394653031982 -0.9469301294950931 0
    outer loop
      vertex 4.921645709543638 113.5548494156391 2
      vertex 5.07647619362185 113.60740728286133 17
      vertex 4.921645709543638 113.5548494156391 17
    endloop
  endfacet
  facet normal 0.195090322016144 -0.9807852804032273 0
    outer loop
      vertex 5.07647619362185 113.60740728286133 2
      vertex 5.236842259724936 113.63930607671726 17
      vertex 5.07647619362185 113.60740728286133 17
    endloop
  endfacet
  facet normal 0.06540312923010125 -0.9978589232386061 0
    outer loop
      vertex 5.236842259724936 113.63930607671726 2
      vertex 5.4 113.64999999999999 17
      vertex 5.236842259724936 113.63930607671726 17
    endloop
  endfacet
  facet normal -0.06540312923010125 -0.9978589232386061 0
    outer loop
      vertex 5.4 113.64999999999999 2
      vertex 5.563157740275065 113.63930607671726 17
      vertex 5.4 113.64999999999999 17
    endloop
  endfacet
  facet normal -0.195090322016144 -0.9807852804032273 0
    outer loop
      vertex 5.563157740275065 113.63930607671726 2
      vertex 5.723523806378151 113.60740728286133 17
      vertex 5.563157740275065 113.63930607671726 17
    endloop
  endfacet
  facet normal -0.3214394653031982 0.9469301294950931 0
    outer loop
      vertex 5.878354290456363 111.24515058436089 2
      vertex 5.723523806378151 111.19259271713865 17
      vertex 5.878354290456363 111.24515058436089 17
    endloop
  endfacet
  facet normal -0.4422886902189655 0.896872741532706 0
    outer loop
      vertex 6.025 111.31746824526944 2
      vertex 5.878354290456363 111.24515058436089 17
      vertex 6.025 111.31746824526944 17
    endloop
  endfacet
  facet normal -0.5555702330196493 0.8314696123025137 0
    outer loop
      vertex 6.160951786260901 111.40830832463595 2
      vertex 6.025 111.31746824526944 17
      vertex 6.160951786260901 111.40830832463595 17
    endloop
  endfacet
  facet normal -0.6593458151000708 0.7518398074789757 0
    outer loop
      vertex 6.283883476483185 111.51611652351681 2
      vertex 6.160951786260901 111.40830832463595 17
      vertex 6.283883476483185 111.51611652351681 17
    endloop
  endfacet
  facet normal -0.75183980747895 0.6593458151001 0
    outer loop
      vertex 6.3916916753640445 111.63904821373909 2
      vertex 6.283883476483185 111.51611652351681 17
      vertex 6.3916916753640445 111.63904821373909 17
    endloop
  endfacet
  facet normal -0.8314696123025531 0.5555702330195904 0
    outer loop
      vertex 6.482531754730548 111.77499999999999 2
      vertex 6.3916916753640445 111.63904821373909 17
      vertex 6.482531754730548 111.77499999999999 17
    endloop
  endfacet
  facet normal -0.8968727415326824 0.44228869021901346 0
    outer loop
      vertex 6.554849415639109 111.92164570954363 2
      vertex 6.482531754730548 111.77499999999999 17
      vertex 6.554849415639109 111.92164570954363 17
    endloop
  endfacet
  facet normal -0.9469301294951102 0.32143946530314765 0
    outer loop
      vertex 6.6074072828613355 112.07647619362184 2
      vertex 6.554849415639109 111.92164570954363 17
      vertex 6.6074072828613355 112.07647619362184 17
    endloop
  endfacet
  facet normal -0.9807852804032291 0.19509032201613563 0
    outer loop
      vertex 6.639306076717263 112.23684225972492 2
      vertex 6.6074072828613355 112.07647619362184 17
      vertex 6.639306076717263 112.23684225972492 17
    endloop
  endfacet
  facet normal -0.3214394653031982 -0.9469301294950931 0
    outer loop
      vertex 5.723523806378151 113.60740728286133 2
      vertex 5.878354290456363 113.5548494156391 17
      vertex 5.723523806378151 113.60740728286133 17
    endloop
  endfacet
  facet normal -0.4422886902189655 -0.896872741532706 0
    outer loop
      vertex 5.878354290456363 113.5548494156391 2
      vertex 6.025 113.48253175473054 17
      vertex 5.878354290456363 113.5548494156391 17
    endloop
  endfacet
  facet normal -0.5555702330196493 -0.8314696123025137 0
    outer loop
      vertex 6.025 113.48253175473054 2
      vertex 6.160951786260901 113.39169167536403 17
      vertex 6.025 113.48253175473054 17
    endloop
  endfacet
  facet normal -0.6593458151000708 -0.7518398074789757 0
    outer loop
      vertex 6.160951786260901 113.39169167536403 2
      vertex 6.283883476483185 113.28388347648317 17
      vertex 6.160951786260901 113.39169167536403 17
    endloop
  endfacet
  facet normal -0.8314696123025531 -0.5555702330195904 0
    outer loop
      vertex 6.3916916753640445 113.1609517862609 2
      vertex 6.482531754730548 113.02499999999999 17
      vertex 6.3916916753640445 113.1609517862609 17
    endloop
  endfacet
  facet normal -0.8968727415326824 -0.44228869021901346 0
    outer loop
      vertex 6.482531754730548 113.02499999999999 2
      vertex 6.554849415639109 112.87835429045636 17
      vertex 6.482531754730548 113.02499999999999 17
    endloop
  endfacet
  facet normal -0.9978589232386035 0.0654031292301431 0
    outer loop
      vertex 6.65 112.39999999999999 2
      vertex 6.639306076717263 112.23684225972492 17
      vertex 6.65 112.39999999999999 17
    endloop
  endfacet
  facet normal -0.9978589232386035 -0.0654031292301431 0
    outer loop
      vertex 6.639306076717263 112.56315774027506 2
      vertex 6.65 112.39999999999999 17
      vertex 6.639306076717263 112.56315774027506 17
    endloop
  endfacet
  facet normal -0.9807852804032291 -0.19509032201613563 0
    outer loop
      vertex 6.6074072828613355 112.72352380637814 2
      vertex 6.639306076717263 112.56315774027506 17
      vertex 6.6074072828613355 112.72352380637814 17
    endloop
  endfacet
  facet normal -0.9469301294951102 -0.32143946530314765 0
    outer loop
      vertex 6.554849415639109 112.87835429045636 2
      vertex 6.6074072828613355 112.72352380637814 17
      vertex 6.554849415639109 112.87835429045636 17
    endloop
  endfacet
  facet normal -0.75183980747895 -0.6593458151001 0
    outer loop
      vertex 6.283883476483185 113.28388347648317 2
      vertex 6.3916916753640445 113.1609517862609 17
      vertex 6.283883476483185 113.28388347648317 17
    endloop
  endfacet
  facet normal 0 0 1
    outer loop
      vertex 66.19259271713865 5.07647619362185 2
      vertex 66.19259271713865 5.723523806378151 2
      vertex 66.16069392328272 5.236842259724936 2
    endloop
  endfacet
  facet normal 0 0 1
    outer loop
      vertex 66.16069392328272 5.236842259724936 2
      vertex 66.16069392328272 5.563157740275065 2
      vertex 66.14999999999999 5.4 2
    endloop
  endfacet
  facet normal 0 0 1
    outer loop
      vertex 66.16069392328272 5.236842259724936 2
      vertex 66.19259271713865 5.723523806378151 2
      vertex 66.16069392328272 5.563157740275065 2
    endloop
  endfacet
  facet normal 0 0 1
    outer loop
      vertex 66.19259271713865 5.07647619362185 2
      vertex 66.24515058436089 4.921645709543638 2
      vertex 66.24515058436089 5.878354290456363 2
    endloop
  endfacet
  facet normal 0 0 1
    outer loop
      vertex 66.31746824526944 4.775 2
      vertex 66.31746824526944 6.025 2
      vertex 66.24515058436089 4.921645709543638 2
    endloop
  endfacet
  facet normal 0 0 1
    outer loop
      vertex 66.31746824526944 4.775 2
      vertex 66.40830832463595 4.6390482137391 2
      vertex 66.40830832463595 6.160951786260901 2
    endloop
  endfacet
  facet normal 0 0 1
    outer loop
      vertex 66.40830832463595 4.6390482137391 2
      vertex 66.51611652351681 4.516116523516816 2
      vertex 66.51611652351681 6.283883476483185 2
    endloop
  endfacet
  facet normal 0 0 1
    outer loop
      vertex 66.51611652351681 4.516116523516816 2
      vertex 66.63904821373909 4.408308324635956 2
      vertex 66.63904821373909 6.3916916753640445 2
    endloop
  endfacet
  facet normal 0 0 1
    outer loop
      vertex 66.63904821373909 4.408308324635956 2
      vertex 66.77499999999999 4.317468245269453 2
      vertex 66.77499999999999 6.482531754730548 2
    endloop
  endfacet
  facet normal 0 0 1
    outer loop
      vertex 66.77499999999999 4.317468245269453 2
      vertex 66.92164570954363 4.245150584360892 2
      vertex 66.92164570954363 6.554849415639109 2
    endloop
  endfacet
  facet normal 0 0 1
    outer loop
      vertex 66.92164570954363 4.245150584360892 2
      vertex 67.07647619362184 4.192592717138665 2
      vertex 67.07647619362184 6.6074072828613355 2
    endloop
  endfacet
  facet normal 0 0 1
    outer loop
      vertex 66.19259271713865 5.07647619362185 2
      vertex 66.24515058436089 5.878354290456363 2
      vertex 66.19259271713865 5.723523806378151 2
    endloop
  endfacet
  facet normal 0 0 1
    outer loop
      vertex 66.24515058436089 4.921645709543638 2
      vertex 66.31746824526944 6.025 2
      vertex 66.24515058436089 5.878354290456363 2
    endloop
  endfacet
  facet normal 0 0 1
    outer loop
      vertex 66.31746824526944 4.775 2
      vertex 66.40830832463595 6.160951786260901 2
      vertex 66.31746824526944 6.025 2
    endloop
  endfacet
  facet normal 0 0 1
    outer loop
      vertex 66.40830832463595 4.6390482137391 2
      vertex 66.51611652351681 6.283883476483185 2
      vertex 66.40830832463595 6.160951786260901 2
    endloop
  endfacet
  facet normal 0 0 1
    outer loop
      vertex 66.51611652351681 4.516116523516816 2
      vertex 66.63904821373909 6.3916916753640445 2
      vertex 66.51611652351681 6.283883476483185 2
    endloop
  endfacet
  facet normal 0 0 1
    outer loop
      vertex 66.63904821373909 4.408308324635956 2
      vertex 66.77499999999999 6.482531754730548 2
      vertex 66.63904821373909 6.3916916753640445 2
    endloop
  endfacet
  facet normal 0 0 1
    outer loop
      vertex 66.77499999999999 4.317468245269453 2
      vertex 66.92164570954363 6.554849415639109 2
      vertex 66.77499999999999 6.482531754730548 2
    endloop
  endfacet
  facet normal 0 0 1
    outer loop
      vertex 66.92164570954363 4.245150584360892 2
      vertex 67.07647619362184 6.6074072828613355 2
      vertex 66.92164570954363 6.554849415639109 2
    endloop
  endfacet
  facet normal 0 0 1
    outer loop
      vertex 67.07647619362184 4.192592717138665 2
      vertex 67.23684225972492 4.160693923282738 2
      vertex 67.23684225972492 6.639306076717263 2
    endloop
  endfacet
  facet normal 0 0 1
    outer loop
      vertex 67.23684225972492 4.160693923282738 2
      vertex 67.39999999999999 4.15 2
      vertex 67.39999999999999 6.65 2
    endloop
  endfacet
  facet normal 0 0 1
    outer loop
      vertex 67.39999999999999 4.15 2
      vertex 67.56315774027506 4.160693923282738 2
      vertex 67.56315774027506 6.639306076717263 2
    endloop
  endfacet
  facet normal 0 0 1
    outer loop
      vertex 67.56315774027506 4.160693923282738 2
      vertex 67.72352380637814 4.192592717138665 2
      vertex 67.72352380637814 6.6074072828613355 2
    endloop
  endfacet
  facet normal 0 0 1
    outer loop
      vertex 67.72352380637814 4.192592717138665 2
      vertex 67.87835429045636 4.245150584360892 2
      vertex 67.87835429045636 6.554849415639109 2
    endloop
  endfacet
  facet normal 0 0 1
    outer loop
      vertex 67.87835429045636 4.245150584360892 2
      vertex 68.02499999999999 4.317468245269453 2
      vertex 68.02499999999999 6.482531754730548 2
    endloop
  endfacet
  facet normal 0 0 1
    outer loop
      vertex 68.02499999999999 4.317468245269453 2
      vertex 68.1609517862609 4.408308324635956 2
      vertex 68.1609517862609 6.3916916753640445 2
    endloop
  endfacet
  facet normal 0 0 1
    outer loop
      vertex 68.1609517862609 4.408308324635956 2
      vertex 68.28388347648317 4.516116523516816 2
      vertex 68.28388347648317 6.283883476483185 2
    endloop
  endfacet
  facet normal 0 0 1
    outer loop
      vertex 67.07647619362184 4.192592717138665 2
      vertex 67.23684225972492 6.639306076717263 2
      vertex 67.07647619362184 6.6074072828613355 2
    endloop
  endfacet
  facet normal 0 0 1
    outer loop
      vertex 67.23684225972492 4.160693923282738 2
      vertex 67.39999999999999 6.65 2
      vertex 67.23684225972492 6.639306076717263 2
    endloop
  endfacet
  facet normal 0 0 1
    outer loop
      vertex 67.39999999999999 4.15 2
      vertex 67.56315774027506 6.639306076717263 2
      vertex 67.39999999999999 6.65 2
    endloop
  endfacet
  facet normal 0 0 1
    outer loop
      vertex 67.56315774027506 4.160693923282738 2
      vertex 67.72352380637814 6.6074072828613355 2
      vertex 67.56315774027506 6.639306076717263 2
    endloop
  endfacet
  facet normal 0 0 1
    outer loop
      vertex 67.72352380637814 4.192592717138665 2
      vertex 67.87835429045636 6.554849415639109 2
      vertex 67.72352380637814 6.6074072828613355 2
    endloop
  endfacet
  facet normal 0 0 1
    outer loop
      vertex 67.87835429045636 4.245150584360892 2
      vertex 68.02499999999999 6.482531754730548 2
      vertex 67.87835429045636 6.554849415639109 2
    endloop
  endfacet
  facet normal 0 0 1
    outer loop
      vertex 68.02499999999999 4.317468245269453 2
      vertex 68.1609517862609 6.3916916753640445 2
      vertex 68.02499999999999 6.482531754730548 2
    endloop
  endfacet
  facet normal 0 0 1
    outer loop
      vertex 68.1609517862609 4.408308324635956 2
      vertex 68.28388347648317 6.283883476483185 2
      vertex 68.1609517862609 6.3916916753640445 2
    endloop
  endfacet
  facet normal 0 0 1
    outer loop
      vertex 68.28388347648317 4.516116523516816 2
      vertex 68.39169167536403 4.6390482137391 2
      vertex 68.39169167536403 6.160951786260901 2
    endloop
  endfacet
  facet normal 0 0 1
    outer loop
      vertex 68.39169167536403 4.6390482137391 2
      vertex 68.48253175473054 4.775 2
      vertex 68.48253175473054 6.025 2
    endloop
  endfacet
  facet normal 0 0 1
    outer loop
      vertex 68.48253175473054 4.775 2
      vertex 68.5548494156391 4.921645709543638 2
      vertex 68.5548494156391 5.878354290456363 2
    endloop
  endfacet
  facet normal 0 0 1
    outer loop
      vertex 68.5548494156391 4.921645709543638 2
      vertex 68.60740728286133 5.07647619362185 2
      vertex 68.60740728286133 5.723523806378151 2
    endloop
  endfacet
  facet normal 0 0 1
    outer loop
      vertex 68.5548494156391 4.921645709543638 2
      vertex 68.60740728286133 5.723523806378151 2
      vertex 68.5548494156391 5.878354290456363 2
    endloop
  endfacet
  facet normal 0 0 1
    outer loop
      vertex 68.60740728286133 5.07647619362185 2
      vertex 68.63930607671726 5.236842259724936 2
      vertex 68.63930607671726 5.563157740275065 2
    endloop
  endfacet
  facet normal 0 0 1
    outer loop
      vertex 68.63930607671726 5.236842259724936 2
      vertex 68.64999999999999 5.4 2
      vertex 68.63930607671726 5.563157740275065 2
    endloop
  endfacet
  facet normal 0 0 1
    outer loop
      vertex 68.60740728286133 5.07647619362185 2
      vertex 68.63930607671726 5.563157740275065 2
      vertex 68.60740728286133 5.723523806378151 2
    endloop
  endfacet
  facet normal 0 0 1
    outer loop
      vertex 68.28388347648317 4.516116523516816 2
      vertex 68.39169167536403 6.160951786260901 2
      vertex 68.28388347648317 6.283883476483185 2
    endloop
  endfacet
  facet normal 0 0 1
    outer loop
      vertex 68.39169167536403 4.6390482137391 2
      vertex 68.48253175473054 6.025 2
      vertex 68.39169167536403 6.160951786260901 2
    endloop
  endfacet
  facet normal 0 0 1
    outer loop
      vertex 68.48253175473054 4.775 2
      vertex 68.5548494156391 5.878354290456363 2
      vertex 68.48253175473054 6.025 2
    endloop
  endfacet
  facet normal 0.7518398074789757 0.6593458151000708 0
    outer loop
      vertex 66.40830832463595 4.6390482137391 2
      vertex 66.40830832463595 4.6390482137391 17
      vertex 66.51611652351681 4.516116523516816 2
    endloop
  endfacet
  facet normal 0.9469301294950931 0.3214394653031982 0
    outer loop
      vertex 66.19259271713865 5.07647619362185 2
      vertex 66.19259271713865 5.07647619362185 17
      vertex 66.24515058436089 4.921645709543638 2
    endloop
  endfacet
  facet normal 0.9807852804032273 0.195090322016144 -1.1148173404586094e-19
    outer loop
      vertex 66.19259271713865 5.07647619362185 2
      vertex 66.16069392328272 5.236842259724936 2
      vertex 66.16069392328272 5.236842259724936 17
    endloop
  endfacet
  facet normal 0.9978589232386061 0.06540312923010125 1.1382703995148922e-20
    outer loop
      vertex 66.16069392328272 5.236842259724936 2
      vertex 66.14999999999999 5.4 2
      vertex 66.14999999999999 5.4 17
    endloop
  endfacet
  facet normal 0.9978589232386061 -0.06540312923010125 -1.1382703995148922e-20
    outer loop
      vertex 66.14999999999999 5.4 2
      vertex 66.16069392328272 5.563157740275065 2
      vertex 66.16069392328272 5.563157740275065 17
    endloop
  endfacet
  facet normal 0.8314696123025137 0.5555702330196493 0
    outer loop
      vertex 66.31746824526944 4.775 2
      vertex 66.31746824526944 4.775 17
      vertex 66.40830832463595 4.6390482137391 2
    endloop
  endfacet
  facet normal 0.896872741532706 0.4422886902189655 1.3735313927871986e-20
    outer loop
      vertex 66.31746824526944 4.775 2
      vertex 66.24515058436089 4.921645709543638 2
      vertex 66.24515058436089 4.921645709543638 17
    endloop
  endfacet
  facet normal 0.6593458151001 0.75183980747895 0
    outer loop
      vertex 66.51611652351681 4.516116523516816 2
      vertex 66.51611652351681 4.516116523516816 17
      vertex 66.63904821373909 4.408308324635956 2
    endloop
  endfacet
  facet normal 0.5555702330195904 0.8314696123025531 0
    outer loop
      vertex 66.63904821373909 4.408308324635956 2
      vertex 66.63904821373909 4.408308324635956 17
      vertex 66.77499999999999 4.317468245269453 2
    endloop
  endfacet
  facet normal 0.44228869021901346 0.8968727415326824 0
    outer loop
      vertex 66.77499999999999 4.317468245269453 2
      vertex 66.77499999999999 4.317468245269453 17
      vertex 66.92164570954363 4.245150584360892 2
    endloop
  endfacet
  facet normal 0.32143946530314765 0.9469301294951102 0
    outer loop
      vertex 66.92164570954363 4.245150584360892 2
      vertex 66.92164570954363 4.245150584360892 17
      vertex 67.07647619362184 4.192592717138665 2
    endloop
  endfacet
  facet normal 0.9807852804032273 -0.195090322016144 1.1148173404586094e-19
    outer loop
      vertex 66.16069392328272 5.563157740275065 2
      vertex 66.19259271713865 5.723523806378151 2
      vertex 66.19259271713865 5.723523806378151 17
    endloop
  endfacet
  facet normal 0.9469301294950931 -0.3214394653031982 -1.4095574969464091e-19
    outer loop
      vertex 66.19259271713865 5.723523806378151 2
      vertex 66.24515058436089 5.878354290456363 2
      vertex 66.24515058436089 5.878354290456363 17
    endloop
  endfacet
  facet normal 0.896872741532706 -0.4422886902189655 -1.3735313927871986e-20
    outer loop
      vertex 66.24515058436089 5.878354290456363 2
      vertex 66.31746824526944 6.025 2
      vertex 66.31746824526944 6.025 17
    endloop
  endfacet
  facet normal 0.8314696123025137 -0.5555702330196493 2.8669716941106874e-19
    outer loop
      vertex 66.31746824526944 6.025 2
      vertex 66.40830832463595 6.160951786260901 2
      vertex 66.40830832463595 6.160951786260901 17
    endloop
  endfacet
  facet normal 0.7518398074789757 -0.6593458151000708 -1.052195825090436e-19
    outer loop
      vertex 66.40830832463595 6.160951786260901 2
      vertex 66.51611652351681 6.283883476483185 2
      vertex 66.51611652351681 6.283883476483185 17
    endloop
  endfacet
  facet normal 0.6593458151001 -0.75183980747895 -3.277340416009858e-19
    outer loop
      vertex 66.51611652351681 6.283883476483185 2
      vertex 66.63904821373909 6.3916916753640445 2
      vertex 66.63904821373909 6.3916916753640445 17
    endloop
  endfacet
  facet normal 0.5555702330195904 -0.8314696123025531 -3.177617765775148e-19
    outer loop
      vertex 66.63904821373909 6.3916916753640445 2
      vertex 66.77499999999999 6.482531754730548 2
      vertex 66.77499999999999 6.482531754730548 17
    endloop
  endfacet
  facet normal 0.44228869021901346 -0.8968727415326824 -2.705823190279518e-19
    outer loop
      vertex 66.77499999999999 6.482531754730548 2
      vertex 66.92164570954363 6.554849415639109 2
      vertex 66.92164570954363 6.554849415639109 17
    endloop
  endfacet
  facet normal 0.32143946530314765 -0.9469301294951102 -1.2416704684139295e-20
    outer loop
      vertex 66.92164570954363 6.554849415639109 2
      vertex 67.07647619362184 6.6074072828613355 2
      vertex 67.07647619362184 6.6074072828613355 17
    endloop
  endfacet
  facet normal 0.19509032201613563 0.9807852804032291 0
    outer loop
      vertex 67.07647619362184 4.192592717138665 2
      vertex 67.07647619362184 4.192592717138665 17
      vertex 67.23684225972492 4.160693923282738 2
    endloop
  endfacet
  facet normal 0.0654031292301431 0.9978589232386035 0
    outer loop
      vertex 67.23684225972492 4.160693923282738 2
      vertex 67.23684225972492 4.160693923282738 17
      vertex 67.39999999999999 4.15 2
    endloop
  endfacet
  facet normal -0.0654031292301431 0.9978589232386035 0
    outer loop
      vertex 67.39999999999999 4.15 2
      vertex 67.39999999999999 4.15 17
      vertex 67.56315774027506 4.160693923282738 2
    endloop
  endfacet
  facet normal -0.19509032201613563 0.9807852804032291 0
    outer loop
      vertex 67.56315774027506 4.160693923282738 2
      vertex 67.56315774027506 4.160693923282738 17
      vertex 67.72352380637814 4.192592717138665 2
    endloop
  endfacet
  facet normal -0.32143946530314765 0.9469301294951102 0
    outer loop
      vertex 67.72352380637814 4.192592717138665 2
      vertex 67.72352380637814 4.192592717138665 17
      vertex 67.87835429045636 4.245150584360892 2
    endloop
  endfacet
  facet normal -0.44228869021901346 0.8968727415326824 0
    outer loop
      vertex 67.87835429045636 4.245150584360892 2
      vertex 67.87835429045636 4.245150584360892 17
      vertex 68.02499999999999 4.317468245269453 2
    endloop
  endfacet
  facet normal -0.5555702330195904 0.8314696123025531 0
    outer loop
      vertex 68.02499999999999 4.317468245269453 2
      vertex 68.02499999999999 4.317468245269453 17
      vertex 68.1609517862609 4.408308324635956 2
    endloop
  endfacet
  facet normal -0.6593458151001 0.75183980747895 0
    outer loop
      vertex 68.1609517862609 4.408308324635956 2
      vertex 68.1609517862609 4.408308324635956 17
      vertex 68.28388347648317 4.516116523516816 2
    endloop
  endfacet
  facet normal 0.19509032201613563 -0.9807852804032291 7.117053291565461e-21
    outer loop
      vertex 67.07647619362184 6.6074072828613355 2
      vertex 67.23684225972492 6.639306076717263 2
      vertex 67.23684225972492 6.639306076717263 17
    endloop
  endfacet
  facet normal 0.0654031292301431 -0.9978589232386035 3.83111559634984e-20
    outer loop
      vertex 67.23684225972492 6.639306076717263 2
      vertex 67.39999999999999 6.65 2
      vertex 67.39999999999999 6.65 17
    endloop
  endfacet
  facet normal -0.0654031292301431 -0.9978589232386035 -3.83111559634984e-20
    outer loop
      vertex 67.39999999999999 6.65 2
      vertex 67.56315774027506 6.639306076717263 2
      vertex 67.56315774027506 6.639306076717263 17
    endloop
  endfacet
  facet normal -0.19509032201613563 -0.9807852804032291 -7.117053291565461e-21
    outer loop
      vertex 67.56315774027506 6.639306076717263 2
      vertex 67.72352380637814 6.6074072828613355 2
      vertex 67.72352380637814 6.6074072828613355 17
    endloop
  endfacet
  facet normal -0.5555702330195904 -0.8314696123025531 3.177617765775148e-19
    outer loop
      vertex 68.02499999999999 6.482531754730548 2
      vertex 68.1609517862609 6.3916916753640445 2
      vertex 68.1609517862609 6.3916916753640445 17
    endloop
  endfacet
  facet normal -0.6593458151001 -0.75183980747895 3.277340416009858e-19
    outer loop
      vertex 68.1609517862609 6.3916916753640445 2
      vertex 68.28388347648317 6.283883476483185 2
      vertex 68.28388347648317 6.283883476483185 17
    endloop
  endfacet
  facet normal -0.32143946530314765 -0.9469301294951102 1.2416704684139295e-20
    outer loop
      vertex 67.72352380637814 6.6074072828613355 2
      vertex 67.87835429045636 6.554849415639109 2
      vertex 67.87835429045636 6.554849415639109 17
    endloop
  endfacet
  facet normal -0.44228869021901346 -0.8968727415326824 0
    outer loop
      vertex 68.02499999999999 6.482531754730548 2
      vertex 68.02499999999999 6.482531754730548 17
      vertex 67.87835429045636 6.554849415639109 2
    endloop
  endfacet
  facet normal -0.7518398074789757 0.6593458151000708 0
    outer loop
      vertex 68.28388347648317 4.516116523516816 2
      vertex 68.28388347648317 4.516116523516816 17
      vertex 68.39169167536403 4.6390482137391 2
    endloop
  endfacet
  facet normal -0.8314696123025137 0.5555702330196493 0
    outer loop
      vertex 68.39169167536403 4.6390482137391 2
      vertex 68.39169167536403 4.6390482137391 17
      vertex 68.48253175473054 4.775 2
    endloop
  endfacet
  facet normal -0.896872741532706 0.4422886902189655 0
    outer loop
      vertex 68.48253175473054 4.775 2
      vertex 68.48253175473054 4.775 17
      vertex 68.5548494156391 4.921645709543638 2
    endloop
  endfacet
  facet normal -0.9469301294950931 0.3214394653031982 0
    outer loop
      vertex 68.5548494156391 4.921645709543638 2
      vertex 68.5548494156391 4.921645709543638 17
      vertex 68.60740728286133 5.07647619362185 2
    endloop
  endfacet
  facet normal -0.9807852804032273 0.195090322016144 0
    outer loop
      vertex 68.60740728286133 5.07647619362185 2
      vertex 68.60740728286133 5.07647619362185 17
      vertex 68.63930607671726 5.236842259724936 2
    endloop
  endfacet
  facet normal -0.9978589232386061 0.06540312923010125 0
    outer loop
      vertex 68.63930607671726 5.236842259724936 2
      vertex 68.63930607671726 5.236842259724936 17
      vertex 68.64999999999999 5.4 2
    endloop
  endfacet
  facet normal -0.9978589232386061 -0.06540312923010125 0
    outer loop
      vertex 68.64999999999999 5.4 2
      vertex 68.64999999999999 5.4 17
      vertex 68.63930607671726 5.563157740275065 2
    endloop
  endfacet
  facet normal -0.896872741532706 -0.4422886902189655 0
    outer loop
      vertex 68.5548494156391 5.878354290456363 2
      vertex 68.5548494156391 5.878354290456363 17
      vertex 68.48253175473054 6.025 2
    endloop
  endfacet
  facet normal -0.7518398074789757 -0.6593458151000708 1.052195825090436e-19
    outer loop
      vertex 68.28388347648317 6.283883476483185 2
      vertex 68.39169167536403 6.160951786260901 2
      vertex 68.39169167536403 6.160951786260901 17
    endloop
  endfacet
  facet normal -0.8314696123025137 -0.5555702330196493 -2.8669716941106874e-19
    outer loop
      vertex 68.39169167536403 6.160951786260901 2
      vertex 68.48253175473054 6.025 2
      vertex 68.48253175473054 6.025 17
    endloop
  endfacet
  facet normal -0.9807852804032273 -0.195090322016144 0
    outer loop
      vertex 68.63930607671726 5.563157740275065 2
      vertex 68.63930607671726 5.563157740275065 17
      vertex 68.60740728286133 5.723523806378151 2
    endloop
  endfacet
  facet normal -0.9469301294950931 -0.3214394653031982 0
    outer loop
      vertex 68.60740728286133 5.723523806378151 2
      vertex 68.60740728286133 5.723523806378151 17
      vertex 68.5548494156391 5.878354290456363 2
    endloop
  endfacet
  facet normal 0.7518398074789757 0.6593458151000708 0
    outer loop
      vertex 66.51611652351681 4.516116523516816 2
      vertex 66.40830832463595 4.6390482137391 17
      vertex 66.51611652351681 4.516116523516816 17
    endloop
  endfacet
  facet normal 0.9469301294950931 0.3214394653031982 0
    outer loop
      vertex 66.24515058436089 4.921645709543638 2
      vertex 66.19259271713865 5.07647619362185 17
      vertex 66.24515058436089 4.921645709543638 17
    endloop
  endfacet
  facet normal 0.9807852804032273 0.195090322016144 0
    outer loop
      vertex 66.19259271713865 5.07647619362185 2
      vertex 66.16069392328272 5.236842259724936 17
      vertex 66.19259271713865 5.07647619362185 17
    endloop
  endfacet
  facet normal 0.9978589232386061 0.06540312923010125 0
    outer loop
      vertex 66.16069392328272 5.236842259724936 2
      vertex 66.14999999999999 5.4 17
      vertex 66.16069392328272 5.236842259724936 17
    endloop
  endfacet
  facet normal 0.9978589232386061 -0.06540312923010125 0
    outer loop
      vertex 66.14999999999999 5.4 2
      vertex 66.16069392328272 5.563157740275065 17
      vertex 66.14999999999999 5.4 17
    endloop
  endfacet
  facet normal 0.896872741532706 0.4422886902189655 0
    outer loop
      vertex 66.31746824526944 4.775 2
      vertex 66.24515058436089 4.921645709543638 17
      vertex 66.31746824526944 4.775 17
    endloop
  endfacet
  facet normal 0.8314696123025137 0.5555702330196493 0
    outer loop
      vertex 66.40830832463595 4.6390482137391 2
      vertex 66.31746824526944 4.775 17
      vertex 66.40830832463595 4.6390482137391 17
    endloop
  endfacet
  facet normal 0.6593458151001 0.75183980747895 0
    outer loop
      vertex 66.63904821373909 4.408308324635956 2
      vertex 66.51611652351681 4.516116523516816 17
      vertex 66.63904821373909 4.408308324635956 17
    endloop
  endfacet
  facet normal 0.5555702330195904 0.8314696123025531 0
    outer loop
      vertex 66.77499999999999 4.317468245269453 2
      vertex 66.63904821373909 4.408308324635956 17
      vertex 66.77499999999999 4.317468245269453 17
    endloop
  endfacet
  facet normal 0.44228869021901346 0.8968727415326824 0
    outer loop
      vertex 66.92164570954363 4.245150584360892 2
      vertex 66.77499999999999 4.317468245269453 17
      vertex 66.92164570954363 4.245150584360892 17
    endloop
  endfacet
  facet normal 0.32143946530314765 0.9469301294951102 0
    outer loop
      vertex 67.07647619362184 4.192592717138665 2
      vertex 66.92164570954363 4.245150584360892 17
      vertex 67.07647619362184 4.192592717138665 17
    endloop
  endfacet
  facet normal 0.9807852804032273 -0.195090322016144 0
    outer loop
      vertex 66.16069392328272 5.563157740275065 2
      vertex 66.19259271713865 5.723523806378151 17
      vertex 66.16069392328272 5.563157740275065 17
    endloop
  endfacet
  facet normal 0.9469301294950931 -0.3214394653031982 0
    outer loop
      vertex 66.19259271713865 5.723523806378151 2
      vertex 66.24515058436089 5.878354290456363 17
      vertex 66.19259271713865 5.723523806378151 17
    endloop
  endfacet
  facet normal 0.896872741532706 -0.4422886902189655 0
    outer loop
      vertex 66.24515058436089 5.878354290456363 2
      vertex 66.31746824526944 6.025 17
      vertex 66.24515058436089 5.878354290456363 17
    endloop
  endfacet
  facet normal 0.8314696123025137 -0.5555702330196493 0
    outer loop
      vertex 66.31746824526944 6.025 2
      vertex 66.40830832463595 6.160951786260901 17
      vertex 66.31746824526944 6.025 17
    endloop
  endfacet
  facet normal 0.7518398074789757 -0.6593458151000708 0
    outer loop
      vertex 66.40830832463595 6.160951786260901 2
      vertex 66.51611652351681 6.283883476483185 17
      vertex 66.40830832463595 6.160951786260901 17
    endloop
  endfacet
  facet normal 0.6593458151001 -0.75183980747895 0
    outer loop
      vertex 66.51611652351681 6.283883476483185 2
      vertex 66.63904821373909 6.3916916753640445 17
      vertex 66.51611652351681 6.283883476483185 17
    endloop
  endfacet
  facet normal 0.5555702330195904 -0.8314696123025531 0
    outer loop
      vertex 66.63904821373909 6.3916916753640445 2
      vertex 66.77499999999999 6.482531754730548 17
      vertex 66.63904821373909 6.3916916753640445 17
    endloop
  endfacet
  facet normal 0.44228869021901346 -0.8968727415326824 0
    outer loop
      vertex 66.77499999999999 6.482531754730548 2
      vertex 66.92164570954363 6.554849415639109 17
      vertex 66.77499999999999 6.482531754730548 17
    endloop
  endfacet
  facet normal 0.32143946530314765 -0.9469301294951102 0
    outer loop
      vertex 66.92164570954363 6.554849415639109 2
      vertex 67.07647619362184 6.6074072828613355 17
      vertex 66.92164570954363 6.554849415639109 17
    endloop
  endfacet
  facet normal 0.19509032201613563 0.9807852804032291 0
    outer loop
      vertex 67.23684225972492 4.160693923282738 2
      vertex 67.07647619362184 4.192592717138665 17
      vertex 67.23684225972492 4.160693923282738 17
    endloop
  endfacet
  facet normal 0.0654031292301431 0.9978589232386035 0
    outer loop
      vertex 67.39999999999999 4.15 2
      vertex 67.23684225972492 4.160693923282738 17
      vertex 67.39999999999999 4.15 17
    endloop
  endfacet
  facet normal -0.0654031292301431 0.9978589232386035 0
    outer loop
      vertex 67.56315774027506 4.160693923282738 2
      vertex 67.39999999999999 4.15 17
      vertex 67.56315774027506 4.160693923282738 17
    endloop
  endfacet
  facet normal -0.19509032201613563 0.9807852804032291 0
    outer loop
      vertex 67.72352380637814 4.192592717138665 2
      vertex 67.56315774027506 4.160693923282738 17
      vertex 67.72352380637814 4.192592717138665 17
    endloop
  endfacet
  facet normal -0.32143946530314765 0.9469301294951102 0
    outer loop
      vertex 67.87835429045636 4.245150584360892 2
      vertex 67.72352380637814 4.192592717138665 17
      vertex 67.87835429045636 4.245150584360892 17
    endloop
  endfacet
  facet normal -0.44228869021901346 0.8968727415326824 0
    outer loop
      vertex 68.02499999999999 4.317468245269453 2
      vertex 67.87835429045636 4.245150584360892 17
      vertex 68.02499999999999 4.317468245269453 17
    endloop
  endfacet
  facet normal -0.5555702330195904 0.8314696123025531 0
    outer loop
      vertex 68.1609517862609 4.408308324635956 2
      vertex 68.02499999999999 4.317468245269453 17
      vertex 68.1609517862609 4.408308324635956 17
    endloop
  endfacet
  facet normal -0.6593458151001 0.75183980747895 0
    outer loop
      vertex 68.28388347648317 4.516116523516816 2
      vertex 68.1609517862609 4.408308324635956 17
      vertex 68.28388347648317 4.516116523516816 17
    endloop
  endfacet
  facet normal 0.19509032201613563 -0.9807852804032291 0
    outer loop
      vertex 67.07647619362184 6.6074072828613355 2
      vertex 67.23684225972492 6.639306076717263 17
      vertex 67.07647619362184 6.6074072828613355 17
    endloop
  endfacet
  facet normal 0.0654031292301431 -0.9978589232386035 0
    outer loop
      vertex 67.23684225972492 6.639306076717263 2
      vertex 67.39999999999999 6.65 17
      vertex 67.23684225972492 6.639306076717263 17
    endloop
  endfacet
  facet normal -0.0654031292301431 -0.9978589232386035 0
    outer loop
      vertex 67.39999999999999 6.65 2
      vertex 67.56315774027506 6.639306076717263 17
      vertex 67.39999999999999 6.65 17
    endloop
  endfacet
  facet normal -0.19509032201613563 -0.9807852804032291 0
    outer loop
      vertex 67.56315774027506 6.639306076717263 2
      vertex 67.72352380637814 6.6074072828613355 17
      vertex 67.56315774027506 6.639306076717263 17
    endloop
  endfacet
  facet normal -0.6593458151001 -0.75183980747895 0
    outer loop
      vertex 68.1609517862609 6.3916916753640445 2
      vertex 68.28388347648317 6.283883476483185 17
      vertex 68.1609517862609 6.3916916753640445 17
    endloop
  endfacet
  facet normal -0.32143946530314765 -0.9469301294951102 0
    outer loop
      vertex 67.72352380637814 6.6074072828613355 2
      vertex 67.87835429045636 6.554849415639109 17
      vertex 67.72352380637814 6.6074072828613355 17
    endloop
  endfacet
  facet normal -0.44228869021901346 -0.8968727415326824 0
    outer loop
      vertex 67.87835429045636 6.554849415639109 2
      vertex 68.02499999999999 6.482531754730548 17
      vertex 67.87835429045636 6.554849415639109 17
    endloop
  endfacet
  facet normal -0.5555702330195904 -0.8314696123025531 0
    outer loop
      vertex 68.02499999999999 6.482531754730548 2
      vertex 68.1609517862609 6.3916916753640445 17
      vertex 68.02499999999999 6.482531754730548 17
    endloop
  endfacet
  facet normal -0.7518398074789757 0.6593458151000708 0
    outer loop
      vertex 68.39169167536403 4.6390482137391 2
      vertex 68.28388347648317 4.516116523516816 17
      vertex 68.39169167536403 4.6390482137391 17
    endloop
  endfacet
  facet normal -0.8314696123025137 0.5555702330196493 0
    outer loop
      vertex 68.48253175473054 4.775 2
      vertex 68.39169167536403 4.6390482137391 17
      vertex 68.48253175473054 4.775 17
    endloop
  endfacet
  facet normal -0.896872741532706 0.4422886902189655 0
    outer loop
      vertex 68.5548494156391 4.921645709543638 2
      vertex 68.48253175473054 4.775 17
      vertex 68.5548494156391 4.921645709543638 17
    endloop
  endfacet
  facet normal -0.9469301294950931 0.3214394653031982 0
    outer loop
      vertex 68.60740728286133 5.07647619362185 2
      vertex 68.5548494156391 4.921645709543638 17
      vertex 68.60740728286133 5.07647619362185 17
    endloop
  endfacet
  facet normal -0.9807852804032273 0.195090322016144 0
    outer loop
      vertex 68.63930607671726 5.236842259724936 2
      vertex 68.60740728286133 5.07647619362185 17
      vertex 68.63930607671726 5.236842259724936 17
    endloop
  endfacet
  facet normal -0.9978589232386061 0.06540312923010125 0
    outer loop
      vertex 68.64999999999999 5.4 2
      vertex 68.63930607671726 5.236842259724936 17
      vertex 68.64999999999999 5.4 17
    endloop
  endfacet
  facet normal -0.9978589232386061 -0.06540312923010125 0
    outer loop
      vertex 68.63930607671726 5.563157740275065 2
      vertex 68.64999999999999 5.4 17
      vertex 68.63930607671726 5.563157740275065 17
    endloop
  endfacet
  facet normal -0.896872741532706 -0.4422886902189655 0
    outer loop
      vertex 68.48253175473054 6.025 2
      vertex 68.5548494156391 5.878354290456363 17
      vertex 68.48253175473054 6.025 17
    endloop
  endfacet
  facet normal -0.7518398074789757 -0.6593458151000708 0
    outer loop
      vertex 68.28388347648317 6.283883476483185 2
      vertex 68.39169167536403 6.160951786260901 17
      vertex 68.28388347648317 6.283883476483185 17
    endloop
  endfacet
  facet normal -0.8314696123025137 -0.5555702330196493 0
    outer loop
      vertex 68.39169167536403 6.160951786260901 2
      vertex 68.48253175473054 6.025 17
      vertex 68.39169167536403 6.160951786260901 17
    endloop
  endfacet
  facet normal -0.9807852804032273 -0.195090322016144 0
    outer loop
      vertex 68.60740728286133 5.723523806378151 2
      vertex 68.63930607671726 5.563157740275065 17
      vertex 68.60740728286133 5.723523806378151 17
    endloop
  endfacet
  facet normal -0.9469301294950931 -0.3214394653031982 0
    outer loop
      vertex 68.5548494156391 5.878354290456363 2
      vertex 68.60740728286133 5.723523806378151 17
      vertex 68.5548494156391 5.878354290456363 17
    endloop
  endfacet
  facet normal 0 0 1
    outer loop
      vertex 66.51611652351681 32.516116523516814 2
      vertex 66.63904821373909 32.408308324635954 2
      vertex 66.63904821373909 34.391691675364044 2
    endloop
  endfacet
  facet normal 0 0 1
    outer loop
      vertex 66.63904821373909 32.408308324635954 2
      vertex 66.77499999999999 32.31746824526945 2
      vertex 66.77499999999999 34.482531754730545 2
    endloop
  endfacet
  facet normal 0 0 1
    outer loop
      vertex 66.77499999999999 32.31746824526945 2
      vertex 66.92164570954363 32.24515058436089 2
      vertex 66.92164570954363 34.554849415639104 2
    endloop
  endfacet
  facet normal 0 0 1
    outer loop
      vertex 66.92164570954363 32.24515058436089 2
      vertex 67.07647619362184 32.192592717138666 2
      vertex 67.07647619362184 34.60740728286133 2
    endloop
  endfacet
  facet normal 0 0 1
    outer loop
      vertex 67.07647619362184 32.192592717138666 2
      vertex 67.23684225972492 32.160693923282736 2
      vertex 67.23684225972492 34.63930607671726 2
    endloop
  endfacet
  facet normal 0 0 1
    outer loop
      vertex 67.23684225972492 32.160693923282736 2
      vertex 67.39999999999999 32.15 2
      vertex 67.39999999999999 34.65 2
    endloop
  endfacet
  facet normal 0 0 1
    outer loop
      vertex 67.39999999999999 32.15 2
      vertex 67.56315774027506 32.160693923282736 2
      vertex 67.56315774027506 34.63930607671726 2
    endloop
  endfacet
  facet normal 0 0 1
    outer loop
      vertex 67.56315774027506 32.160693923282736 2
      vertex 67.72352380637814 32.192592717138666 2
      vertex 67.72352380637814 34.60740728286133 2
    endloop
  endfacet
  facet normal 0 0 1
    outer loop
      vertex 67.72352380637814 32.192592717138666 2
      vertex 67.87835429045636 32.24515058436089 2
      vertex 67.87835429045636 34.554849415639104 2
    endloop
  endfacet
  facet normal 0 0 1
    outer loop
      vertex 67.87835429045636 32.24515058436089 2
      vertex 68.02499999999999 32.31746824526945 2
      vertex 68.02499999999999 34.482531754730545 2
    endloop
  endfacet
  facet normal 0 0 1
    outer loop
      vertex 68.02499999999999 32.31746824526945 2
      vertex 68.1609517862609 32.408308324635954 2
      vertex 68.1609517862609 34.391691675364044 2
    endloop
  endfacet
  facet normal 0 0 1
    outer loop
      vertex 68.1609517862609 32.408308324635954 2
      vertex 68.28388347648317 32.516116523516814 2
      vertex 68.28388347648317 34.28388347648318 2
    endloop
  endfacet
  facet normal 0 0 1
    outer loop
      vertex 66.19259271713865 33.07647619362185 2
      vertex 66.19259271713865 33.72352380637815 2
      vertex 66.16069392328272 33.23684225972493 2
    endloop
  endfacet
  facet normal 0 0 1
    outer loop
      vertex 66.19259271713865 33.07647619362185 2
      vertex 66.24515058436089 32.92164570954364 2
      vertex 66.24515058436089 33.87835429045636 2
    endloop
  endfacet
  facet normal 0 0 1
    outer loop
      vertex 66.16069392328272 33.23684225972493 2
      vertex 66.16069392328272 33.56315774027507 2
      vertex 66.14999999999999 33.4 2
    endloop
  endfacet
  facet normal 0 0 1
    outer loop
      vertex 66.16069392328272 33.23684225972493 2
      vertex 66.19259271713865 33.72352380637815 2
      vertex 66.16069392328272 33.56315774027507 2
    endloop
  endfacet
  facet normal 0 0 1
    outer loop
      vertex 66.19259271713865 33.07647619362185 2
      vertex 66.24515058436089 33.87835429045636 2
      vertex 66.19259271713865 33.72352380637815 2
    endloop
  endfacet
  facet normal 0 0 1
    outer loop
      vertex 66.24515058436089 32.92164570954364 2
      vertex 66.31746824526944 32.775 2
      vertex 66.31746824526944 34.025 2
    endloop
  endfacet
  facet normal 0 0 1
    outer loop
      vertex 66.40830832463595 32.639048213739095 2
      vertex 66.40830832463595 34.1609517862609 2
      vertex 66.31746824526944 32.775 2
    endloop
  endfacet
  facet normal 0 0 1
    outer loop
      vertex 66.40830832463595 32.639048213739095 2
      vertex 66.51611652351681 32.516116523516814 2
      vertex 66.51611652351681 34.28388347648318 2
    endloop
  endfacet
  facet normal 0 0 1
    outer loop
      vertex 66.24515058436089 32.92164570954364 2
      vertex 66.31746824526944 34.025 2
      vertex 66.24515058436089 33.87835429045636 2
    endloop
  endfacet
  facet normal 0 0 1
    outer loop
      vertex 66.31746824526944 32.775 2
      vertex 66.40830832463595 34.1609517862609 2
      vertex 66.31746824526944 34.025 2
    endloop
  endfacet
  facet normal 0 0 1
    outer loop
      vertex 66.40830832463595 32.639048213739095 2
      vertex 66.51611652351681 34.28388347648318 2
      vertex 66.40830832463595 34.1609517862609 2
    endloop
  endfacet
  facet normal 0 0 1
    outer loop
      vertex 66.51611652351681 32.516116523516814 2
      vertex 66.63904821373909 34.391691675364044 2
      vertex 66.51611652351681 34.28388347648318 2
    endloop
  endfacet
  facet normal 0 0 1
    outer loop
      vertex 66.63904821373909 32.408308324635954 2
      vertex 66.77499999999999 34.482531754730545 2
      vertex 66.63904821373909 34.391691675364044 2
    endloop
  endfacet
  facet normal 0 0 1
    outer loop
      vertex 66.77499999999999 32.31746824526945 2
      vertex 66.92164570954363 34.554849415639104 2
      vertex 66.77499999999999 34.482531754730545 2
    endloop
  endfacet
  facet normal 0 0 1
    outer loop
      vertex 66.92164570954363 32.24515058436089 2
      vertex 67.07647619362184 34.60740728286133 2
      vertex 66.92164570954363 34.554849415639104 2
    endloop
  endfacet
  facet normal 0 0 1
    outer loop
      vertex 67.07647619362184 32.192592717138666 2
      vertex 67.23684225972492 34.63930607671726 2
      vertex 67.07647619362184 34.60740728286133 2
    endloop
  endfacet
  facet normal 0 0 1
    outer loop
      vertex 67.23684225972492 32.160693923282736 2
      vertex 67.39999999999999 34.65 2
      vertex 67.23684225972492 34.63930607671726 2
    endloop
  endfacet
  facet normal 0 0 1
    outer loop
      vertex 67.39999999999999 32.15 2
      vertex 67.56315774027506 34.63930607671726 2
      vertex 67.39999999999999 34.65 2
    endloop
  endfacet
  facet normal 0 0 1
    outer loop
      vertex 67.56315774027506 32.160693923282736 2
      vertex 67.72352380637814 34.60740728286133 2
      vertex 67.56315774027506 34.63930607671726 2
    endloop
  endfacet
  facet normal 0 0 1
    outer loop
      vertex 67.72352380637814 32.192592717138666 2
      vertex 67.87835429045636 34.554849415639104 2
      vertex 67.72352380637814 34.60740728286133 2
    endloop
  endfacet
  facet normal 0 0 1
    outer loop
      vertex 67.87835429045636 32.24515058436089 2
      vertex 68.02499999999999 34.482531754730545 2
      vertex 67.87835429045636 34.554849415639104 2
    endloop
  endfacet
  facet normal 0 0 1
    outer loop
      vertex 68.02499999999999 32.31746824526945 2
      vertex 68.1609517862609 34.391691675364044 2
      vertex 68.02499999999999 34.482531754730545 2
    endloop
  endfacet
  facet normal 0 0 1
    outer loop
      vertex 68.1609517862609 32.408308324635954 2
      vertex 68.28388347648317 34.28388347648318 2
      vertex 68.1609517862609 34.391691675364044 2
    endloop
  endfacet
  facet normal 0 0 1
    outer loop
      vertex 68.28388347648317 32.516116523516814 2
      vertex 68.39169167536403 32.639048213739095 2
      vertex 68.39169167536403 34.1609517862609 2
    endloop
  endfacet
  facet normal 0 0 1
    outer loop
      vertex 68.39169167536403 32.639048213739095 2
      vertex 68.48253175473054 32.775 2
      vertex 68.48253175473054 34.025 2
    endloop
  endfacet
  facet normal 0 0 1
    outer loop
      vertex 68.48253175473054 32.775 2
      vertex 68.5548494156391 32.92164570954364 2
      vertex 68.5548494156391 33.87835429045636 2
    endloop
  endfacet
  facet normal 0 0 1
    outer loop
      vertex 68.48253175473054 32.775 2
      vertex 68.5548494156391 33.87835429045636 2
      vertex 68.48253175473054 34.025 2
    endloop
  endfacet
  facet normal 0 0 1
    outer loop
      vertex 68.28388347648317 32.516116523516814 2
      vertex 68.39169167536403 34.1609517862609 2
      vertex 68.28388347648317 34.28388347648318 2
    endloop
  endfacet
  facet normal 0 0 1
    outer loop
      vertex 68.39169167536403 32.639048213739095 2
      vertex 68.48253175473054 34.025 2
      vertex 68.39169167536403 34.1609517862609 2
    endloop
  endfacet
  facet normal 0 0 1
    outer loop
      vertex 68.5548494156391 32.92164570954364 2
      vertex 68.60740728286133 33.07647619362185 2
      vertex 68.60740728286133 33.72352380637815 2
    endloop
  endfacet
  facet normal 0 0 1
    outer loop
      vertex 68.60740728286133 33.07647619362185 2
      vertex 68.63930607671726 33.23684225972493 2
      vertex 68.63930607671726 33.56315774027507 2
    endloop
  endfacet
  facet normal 0 0 1
    outer loop
      vertex 68.5548494156391 32.92164570954364 2
      vertex 68.60740728286133 33.72352380637815 2
      vertex 68.5548494156391 33.87835429045636 2
    endloop
  endfacet
  facet normal 0 0 1
    outer loop
      vertex 68.63930607671726 33.23684225972493 2
      vertex 68.64999999999999 33.4 2
      vertex 68.63930607671726 33.56315774027507 2
    endloop
  endfacet
  facet normal 0 0 1
    outer loop
      vertex 68.60740728286133 33.07647619362185 2
      vertex 68.63930607671726 33.56315774027507 2
      vertex 68.60740728286133 33.72352380637815 2
    endloop
  endfacet
  facet normal 0.9469301294950927 0.3214394653031999 0
    outer loop
      vertex 66.19259271713865 33.07647619362185 2
      vertex 66.19259271713865 33.07647619362185 17
      vertex 66.24515058436089 32.92164570954364 2
    endloop
  endfacet
  facet normal 0.7518398074789662 0.6593458151000816 0
    outer loop
      vertex 66.40830832463595 32.639048213739095 2
      vertex 66.40830832463595 32.639048213739095 17
      vertex 66.51611652351681 32.516116523516814 2
    endloop
  endfacet
  facet normal 0.8968727415327102 0.44228869021895684 0
    outer loop
      vertex 66.24515058436089 32.92164570954364 2
      vertex 66.24515058436089 32.92164570954364 17
      vertex 66.31746824526944 32.775 2
    endloop
  endfacet
  facet normal 0.8314696123025206 0.5555702330196394 -3.153302609800613e-19
    outer loop
      vertex 66.40830832463595 32.639048213739095 2
      vertex 66.31746824526944 32.775 2
      vertex 66.31746824526944 32.775 17
    endloop
  endfacet
  facet normal 0.5555702330195792 0.8314696123025607 0
    outer loop
      vertex 66.63904821373909 32.408308324635954 2
      vertex 66.63904821373909 32.408308324635954 17
      vertex 66.77499999999999 32.31746824526945 2
    endloop
  endfacet
  facet normal 0.6593458151001033 0.7518398074789474 0
    outer loop
      vertex 66.51611652351681 32.516116523516814 2
      vertex 66.51611652351681 32.516116523516814 17
      vertex 66.63904821373909 32.408308324635954 2
    endloop
  endfacet
  facet normal 0.44228869021900913 0.8968727415326846 0
    outer loop
      vertex 66.77499999999999 32.31746824526945 2
      vertex 66.77499999999999 32.31746824526945 17
      vertex 66.92164570954363 32.24515058436089 2
    endloop
  endfacet
  facet normal 0.32143946530314765 0.9469301294951102 0
    outer loop
      vertex 66.92164570954363 32.24515058436089 2
      vertex 66.92164570954363 32.24515058436089 17
      vertex 67.07647619362184 32.192592717138666 2
    endloop
  endfacet
  facet normal 0.19509032201615129 0.9807852804032259 0
    outer loop
      vertex 67.07647619362184 32.192592717138666 2
      vertex 67.07647619362184 32.192592717138666 17
      vertex 67.23684225972492 32.160693923282736 2
    endloop
  endfacet
  facet normal 0.0654031292301431 0.9978589232386035 0
    outer loop
      vertex 67.23684225972492 32.160693923282736 2
      vertex 67.23684225972492 32.160693923282736 17
      vertex 67.39999999999999 32.15 2
    endloop
  endfacet
  facet normal -0.0654031292301431 0.9978589232386035 0
    outer loop
      vertex 67.39999999999999 32.15 2
      vertex 67.39999999999999 32.15 17
      vertex 67.56315774027506 32.160693923282736 2
    endloop
  endfacet
  facet normal -0.19509032201615129 0.9807852804032259 0
    outer loop
      vertex 67.56315774027506 32.160693923282736 2
      vertex 67.56315774027506 32.160693923282736 17
      vertex 67.72352380637814 32.192592717138666 2
    endloop
  endfacet
  facet normal -0.32143946530314765 0.9469301294951102 0
    outer loop
      vertex 67.72352380637814 32.192592717138666 2
      vertex 67.72352380637814 32.192592717138666 17
      vertex 67.87835429045636 32.24515058436089 2
    endloop
  endfacet
  facet normal -0.44228869021900913 0.8968727415326846 0
    outer loop
      vertex 67.87835429045636 32.24515058436089 2
      vertex 67.87835429045636 32.24515058436089 17
      vertex 68.02499999999999 32.31746824526945 2
    endloop
  endfacet
  facet normal -0.5555702330195792 0.8314696123025607 0
    outer loop
      vertex 68.02499999999999 32.31746824526945 2
      vertex 68.02499999999999 32.31746824526945 17
      vertex 68.1609517862609 32.408308324635954 2
    endloop
  endfacet
  facet normal -0.6593458151001033 0.7518398074789474 0
    outer loop
      vertex 68.1609517862609 32.408308324635954 2
      vertex 68.1609517862609 32.408308324635954 17
      vertex 68.28388347648317 32.516116523516814 2
    endloop
  endfacet
  facet normal 0.9807852804032259 0.19509032201615129 1.1858512111847545e-19
    outer loop
      vertex 66.19259271713865 33.07647619362185 2
      vertex 66.16069392328272 33.23684225972493 2
      vertex 66.16069392328272 33.23684225972493 17
    endloop
  endfacet
  facet normal 0.9978589232386064 0.06540312923009985 -7.116508561327712e-21
    outer loop
      vertex 66.16069392328272 33.23684225972493 2
      vertex 66.14999999999999 33.4 2
      vertex 66.14999999999999 33.4 17
    endloop
  endfacet
  facet normal 0.9978589232386064 -0.06540312923009985 7.116508561327712e-21
    outer loop
      vertex 66.14999999999999 33.4 2
      vertex 66.16069392328272 33.56315774027507 2
      vertex 66.16069392328272 33.56315774027507 17
    endloop
  endfacet
  facet normal 0.9807852804032259 -0.19509032201615129 -1.1858512111847545e-19
    outer loop
      vertex 66.16069392328272 33.56315774027507 2
      vertex 66.19259271713865 33.72352380637815 2
      vertex 66.19259271713865 33.72352380637815 17
    endloop
  endfacet
  facet normal 0.9469301294950927 -0.3214394653031999 -7.703611731964546e-20
    outer loop
      vertex 66.19259271713865 33.72352380637815 2
      vertex 66.24515058436089 33.87835429045636 2
      vertex 66.24515058436089 33.87835429045636 17
    endloop
  endfacet
  facet normal 0.8968727415327102 -0.44228869021895684 6.164076721899192e-20
    outer loop
      vertex 66.24515058436089 33.87835429045636 2
      vertex 66.31746824526944 34.025 2
      vertex 66.31746824526944 34.025 17
    endloop
  endfacet
  facet normal 0.8314696123025206 -0.5555702330196394 3.153302609800613e-19
    outer loop
      vertex 66.31746824526944 34.025 2
      vertex 66.40830832463595 34.1609517862609 2
      vertex 66.40830832463595 34.1609517862609 17
    endloop
  endfacet
  facet normal 0.7518398074789662 -0.6593458151000816 4.2469717889837525e-20
    outer loop
      vertex 66.40830832463595 34.1609517862609 2
      vertex 66.51611652351681 34.28388347648318 2
      vertex 66.51611652351681 34.28388347648318 17
    endloop
  endfacet
  facet normal 0.6593458151001033 -0.7518398074789474 3.378483186876143e-19
    outer loop
      vertex 66.51611652351681 34.28388347648318 2
      vertex 66.63904821373909 34.391691675364044 2
      vertex 66.63904821373909 34.391691675364044 17
    endloop
  endfacet
  facet normal 0.5555702330195792 -0.8314696123025607 -1.9182348058380356e-19
    outer loop
      vertex 66.63904821373909 34.391691675364044 2
      vertex 66.77499999999999 34.482531754730545 2
      vertex 66.77499999999999 34.482531754730545 17
    endloop
  endfacet
  facet normal 0.44228869021900913 -0.8968727415326846 -3.2900719326850983e-19
    outer loop
      vertex 66.77499999999999 34.482531754730545 2
      vertex 66.92164570954363 34.554849415639104 2
      vertex 66.92164570954363 34.554849415639104 17
    endloop
  endfacet
  facet normal 0.32143946530314765 -0.9469301294951102 -1.2416704684139295e-20
    outer loop
      vertex 66.92164570954363 34.554849415639104 2
      vertex 67.07647619362184 34.60740728286133 2
      vertex 67.07647619362184 34.60740728286133 17
    endloop
  endfacet
  facet normal 0.19509032201615129 -0.9807852804032259 -1.1858512111847545e-19
    outer loop
      vertex 67.07647619362184 34.60740728286133 2
      vertex 67.23684225972492 34.63930607671726 2
      vertex 67.23684225972492 34.63930607671726 17
    endloop
  endfacet
  facet normal 0.0654031292301431 -0.9978589232386035 3.83111559634984e-20
    outer loop
      vertex 67.23684225972492 34.63930607671726 2
      vertex 67.39999999999999 34.65 2
      vertex 67.39999999999999 34.65 17
    endloop
  endfacet
  facet normal -0.0654031292301431 -0.9978589232386035 -3.83111559634984e-20
    outer loop
      vertex 67.39999999999999 34.65 2
      vertex 67.56315774027506 34.63930607671726 2
      vertex 67.56315774027506 34.63930607671726 17
    endloop
  endfacet
  facet normal -0.19509032201615129 -0.9807852804032259 1.1858512111847545e-19
    outer loop
      vertex 67.56315774027506 34.63930607671726 2
      vertex 67.72352380637814 34.60740728286133 2
      vertex 67.72352380637814 34.60740728286133 17
    endloop
  endfacet
  facet normal -0.32143946530314765 -0.9469301294951102 0
    outer loop
      vertex 67.87835429045636 34.554849415639104 2
      vertex 67.87835429045636 34.554849415639104 17
      vertex 67.72352380637814 34.60740728286133 2
    endloop
  endfacet
  facet normal -0.44228869021900913 -0.8968727415326846 3.2900719326850983e-19
    outer loop
      vertex 67.87835429045636 34.554849415639104 2
      vertex 68.02499999999999 34.482531754730545 2
      vertex 68.02499999999999 34.482531754730545 17
    endloop
  endfacet
  facet normal -0.5555702330195792 -0.8314696123025607 1.9182348058380356e-19
    outer loop
      vertex 68.02499999999999 34.482531754730545 2
      vertex 68.1609517862609 34.391691675364044 2
      vertex 68.1609517862609 34.391691675364044 17
    endloop
  endfacet
  facet normal -0.6593458151001033 -0.7518398074789474 -3.378483186876143e-19
    outer loop
      vertex 68.1609517862609 34.391691675364044 2
      vertex 68.28388347648317 34.28388347648318 2
      vertex 68.28388347648317 34.28388347648318 17
    endloop
  endfacet
  facet normal -0.7518398074789662 0.6593458151000816 0
    outer loop
      vertex 68.28388347648317 32.516116523516814 2
      vertex 68.28388347648317 32.516116523516814 17
      vertex 68.39169167536403 32.639048213739095 2
    endloop
  endfacet
  facet normal -0.8314696123025206 0.5555702330196394 0
    outer loop
      vertex 68.39169167536403 32.639048213739095 2
      vertex 68.39169167536403 32.639048213739095 17
      vertex 68.48253175473054 32.775 2
    endloop
  endfacet
  facet normal -0.8968727415327102 0.44228869021895684 0
    outer loop
      vertex 68.48253175473054 32.775 2
      vertex 68.48253175473054 32.775 17
      vertex 68.5548494156391 32.92164570954364 2
    endloop
  endfacet
  facet normal -0.9469301294950927 0.3214394653031999 0
    outer loop
      vertex 68.5548494156391 32.92164570954364 2
      vertex 68.5548494156391 32.92164570954364 17
      vertex 68.60740728286133 33.07647619362185 2
    endloop
  endfacet
  facet normal -0.9807852804032259 0.19509032201615129 0
    outer loop
      vertex 68.60740728286133 33.07647619362185 2
      vertex 68.60740728286133 33.07647619362185 17
      vertex 68.63930607671726 33.23684225972493 2
    endloop
  endfacet
  facet normal -0.8968727415327102 -0.44228869021895684 -6.164076721899192e-20
    outer loop
      vertex 68.48253175473054 34.025 2
      vertex 68.5548494156391 33.87835429045636 2
      vertex 68.5548494156391 33.87835429045636 17
    endloop
  endfacet
  facet normal -0.9978589232386064 0.06540312923009985 0
    outer loop
      vertex 68.63930607671726 33.23684225972493 2
      vertex 68.63930607671726 33.23684225972493 17
      vertex 68.64999999999999 33.4 2
    endloop
  endfacet
  facet normal -0.9978589232386064 -0.06540312923009985 0
    outer loop
      vertex 68.64999999999999 33.4 2
      vertex 68.64999999999999 33.4 17
      vertex 68.63930607671726 33.56315774027507 2
    endloop
  endfacet
  facet normal -0.9469301294950927 -0.3214394653031999 0
    outer loop
      vertex 68.60740728286133 33.72352380637815 2
      vertex 68.60740728286133 33.72352380637815 17
      vertex 68.5548494156391 33.87835429045636 2
    endloop
  endfacet
  facet normal -0.9807852804032259 -0.19509032201615129 0
    outer loop
      vertex 68.63930607671726 33.56315774027507 2
      vertex 68.63930607671726 33.56315774027507 17
      vertex 68.60740728286133 33.72352380637815 2
    endloop
  endfacet
  facet normal -0.7518398074789662 -0.6593458151000816 -4.2469717889837525e-20
    outer loop
      vertex 68.28388347648317 34.28388347648318 2
      vertex 68.39169167536403 34.1609517862609 2
      vertex 68.39169167536403 34.1609517862609 17
    endloop
  endfacet
  facet normal -0.8314696123025206 -0.5555702330196394 0
    outer loop
      vertex 68.48253175473054 34.025 2
      vertex 68.48253175473054 34.025 17
      vertex 68.39169167536403 34.1609517862609 2
    endloop
  endfacet
  facet normal 0.9807852804032259 0.19509032201615129 0
    outer loop
      vertex 66.19259271713865 33.07647619362185 2
      vertex 66.16069392328272 33.23684225972493 17
      vertex 66.19259271713865 33.07647619362185 17
    endloop
  endfacet
  facet normal 0.9469301294950927 0.3214394653031999 0
    outer loop
      vertex 66.24515058436089 32.92164570954364 2
      vertex 66.19259271713865 33.07647619362185 17
      vertex 66.24515058436089 32.92164570954364 17
    endloop
  endfacet
  facet normal 0.7518398074789662 0.6593458151000816 0
    outer loop
      vertex 66.51611652351681 32.516116523516814 2
      vertex 66.40830832463595 32.639048213739095 17
      vertex 66.51611652351681 32.516116523516814 17
    endloop
  endfacet
  facet normal 0.8968727415327102 0.44228869021895684 0
    outer loop
      vertex 66.31746824526944 32.775 2
      vertex 66.24515058436089 32.92164570954364 17
      vertex 66.31746824526944 32.775 17
    endloop
  endfacet
  facet normal 0.8314696123025206 0.5555702330196394 0
    outer loop
      vertex 66.40830832463595 32.639048213739095 2
      vertex 66.31746824526944 32.775 17
      vertex 66.40830832463595 32.639048213739095 17
    endloop
  endfacet
  facet normal 0.32143946530314765 0.9469301294951102 0
    outer loop
      vertex 67.07647619362184 32.192592717138666 2
      vertex 66.92164570954363 32.24515058436089 17
      vertex 67.07647619362184 32.192592717138666 17
    endloop
  endfacet
  facet normal 0.6593458151001033 0.7518398074789474 0
    outer loop
      vertex 66.63904821373909 32.408308324635954 2
      vertex 66.51611652351681 32.516116523516814 17
      vertex 66.63904821373909 32.408308324635954 17
    endloop
  endfacet
  facet normal 0.5555702330195792 0.8314696123025607 0
    outer loop
      vertex 66.77499999999999 32.31746824526945 2
      vertex 66.63904821373909 32.408308324635954 17
      vertex 66.77499999999999 32.31746824526945 17
    endloop
  endfacet
  facet normal 0.44228869021900913 0.8968727415326846 0
    outer loop
      vertex 66.92164570954363 32.24515058436089 2
      vertex 66.77499999999999 32.31746824526945 17
      vertex 66.92164570954363 32.24515058436089 17
    endloop
  endfacet
  facet normal 0.19509032201615129 0.9807852804032259 0
    outer loop
      vertex 67.23684225972492 32.160693923282736 2
      vertex 67.07647619362184 32.192592717138666 17
      vertex 67.23684225972492 32.160693923282736 17
    endloop
  endfacet
  facet normal 0.0654031292301431 0.9978589232386035 0
    outer loop
      vertex 67.39999999999999 32.15 2
      vertex 67.23684225972492 32.160693923282736 17
      vertex 67.39999999999999 32.15 17
    endloop
  endfacet
  facet normal -0.0654031292301431 0.9978589232386035 0
    outer loop
      vertex 67.56315774027506 32.160693923282736 2
      vertex 67.39999999999999 32.15 17
      vertex 67.56315774027506 32.160693923282736 17
    endloop
  endfacet
  facet normal -0.19509032201615129 0.9807852804032259 0
    outer loop
      vertex 67.72352380637814 32.192592717138666 2
      vertex 67.56315774027506 32.160693923282736 17
      vertex 67.72352380637814 32.192592717138666 17
    endloop
  endfacet
  facet normal -0.32143946530314765 0.9469301294951102 0
    outer loop
      vertex 67.87835429045636 32.24515058436089 2
      vertex 67.72352380637814 32.192592717138666 17
      vertex 67.87835429045636 32.24515058436089 17
    endloop
  endfacet
  facet normal -0.44228869021900913 0.8968727415326846 0
    outer loop
      vertex 68.02499999999999 32.31746824526945 2
      vertex 67.87835429045636 32.24515058436089 17
      vertex 68.02499999999999 32.31746824526945 17
    endloop
  endfacet
  facet normal -0.5555702330195792 0.8314696123025607 0
    outer loop
      vertex 68.1609517862609 32.408308324635954 2
      vertex 68.02499999999999 32.31746824526945 17
      vertex 68.1609517862609 32.408308324635954 17
    endloop
  endfacet
  facet normal -0.6593458151001033 0.7518398074789474 0
    outer loop
      vertex 68.28388347648317 32.516116523516814 2
      vertex 68.1609517862609 32.408308324635954 17
      vertex 68.28388347648317 32.516116523516814 17
    endloop
  endfacet
  facet normal 0.9978589232386064 0.06540312923009985 0
    outer loop
      vertex 66.16069392328272 33.23684225972493 2
      vertex 66.14999999999999 33.4 17
      vertex 66.16069392328272 33.23684225972493 17
    endloop
  endfacet
  facet normal 0.9978589232386064 -0.06540312923009985 0
    outer loop
      vertex 66.14999999999999 33.4 2
      vertex 66.16069392328272 33.56315774027507 17
      vertex 66.14999999999999 33.4 17
    endloop
  endfacet
  facet normal 0.9807852804032259 -0.19509032201615129 0
    outer loop
      vertex 66.16069392328272 33.56315774027507 2
      vertex 66.19259271713865 33.72352380637815 17
      vertex 66.16069392328272 33.56315774027507 17
    endloop
  endfacet
  facet normal 0.9469301294950927 -0.3214394653031999 0
    outer loop
      vertex 66.19259271713865 33.72352380637815 2
      vertex 66.24515058436089 33.87835429045636 17
      vertex 66.19259271713865 33.72352380637815 17
    endloop
  endfacet
  facet normal 0.8968727415327102 -0.44228869021895684 0
    outer loop
      vertex 66.24515058436089 33.87835429045636 2
      vertex 66.31746824526944 34.025 17
      vertex 66.24515058436089 33.87835429045636 17
    endloop
  endfacet
  facet normal 0.8314696123025206 -0.5555702330196394 0
    outer loop
      vertex 66.31746824526944 34.025 2
      vertex 66.40830832463595 34.1609517862609 17
      vertex 66.31746824526944 34.025 17
    endloop
  endfacet
  facet normal 0.7518398074789662 -0.6593458151000816 0
    outer loop
      vertex 66.40830832463595 34.1609517862609 2
      vertex 66.51611652351681 34.28388347648318 17
      vertex 66.40830832463595 34.1609517862609 17
    endloop
  endfacet
  facet normal 0.6593458151001033 -0.7518398074789474 0
    outer loop
      vertex 66.51611652351681 34.28388347648318 2
      vertex 66.63904821373909 34.391691675364044 17
      vertex 66.51611652351681 34.28388347648318 17
    endloop
  endfacet
  facet normal 0.5555702330195792 -0.8314696123025607 0
    outer loop
      vertex 66.63904821373909 34.391691675364044 2
      vertex 66.77499999999999 34.482531754730545 17
      vertex 66.63904821373909 34.391691675364044 17
    endloop
  endfacet
  facet normal 0.44228869021900913 -0.8968727415326846 0
    outer loop
      vertex 66.77499999999999 34.482531754730545 2
      vertex 66.92164570954363 34.554849415639104 17
      vertex 66.77499999999999 34.482531754730545 17
    endloop
  endfacet
  facet normal 0.32143946530314765 -0.9469301294951102 0
    outer loop
      vertex 66.92164570954363 34.554849415639104 2
      vertex 67.07647619362184 34.60740728286133 17
      vertex 66.92164570954363 34.554849415639104 17
    endloop
  endfacet
  facet normal 0.19509032201615129 -0.9807852804032259 0
    outer loop
      vertex 67.07647619362184 34.60740728286133 2
      vertex 67.23684225972492 34.63930607671726 17
      vertex 67.07647619362184 34.60740728286133 17
    endloop
  endfacet
  facet normal 0.0654031292301431 -0.9978589232386035 0
    outer loop
      vertex 67.23684225972492 34.63930607671726 2
      vertex 67.39999999999999 34.65 17
      vertex 67.23684225972492 34.63930607671726 17
    endloop
  endfacet
  facet normal -0.0654031292301431 -0.9978589232386035 0
    outer loop
      vertex 67.39999999999999 34.65 2
      vertex 67.56315774027506 34.63930607671726 17
      vertex 67.39999999999999 34.65 17
    endloop
  endfacet
  facet normal -0.19509032201615129 -0.9807852804032259 0
    outer loop
      vertex 67.56315774027506 34.63930607671726 2
      vertex 67.72352380637814 34.60740728286133 17
      vertex 67.56315774027506 34.63930607671726 17
    endloop
  endfacet
  facet normal -0.32143946530314765 -0.9469301294951102 0
    outer loop
      vertex 67.72352380637814 34.60740728286133 2
      vertex 67.87835429045636 34.554849415639104 17
      vertex 67.72352380637814 34.60740728286133 17
    endloop
  endfacet
  facet normal -0.44228869021900913 -0.8968727415326846 0
    outer loop
      vertex 67.87835429045636 34.554849415639104 2
      vertex 68.02499999999999 34.482531754730545 17
      vertex 67.87835429045636 34.554849415639104 17
    endloop
  endfacet
  facet normal -0.5555702330195792 -0.8314696123025607 0
    outer loop
      vertex 68.02499999999999 34.482531754730545 2
      vertex 68.1609517862609 34.391691675364044 17
      vertex 68.02499999999999 34.482531754730545 17
    endloop
  endfacet
  facet normal -0.6593458151001033 -0.7518398074789474 0
    outer loop
      vertex 68.1609517862609 34.391691675364044 2
      vertex 68.28388347648317 34.28388347648318 17
      vertex 68.1609517862609 34.391691675364044 17
    endloop
  endfacet
  facet normal -0.7518398074789662 0.6593458151000816 0
    outer loop
      vertex 68.39169167536403 32.639048213739095 2
      vertex 68.28388347648317 32.516116523516814 17
      vertex 68.39169167536403 32.639048213739095 17
    endloop
  endfacet
  facet normal -0.8314696123025206 0.5555702330196394 0
    outer loop
      vertex 68.48253175473054 32.775 2
      vertex 68.39169167536403 32.639048213739095 17
      vertex 68.48253175473054 32.775 17
    endloop
  endfacet
  facet normal -0.8968727415327102 0.44228869021895684 0
    outer loop
      vertex 68.5548494156391 32.92164570954364 2
      vertex 68.48253175473054 32.775 17
      vertex 68.5548494156391 32.92164570954364 17
    endloop
  endfacet
  facet normal -0.9469301294950927 0.3214394653031999 0
    outer loop
      vertex 68.60740728286133 33.07647619362185 2
      vertex 68.5548494156391 32.92164570954364 17
      vertex 68.60740728286133 33.07647619362185 17
    endloop
  endfacet
  facet normal -0.8968727415327102 -0.44228869021895684 0
    outer loop
      vertex 68.48253175473054 34.025 2
      vertex 68.5548494156391 33.87835429045636 17
      vertex 68.48253175473054 34.025 17
    endloop
  endfacet
  facet normal -0.9807852804032259 0.19509032201615129 0
    outer loop
      vertex 68.63930607671726 33.23684225972493 2
      vertex 68.60740728286133 33.07647619362185 17
      vertex 68.63930607671726 33.23684225972493 17
    endloop
  endfacet
  facet normal -0.9978589232386064 0.06540312923009985 0
    outer loop
      vertex 68.64999999999999 33.4 2
      vertex 68.63930607671726 33.23684225972493 17
      vertex 68.64999999999999 33.4 17
    endloop
  endfacet
  facet normal -0.9978589232386064 -0.06540312923009985 0
    outer loop
      vertex 68.63930607671726 33.56315774027507 2
      vertex 68.64999999999999 33.4 17
      vertex 68.63930607671726 33.56315774027507 17
    endloop
  endfacet
  facet normal -0.9807852804032259 -0.19509032201615129 0
    outer loop
      vertex 68.60740728286133 33.72352380637815 2
      vertex 68.63930607671726 33.56315774027507 17
      vertex 68.60740728286133 33.72352380637815 17
    endloop
  endfacet
  facet normal -0.9469301294950927 -0.3214394653031999 0
    outer loop
      vertex 68.5548494156391 33.87835429045636 2
      vertex 68.60740728286133 33.72352380637815 17
      vertex 68.5548494156391 33.87835429045636 17
    endloop
  endfacet
  facet normal -0.7518398074789662 -0.6593458151000816 0
    outer loop
      vertex 68.28388347648317 34.28388347648318 2
      vertex 68.39169167536403 34.1609517862609 17
      vertex 68.28388347648317 34.28388347648318 17
    endloop
  endfacet
  facet normal -0.8314696123025206 -0.5555702330196394 0
    outer loop
      vertex 68.39169167536403 34.1609517862609 2
      vertex 68.48253175473054 34.025 17
      vertex 68.39169167536403 34.1609517862609 17
    endloop
  endfacet
  facet normal 0 0 1
    outer loop
      vertex 66.31746824526944 111.77499999999999 2
      vertex 66.31746824526944 113.02499999999999 2
      vertex 66.24515058436089 111.92164570954363 2
    endloop
  endfacet
  facet normal 0 0 1
    outer loop
      vertex 66.31746824526944 111.77499999999999 2
      vertex 66.40830832463595 111.63904821373909 2
      vertex 66.40830832463595 113.1609517862609 2
    endloop
  endfacet
  facet normal 0 0 1
    outer loop
      vertex 66.40830832463595 111.63904821373909 2
      vertex 66.51611652351681 111.51611652351681 2
      vertex 66.51611652351681 113.28388347648317 2
    endloop
  endfacet
  facet normal 0 0 1
    outer loop
      vertex 66.51611652351681 111.51611652351681 2
      vertex 66.63904821373909 111.40830832463595 2
      vertex 66.63904821373909 113.39169167536403 2
    endloop
  endfacet
  facet normal 0 0 1
    outer loop
      vertex 66.63904821373909 111.40830832463595 2
      vertex 66.77499999999999 111.31746824526944 2
      vertex 66.77499999999999 113.48253175473054 2
    endloop
  endfacet
  facet normal 0 0 1
    outer loop
      vertex 66.92164570954363 111.24515058436089 2
      vertex 66.92164570954363 113.5548494156391 2
      vertex 66.77499999999999 111.31746824526944 2
    endloop
  endfacet
  facet normal 0 0 1
    outer loop
      vertex 66.92164570954363 111.24515058436089 2
      vertex 67.07647619362184 111.19259271713865 2
      vertex 67.07647619362184 113.60740728286133 2
    endloop
  endfacet
  facet normal 0 0 1
    outer loop
      vertex 66.19259271713865 112.07647619362184 2
      vertex 66.19259271713865 112.72352380637814 2
      vertex 66.16069392328272 112.23684225972492 2
    endloop
  endfacet
  facet normal 0 0 1
    outer loop
      vertex 66.16069392328272 112.23684225972492 2
      vertex 66.16069392328272 112.56315774027506 2
      vertex 66.14999999999999 112.39999999999999 2
    endloop
  endfacet
  facet normal 0 0 1
    outer loop
      vertex 66.16069392328272 112.23684225972492 2
      vertex 66.19259271713865 112.72352380637814 2
      vertex 66.16069392328272 112.56315774027506 2
    endloop
  endfacet
  facet normal 0 0 1
    outer loop
      vertex 66.19259271713865 112.07647619362184 2
      vertex 66.24515058436089 111.92164570954363 2
      vertex 66.24515058436089 112.87835429045636 2
    endloop
  endfacet
  facet normal 0 0 1
    outer loop
      vertex 66.19259271713865 112.07647619362184 2
      vertex 66.24515058436089 112.87835429045636 2
      vertex 66.19259271713865 112.72352380637814 2
    endloop
  endfacet
  facet normal 0 0 1
    outer loop
      vertex 66.24515058436089 111.92164570954363 2
      vertex 66.31746824526944 113.02499999999999 2
      vertex 66.24515058436089 112.87835429045636 2
    endloop
  endfacet
  facet normal 0 0 1
    outer loop
      vertex 66.31746824526944 111.77499999999999 2
      vertex 66.40830832463595 113.1609517862609 2
      vertex 66.31746824526944 113.02499999999999 2
    endloop
  endfacet
  facet normal 0 0 1
    outer loop
      vertex 66.40830832463595 111.63904821373909 2
      vertex 66.51611652351681 113.28388347648317 2
      vertex 66.40830832463595 113.1609517862609 2
    endloop
  endfacet
  facet normal 0 0 1
    outer loop
      vertex 66.51611652351681 111.51611652351681 2
      vertex 66.63904821373909 113.39169167536403 2
      vertex 66.51611652351681 113.28388347648317 2
    endloop
  endfacet
  facet normal 0 0 1
    outer loop
      vertex 66.63904821373909 111.40830832463595 2
      vertex 66.77499999999999 113.48253175473054 2
      vertex 66.63904821373909 113.39169167536403 2
    endloop
  endfacet
  facet normal 0 0 1
    outer loop
      vertex 66.77499999999999 111.31746824526944 2
      vertex 66.92164570954363 113.5548494156391 2
      vertex 66.77499999999999 113.48253175473054 2
    endloop
  endfacet
  facet normal 0 0 1
    outer loop
      vertex 66.92164570954363 111.24515058436089 2
      vertex 67.07647619362184 113.60740728286133 2
      vertex 66.92164570954363 113.5548494156391 2
    endloop
  endfacet
  facet normal 0 0 1
    outer loop
      vertex 67.07647619362184 111.19259271713865 2
      vertex 67.23684225972492 111.16069392328272 2
      vertex 67.23684225972492 113.63930607671726 2
    endloop
  endfacet
  facet normal 0 0 1
    outer loop
      vertex 67.23684225972492 111.16069392328272 2
      vertex 67.39999999999999 111.14999999999999 2
      vertex 67.39999999999999 113.64999999999999 2
    endloop
  endfacet
  facet normal 0 0 1
    outer loop
      vertex 67.39999999999999 111.14999999999999 2
      vertex 67.56315774027506 111.16069392328272 2
      vertex 67.56315774027506 113.63930607671726 2
    endloop
  endfacet
  facet normal 0 0 1
    outer loop
      vertex 67.56315774027506 111.16069392328272 2
      vertex 67.72352380637814 111.19259271713865 2
      vertex 67.72352380637814 113.60740728286133 2
    endloop
  endfacet
  facet normal 0 0 1
    outer loop
      vertex 67.72352380637814 111.19259271713865 2
      vertex 67.87835429045636 111.24515058436089 2
      vertex 67.87835429045636 113.5548494156391 2
    endloop
  endfacet
  facet normal 0 0 1
    outer loop
      vertex 67.87835429045636 111.24515058436089 2
      vertex 68.02499999999999 111.31746824526944 2
      vertex 68.02499999999999 113.48253175473054 2
    endloop
  endfacet
  facet normal 0 0 1
    outer loop
      vertex 68.02499999999999 111.31746824526944 2
      vertex 68.1609517862609 111.40830832463595 2
      vertex 68.1609517862609 113.39169167536403 2
    endloop
  endfacet
  facet normal 0 0 1
    outer loop
      vertex 68.1609517862609 111.40830832463595 2
      vertex 68.28388347648317 111.51611652351681 2
      vertex 68.28388347648317 113.28388347648317 2
    endloop
  endfacet
  facet normal 0 0 1
    outer loop
      vertex 67.07647619362184 111.19259271713865 2
      vertex 67.23684225972492 113.63930607671726 2
      vertex 67.07647619362184 113.60740728286133 2
    endloop
  endfacet
  facet normal 0 0 1
    outer loop
      vertex 67.23684225972492 111.16069392328272 2
      vertex 67.39999999999999 113.64999999999999 2
      vertex 67.23684225972492 113.63930607671726 2
    endloop
  endfacet
  facet normal 0 0 1
    outer loop
      vertex 67.39999999999999 111.14999999999999 2
      vertex 67.56315774027506 113.63930607671726 2
      vertex 67.39999999999999 113.64999999999999 2
    endloop
  endfacet
  facet normal 0 0 1
    outer loop
      vertex 67.56315774027506 111.16069392328272 2
      vertex 67.72352380637814 113.60740728286133 2
      vertex 67.56315774027506 113.63930607671726 2
    endloop
  endfacet
  facet normal 0 0 1
    outer loop
      vertex 67.72352380637814 111.19259271713865 2
      vertex 67.87835429045636 113.5548494156391 2
      vertex 67.72352380637814 113.60740728286133 2
    endloop
  endfacet
  facet normal 0 0 1
    outer loop
      vertex 67.87835429045636 111.24515058436089 2
      vertex 68.02499999999999 113.48253175473054 2
      vertex 67.87835429045636 113.5548494156391 2
    endloop
  endfacet
  facet normal 0 0 1
    outer loop
      vertex 68.02499999999999 111.31746824526944 2
      vertex 68.1609517862609 113.39169167536403 2
      vertex 68.02499999999999 113.48253175473054 2
    endloop
  endfacet
  facet normal 0 0 1
    outer loop
      vertex 68.1609517862609 111.40830832463595 2
      vertex 68.28388347648317 113.28388347648317 2
      vertex 68.1609517862609 113.39169167536403 2
    endloop
  endfacet
  facet normal 0 0 1
    outer loop
      vertex 68.28388347648317 111.51611652351681 2
      vertex 68.39169167536403 111.63904821373909 2
      vertex 68.39169167536403 113.1609517862609 2
    endloop
  endfacet
  facet normal 0 0 1
    outer loop
      vertex 68.39169167536403 111.63904821373909 2
      vertex 68.48253175473054 111.77499999999999 2
      vertex 68.48253175473054 113.02499999999999 2
    endloop
  endfacet
  facet normal 0 0 1
    outer loop
      vertex 68.48253175473054 111.77499999999999 2
      vertex 68.5548494156391 111.92164570954363 2
      vertex 68.5548494156391 112.87835429045636 2
    endloop
  endfacet
  facet normal 0 0 1
    outer loop
      vertex 68.5548494156391 111.92164570954363 2
      vertex 68.60740728286133 112.07647619362184 2
      vertex 68.60740728286133 112.72352380637814 2
    endloop
  endfacet
  facet normal 0 0 1
    outer loop
      vertex 68.28388347648317 111.51611652351681 2
      vertex 68.39169167536403 113.1609517862609 2
      vertex 68.28388347648317 113.28388347648317 2
    endloop
  endfacet
  facet normal 0 0 1
    outer loop
      vertex 68.39169167536403 111.63904821373909 2
      vertex 68.48253175473054 113.02499999999999 2
      vertex 68.39169167536403 113.1609517862609 2
    endloop
  endfacet
  facet normal 0 0 1
    outer loop
      vertex 68.48253175473054 111.77499999999999 2
      vertex 68.5548494156391 112.87835429045636 2
      vertex 68.48253175473054 113.02499999999999 2
    endloop
  endfacet
  facet normal 0 0 1
    outer loop
      vertex 68.5548494156391 111.92164570954363 2
      vertex 68.60740728286133 112.72352380637814 2
      vertex 68.5548494156391 112.87835429045636 2
    endloop
  endfacet
  facet normal 0 0 1
    outer loop
      vertex 68.60740728286133 112.07647619362184 2
      vertex 68.63930607671726 112.23684225972492 2
      vertex 68.63930607671726 112.56315774027506 2
    endloop
  endfacet
  facet normal 0 0 1
    outer loop
      vertex 68.63930607671726 112.23684225972492 2
      vertex 68.64999999999999 112.39999999999999 2
      vertex 68.63930607671726 112.56315774027506 2
    endloop
  endfacet
  facet normal 0 0 1
    outer loop
      vertex 68.60740728286133 112.07647619362184 2
      vertex 68.63930607671726 112.56315774027506 2
      vertex 68.60740728286133 112.72352380637814 2
    endloop
  endfacet
  facet normal 0.946930129495097 0.3214394653031866 0
    outer loop
      vertex 66.19259271713865 112.07647619362184 2
      vertex 66.19259271713865 112.07647619362184 17
      vertex 66.24515058436089 111.92164570954363 2
    endloop
  endfacet
  facet normal 0.9807852804032259 0.19509032201615129 1.1858512111847545e-19
    outer loop
      vertex 66.19259271713865 112.07647619362184 2
      vertex 66.16069392328272 112.23684225972492 2
      vertex 66.16069392328272 112.23684225972492 17
    endloop
  endfacet
  facet normal 0.8314696123025206 0.5555702330196394 0
    outer loop
      vertex 66.31746824526944 111.77499999999999 2
      vertex 66.31746824526944 111.77499999999999 17
      vertex 66.40830832463595 111.63904821373909 2
    endloop
  endfacet
  facet normal 0.7518398074789474 0.6593458151001033 0
    outer loop
      vertex 66.40830832463595 111.63904821373909 2
      vertex 66.40830832463595 111.63904821373909 17
      vertex 66.51611652351681 111.51611652351681 2
    endloop
  endfacet
  facet normal 0.8968727415327018 0.44228869021897416 8.911139507473884e-20
    outer loop
      vertex 66.31746824526944 111.77499999999999 2
      vertex 66.24515058436089 111.92164570954363 2
      vertex 66.24515058436089 111.92164570954363 17
    endloop
  endfacet
  facet normal 0.44228869021897416 0.8968727415327018 8.911139507473884e-20
    outer loop
      vertex 66.92164570954363 111.24515058436089 2
      vertex 66.77499999999999 111.31746824526944 2
      vertex 66.77499999999999 111.31746824526944 17
    endloop
  endfacet
  facet normal 0.3214394653031866 0.946930129495097 0
    outer loop
      vertex 66.92164570954363 111.24515058436089 2
      vertex 66.92164570954363 111.24515058436089 17
      vertex 67.07647619362184 111.19259271713865 2
    endloop
  endfacet
  facet normal 0.6593458151001033 0.7518398074789474 0
    outer loop
      vertex 66.51611652351681 111.51611652351681 2
      vertex 66.51611652351681 111.51611652351681 17
      vertex 66.63904821373909 111.40830832463595 2
    endloop
  endfacet
  facet normal 0.5555702330196394 0.8314696123025206 0
    outer loop
      vertex 66.63904821373909 111.40830832463595 2
      vertex 66.63904821373909 111.40830832463595 17
      vertex 66.77499999999999 111.31746824526944 2
    endloop
  endfacet
  facet normal 0.9978589232386064 0.06540312923009985 -7.116508561327712e-21
    outer loop
      vertex 66.16069392328272 112.23684225972492 2
      vertex 66.14999999999999 112.39999999999999 2
      vertex 66.14999999999999 112.39999999999999 17
    endloop
  endfacet
  facet normal 0.9978589232386064 -0.06540312923009985 7.116508561327712e-21
    outer loop
      vertex 66.14999999999999 112.39999999999999 2
      vertex 66.16069392328272 112.56315774027506 2
      vertex 66.16069392328272 112.56315774027506 17
    endloop
  endfacet
  facet normal 0.9807852804032259 -0.19509032201615129 -1.1858512111847545e-19
    outer loop
      vertex 66.16069392328272 112.56315774027506 2
      vertex 66.19259271713865 112.72352380637814 2
      vertex 66.19259271713865 112.72352380637814 17
    endloop
  endfacet
  facet normal 0.946930129495097 -0.3214394653031866 1.1890161579858814e-19
    outer loop
      vertex 66.19259271713865 112.72352380637814 2
      vertex 66.24515058436089 112.87835429045636 2
      vertex 66.24515058436089 112.87835429045636 17
    endloop
  endfacet
  facet normal 0.8968727415327018 -0.44228869021897416 -8.911139507473884e-20
    outer loop
      vertex 66.24515058436089 112.87835429045636 2
      vertex 66.31746824526944 113.02499999999999 2
      vertex 66.31746824526944 113.02499999999999 17
    endloop
  endfacet
  facet normal 0.8314696123025206 -0.5555702330196394 3.153302609800613e-19
    outer loop
      vertex 66.31746824526944 113.02499999999999 2
      vertex 66.40830832463595 113.1609517862609 2
      vertex 66.40830832463595 113.1609517862609 17
    endloop
  endfacet
  facet normal 0.7518398074789474 -0.6593458151001033 3.378483186876143e-19
    outer loop
      vertex 66.40830832463595 113.1609517862609 2
      vertex 66.51611652351681 113.28388347648317 2
      vertex 66.51611652351681 113.28388347648317 17
    endloop
  endfacet
  facet normal 0.6593458151001033 -0.7518398074789474 3.378483186876143e-19
    outer loop
      vertex 66.51611652351681 113.28388347648317 2
      vertex 66.63904821373909 113.39169167536403 2
      vertex 66.63904821373909 113.39169167536403 17
    endloop
  endfacet
  facet normal 0.5555702330196394 -0.8314696123025206 3.153302609800613e-19
    outer loop
      vertex 66.63904821373909 113.39169167536403 2
      vertex 66.77499999999999 113.48253175473054 2
      vertex 66.77499999999999 113.48253175473054 17
    endloop
  endfacet
  facet normal 0.44228869021897416 -0.8968727415327018 -8.911139507473884e-20
    outer loop
      vertex 66.77499999999999 113.48253175473054 2
      vertex 66.92164570954363 113.5548494156391 2
      vertex 66.92164570954363 113.5548494156391 17
    endloop
  endfacet
  facet normal 0.3214394653031866 -0.946930129495097 1.1890161579858814e-19
    outer loop
      vertex 66.92164570954363 113.5548494156391 2
      vertex 67.07647619362184 113.60740728286133 2
      vertex 67.07647619362184 113.60740728286133 17
    endloop
  endfacet
  facet normal 0.19509032201615129 0.9807852804032259 0
    outer loop
      vertex 67.07647619362184 111.19259271713865 2
      vertex 67.07647619362184 111.19259271713865 17
      vertex 67.23684225972492 111.16069392328272 2
    endloop
  endfacet
  facet normal 0.06540312923009985 0.9978589232386064 0
    outer loop
      vertex 67.23684225972492 111.16069392328272 2
      vertex 67.23684225972492 111.16069392328272 17
      vertex 67.39999999999999 111.14999999999999 2
    endloop
  endfacet
  facet normal -0.06540312923009985 0.9978589232386064 0
    outer loop
      vertex 67.39999999999999 111.14999999999999 2
      vertex 67.39999999999999 111.14999999999999 17
      vertex 67.56315774027506 111.16069392328272 2
    endloop
  endfacet
  facet normal -0.19509032201615129 0.9807852804032259 0
    outer loop
      vertex 67.56315774027506 111.16069392328272 2
      vertex 67.56315774027506 111.16069392328272 17
      vertex 67.72352380637814 111.19259271713865 2
    endloop
  endfacet
  facet normal -0.3214394653031866 0.946930129495097 0
    outer loop
      vertex 67.72352380637814 111.19259271713865 2
      vertex 67.72352380637814 111.19259271713865 17
      vertex 67.87835429045636 111.24515058436089 2
    endloop
  endfacet
  facet normal -0.44228869021897416 0.8968727415327018 0
    outer loop
      vertex 67.87835429045636 111.24515058436089 2
      vertex 67.87835429045636 111.24515058436089 17
      vertex 68.02499999999999 111.31746824526944 2
    endloop
  endfacet
  facet normal -0.5555702330196394 0.8314696123025206 0
    outer loop
      vertex 68.02499999999999 111.31746824526944 2
      vertex 68.02499999999999 111.31746824526944 17
      vertex 68.1609517862609 111.40830832463595 2
    endloop
  endfacet
  facet normal -0.6593458151001033 0.7518398074789474 0
    outer loop
      vertex 68.1609517862609 111.40830832463595 2
      vertex 68.1609517862609 111.40830832463595 17
      vertex 68.28388347648317 111.51611652351681 2
    endloop
  endfacet
  facet normal 0.19509032201615129 -0.9807852804032259 -1.1858512111847545e-19
    outer loop
      vertex 67.07647619362184 113.60740728286133 2
      vertex 67.23684225972492 113.63930607671726 2
      vertex 67.23684225972492 113.63930607671726 17
    endloop
  endfacet
  facet normal 0.06540312923009985 -0.9978589232386064 7.116508561327712e-21
    outer loop
      vertex 67.23684225972492 113.63930607671726 2
      vertex 67.39999999999999 113.64999999999999 2
      vertex 67.39999999999999 113.64999999999999 17
    endloop
  endfacet
  facet normal -0.06540312923009985 -0.9978589232386064 -7.116508561327712e-21
    outer loop
      vertex 67.39999999999999 113.64999999999999 2
      vertex 67.56315774027506 113.63930607671726 2
      vertex 67.56315774027506 113.63930607671726 17
    endloop
  endfacet
  facet normal -0.19509032201615129 -0.9807852804032259 1.1858512111847545e-19
    outer loop
      vertex 67.56315774027506 113.63930607671726 2
      vertex 67.72352380637814 113.60740728286133 2
      vertex 67.72352380637814 113.60740728286133 17
    endloop
  endfacet
  facet normal -0.3214394653031866 -0.946930129495097 -1.1890161579858814e-19
    outer loop
      vertex 67.72352380637814 113.60740728286133 2
      vertex 67.87835429045636 113.5548494156391 2
      vertex 67.87835429045636 113.5548494156391 17
    endloop
  endfacet
  facet normal -0.44228869021897416 -0.8968727415327018 8.911139507473884e-20
    outer loop
      vertex 67.87835429045636 113.5548494156391 2
      vertex 68.02499999999999 113.48253175473054 2
      vertex 68.02499999999999 113.48253175473054 17
    endloop
  endfacet
  facet normal -0.5555702330196394 -0.8314696123025206 -3.153302609800613e-19
    outer loop
      vertex 68.02499999999999 113.48253175473054 2
      vertex 68.1609517862609 113.39169167536403 2
      vertex 68.1609517862609 113.39169167536403 17
    endloop
  endfacet
  facet normal -0.6593458151001033 -0.7518398074789474 -3.378483186876143e-19
    outer loop
      vertex 68.1609517862609 113.39169167536403 2
      vertex 68.28388347648317 113.28388347648317 2
      vertex 68.28388347648317 113.28388347648317 17
    endloop
  endfacet
  facet normal -0.7518398074789474 0.6593458151001033 0
    outer loop
      vertex 68.28388347648317 111.51611652351681 2
      vertex 68.28388347648317 111.51611652351681 17
      vertex 68.39169167536403 111.63904821373909 2
    endloop
  endfacet
  facet normal -0.8314696123025206 0.5555702330196394 0
    outer loop
      vertex 68.39169167536403 111.63904821373909 2
      vertex 68.39169167536403 111.63904821373909 17
      vertex 68.48253175473054 111.77499999999999 2
    endloop
  endfacet
  facet normal -0.8968727415327018 0.44228869021897416 0
    outer loop
      vertex 68.48253175473054 111.77499999999999 2
      vertex 68.48253175473054 111.77499999999999 17
      vertex 68.5548494156391 111.92164570954363 2
    endloop
  endfacet
  facet normal -0.946930129495097 0.3214394653031866 0
    outer loop
      vertex 68.5548494156391 111.92164570954363 2
      vertex 68.5548494156391 111.92164570954363 17
      vertex 68.60740728286133 112.07647619362184 2
    endloop
  endfacet
  facet normal -0.9807852804032259 0.19509032201615129 0
    outer loop
      vertex 68.60740728286133 112.07647619362184 2
      vertex 68.60740728286133 112.07647619362184 17
      vertex 68.63930607671726 112.23684225972492 2
    endloop
  endfacet
  facet normal -0.8968727415327018 -0.44228869021897416 8.911139507473884e-20
    outer loop
      vertex 68.48253175473054 113.02499999999999 2
      vertex 68.5548494156391 112.87835429045636 2
      vertex 68.5548494156391 112.87835429045636 17
    endloop
  endfacet
  facet normal -0.8314696123025206 -0.5555702330196394 -3.153302609800613e-19
    outer loop
      vertex 68.39169167536403 113.1609517862609 2
      vertex 68.48253175473054 113.02499999999999 2
      vertex 68.48253175473054 113.02499999999999 17
    endloop
  endfacet
  facet normal -0.9978589232386064 0.06540312923009985 0
    outer loop
      vertex 68.63930607671726 112.23684225972492 2
      vertex 68.63930607671726 112.23684225972492 17
      vertex 68.64999999999999 112.39999999999999 2
    endloop
  endfacet
  facet normal -0.9978589232386064 -0.06540312923009985 0
    outer loop
      vertex 68.64999999999999 112.39999999999999 2
      vertex 68.64999999999999 112.39999999999999 17
      vertex 68.63930607671726 112.56315774027506 2
    endloop
  endfacet
  facet normal -0.9807852804032259 -0.19509032201615129 0
    outer loop
      vertex 68.63930607671726 112.56315774027506 2
      vertex 68.63930607671726 112.56315774027506 17
      vertex 68.60740728286133 112.72352380637814 2
    endloop
  endfacet
  facet normal -0.946930129495097 -0.3214394653031866 -1.1890161579858814e-19
    outer loop
      vertex 68.5548494156391 112.87835429045636 2
      vertex 68.60740728286133 112.72352380637814 2
      vertex 68.60740728286133 112.72352380637814 17
    endloop
  endfacet
  facet normal -0.7518398074789474 -0.6593458151001033 0
    outer loop
      vertex 68.39169167536403 113.1609517862609 2
      vertex 68.39169167536403 113.1609517862609 17
      vertex 68.28388347648317 113.28388347648317 2
    endloop
  endfacet
  facet normal 0.946930129495097 0.3214394653031866 0
    outer loop
      vertex 66.24515058436089 111.92164570954363 2
      vertex 66.19259271713865 112.07647619362184 17
      vertex 66.24515058436089 111.92164570954363 17
    endloop
  endfacet
  facet normal 0.9807852804032259 0.19509032201615129 0
    outer loop
      vertex 66.19259271713865 112.07647619362184 2
      vertex 66.16069392328272 112.23684225972492 17
      vertex 66.19259271713865 112.07647619362184 17
    endloop
  endfacet
  facet normal 0.8314696123025206 0.5555702330196394 0
    outer loop
      vertex 66.40830832463595 111.63904821373909 2
      vertex 66.31746824526944 111.77499999999999 17
      vertex 66.40830832463595 111.63904821373909 17
    endloop
  endfacet
  facet normal 0.7518398074789474 0.6593458151001033 0
    outer loop
      vertex 66.51611652351681 111.51611652351681 2
      vertex 66.40830832463595 111.63904821373909 17
      vertex 66.51611652351681 111.51611652351681 17
    endloop
  endfacet
  facet normal 0.8968727415327018 0.44228869021897416 0
    outer loop
      vertex 66.31746824526944 111.77499999999999 2
      vertex 66.24515058436089 111.92164570954363 17
      vertex 66.31746824526944 111.77499999999999 17
    endloop
  endfacet
  facet normal 0.5555702330196394 0.8314696123025206 0
    outer loop
      vertex 66.77499999999999 111.31746824526944 2
      vertex 66.63904821373909 111.40830832463595 17
      vertex 66.77499999999999 111.31746824526944 17
    endloop
  endfacet
  facet normal 0.44228869021897416 0.8968727415327018 0
    outer loop
      vertex 66.92164570954363 111.24515058436089 2
      vertex 66.77499999999999 111.31746824526944 17
      vertex 66.92164570954363 111.24515058436089 17
    endloop
  endfacet
  facet normal 0.3214394653031866 0.946930129495097 0
    outer loop
      vertex 67.07647619362184 111.19259271713865 2
      vertex 66.92164570954363 111.24515058436089 17
      vertex 67.07647619362184 111.19259271713865 17
    endloop
  endfacet
  facet normal 0.6593458151001033 0.7518398074789474 0
    outer loop
      vertex 66.63904821373909 111.40830832463595 2
      vertex 66.51611652351681 111.51611652351681 17
      vertex 66.63904821373909 111.40830832463595 17
    endloop
  endfacet
  facet normal 0.9978589232386064 0.06540312923009985 0
    outer loop
      vertex 66.16069392328272 112.23684225972492 2
      vertex 66.14999999999999 112.39999999999999 17
      vertex 66.16069392328272 112.23684225972492 17
    endloop
  endfacet
  facet normal 0.9978589232386064 -0.06540312923009985 0
    outer loop
      vertex 66.14999999999999 112.39999999999999 2
      vertex 66.16069392328272 112.56315774027506 17
      vertex 66.14999999999999 112.39999999999999 17
    endloop
  endfacet
  facet normal 0.9807852804032259 -0.19509032201615129 0
    outer loop
      vertex 66.16069392328272 112.56315774027506 2
      vertex 66.19259271713865 112.72352380637814 17
      vertex 66.16069392328272 112.56315774027506 17
    endloop
  endfacet
  facet normal 0.946930129495097 -0.3214394653031866 0
    outer loop
      vertex 66.19259271713865 112.72352380637814 2
      vertex 66.24515058436089 112.87835429045636 17
      vertex 66.19259271713865 112.72352380637814 17
    endloop
  endfacet
  facet normal 0.8968727415327018 -0.44228869021897416 0
    outer loop
      vertex 66.24515058436089 112.87835429045636 2
      vertex 66.31746824526944 113.02499999999999 17
      vertex 66.24515058436089 112.87835429045636 17
    endloop
  endfacet
  facet normal 0.8314696123025206 -0.5555702330196394 0
    outer loop
      vertex 66.31746824526944 113.02499999999999 2
      vertex 66.40830832463595 113.1609517862609 17
      vertex 66.31746824526944 113.02499999999999 17
    endloop
  endfacet
  facet normal 0.7518398074789474 -0.6593458151001033 0
    outer loop
      vertex 66.40830832463595 113.1609517862609 2
      vertex 66.51611652351681 113.28388347648317 17
      vertex 66.40830832463595 113.1609517862609 17
    endloop
  endfacet
  facet normal 0.6593458151001033 -0.7518398074789474 0
    outer loop
      vertex 66.51611652351681 113.28388347648317 2
      vertex 66.63904821373909 113.39169167536403 17
      vertex 66.51611652351681 113.28388347648317 17
    endloop
  endfacet
  facet normal 0.5555702330196394 -0.8314696123025206 0
    outer loop
      vertex 66.63904821373909 113.39169167536403 2
      vertex 66.77499999999999 113.48253175473054 17
      vertex 66.63904821373909 113.39169167536403 17
    endloop
  endfacet
  facet normal 0.44228869021897416 -0.8968727415327018 0
    outer loop
      vertex 66.77499999999999 113.48253175473054 2
      vertex 66.92164570954363 113.5548494156391 17
      vertex 66.77499999999999 113.48253175473054 17
    endloop
  endfacet
  facet normal 0.3214394653031866 -0.946930129495097 0
    outer loop
      vertex 66.92164570954363 113.5548494156391 2
      vertex 67.07647619362184 113.60740728286133 17
      vertex 66.92164570954363 113.5548494156391 17
    endloop
  endfacet
  facet normal 0.19509032201615129 0.9807852804032259 0
    outer loop
      vertex 67.23684225972492 111.16069392328272 2
      vertex 67.07647619362184 111.19259271713865 17
      vertex 67.23684225972492 111.16069392328272 17
    endloop
  endfacet
  facet normal 0.06540312923009985 0.9978589232386064 0
    outer loop
      vertex 67.39999999999999 111.14999999999999 2
      vertex 67.23684225972492 111.16069392328272 17
      vertex 67.39999999999999 111.14999999999999 17
    endloop
  endfacet
  facet normal -0.06540312923009985 0.9978589232386064 0
    outer loop
      vertex 67.56315774027506 111.16069392328272 2
      vertex 67.39999999999999 111.14999999999999 17
      vertex 67.56315774027506 111.16069392328272 17
    endloop
  endfacet
  facet normal -0.19509032201615129 0.9807852804032259 0
    outer loop
      vertex 67.72352380637814 111.19259271713865 2
      vertex 67.56315774027506 111.16069392328272 17
      vertex 67.72352380637814 111.19259271713865 17
    endloop
  endfacet
  facet normal -0.3214394653031866 0.946930129495097 0
    outer loop
      vertex 67.87835429045636 111.24515058436089 2
      vertex 67.72352380637814 111.19259271713865 17
      vertex 67.87835429045636 111.24515058436089 17
    endloop
  endfacet
  facet normal -0.44228869021897416 0.8968727415327018 0
    outer loop
      vertex 68.02499999999999 111.31746824526944 2
      vertex 67.87835429045636 111.24515058436089 17
      vertex 68.02499999999999 111.31746824526944 17
    endloop
  endfacet
  facet normal -0.5555702330196394 0.8314696123025206 0
    outer loop
      vertex 68.1609517862609 111.40830832463595 2
      vertex 68.02499999999999 111.31746824526944 17
      vertex 68.1609517862609 111.40830832463595 17
    endloop
  endfacet
  facet normal -0.6593458151001033 0.7518398074789474 0
    outer loop
      vertex 68.28388347648317 111.51611652351681 2
      vertex 68.1609517862609 111.40830832463595 17
      vertex 68.28388347648317 111.51611652351681 17
    endloop
  endfacet
  facet normal 0.19509032201615129 -0.9807852804032259 0
    outer loop
      vertex 67.07647619362184 113.60740728286133 2
      vertex 67.23684225972492 113.63930607671726 17
      vertex 67.07647619362184 113.60740728286133 17
    endloop
  endfacet
  facet normal 0.06540312923009985 -0.9978589232386064 0
    outer loop
      vertex 67.23684225972492 113.63930607671726 2
      vertex 67.39999999999999 113.64999999999999 17
      vertex 67.23684225972492 113.63930607671726 17
    endloop
  endfacet
  facet normal -0.06540312923009985 -0.9978589232386064 0
    outer loop
      vertex 67.39999999999999 113.64999999999999 2
      vertex 67.56315774027506 113.63930607671726 17
      vertex 67.39999999999999 113.64999999999999 17
    endloop
  endfacet
  facet normal -0.19509032201615129 -0.9807852804032259 0
    outer loop
      vertex 67.56315774027506 113.63930607671726 2
      vertex 67.72352380637814 113.60740728286133 17
      vertex 67.56315774027506 113.63930607671726 17
    endloop
  endfacet
  facet normal -0.3214394653031866 -0.946930129495097 0
    outer loop
      vertex 67.72352380637814 113.60740728286133 2
      vertex 67.87835429045636 113.5548494156391 17
      vertex 67.72352380637814 113.60740728286133 17
    endloop
  endfacet
  facet normal -0.44228869021897416 -0.8968727415327018 0
    outer loop
      vertex 67.87835429045636 113.5548494156391 2
      vertex 68.02499999999999 113.48253175473054 17
      vertex 67.87835429045636 113.5548494156391 17
    endloop
  endfacet
  facet normal -0.5555702330196394 -0.8314696123025206 0
    outer loop
      vertex 68.02499999999999 113.48253175473054 2
      vertex 68.1609517862609 113.39169167536403 17
      vertex 68.02499999999999 113.48253175473054 17
    endloop
  endfacet
  facet normal -0.6593458151001033 -0.7518398074789474 0
    outer loop
      vertex 68.1609517862609 113.39169167536403 2
      vertex 68.28388347648317 113.28388347648317 17
      vertex 68.1609517862609 113.39169167536403 17
    endloop
  endfacet
  facet normal -0.7518398074789474 0.6593458151001033 0
    outer loop
      vertex 68.39169167536403 111.63904821373909 2
      vertex 68.28388347648317 111.51611652351681 17
      vertex 68.39169167536403 111.63904821373909 17
    endloop
  endfacet
  facet normal -0.8314696123025206 0.5555702330196394 0
    outer loop
      vertex 68.48253175473054 111.77499999999999 2
      vertex 68.39169167536403 111.63904821373909 17
      vertex 68.48253175473054 111.77499999999999 17
    endloop
  endfacet
  facet normal -0.8968727415327018 0.44228869021897416 0
    outer loop
      vertex 68.5548494156391 111.92164570954363 2
      vertex 68.48253175473054 111.77499999999999 17
      vertex 68.5548494156391 111.92164570954363 17
    endloop
  endfacet
  facet normal -0.946930129495097 0.3214394653031866 0
    outer loop
      vertex 68.60740728286133 112.07647619362184 2
      vertex 68.5548494156391 111.92164570954363 17
      vertex 68.60740728286133 112.07647619362184 17
    endloop
  endfacet
  facet normal -0.9807852804032259 0.19509032201615129 0
    outer loop
      vertex 68.63930607671726 112.23684225972492 2
      vertex 68.60740728286133 112.07647619362184 17
      vertex 68.63930607671726 112.23684225972492 17
    endloop
  endfacet
  facet normal -0.8314696123025206 -0.5555702330196394 0
    outer loop
      vertex 68.39169167536403 113.1609517862609 2
      vertex 68.48253175473054 113.02499999999999 17
      vertex 68.39169167536403 113.1609517862609 17
    endloop
  endfacet
  facet normal -0.8968727415327018 -0.44228869021897416 0
    outer loop
      vertex 68.48253175473054 113.02499999999999 2
      vertex 68.5548494156391 112.87835429045636 17
      vertex 68.48253175473054 113.02499999999999 17
    endloop
  endfacet
  facet normal -0.9978589232386064 0.06540312923009985 0
    outer loop
      vertex 68.64999999999999 112.39999999999999 2
      vertex 68.63930607671726 112.23684225972492 17
      vertex 68.64999999999999 112.39999999999999 17
    endloop
  endfacet
  facet normal -0.9978589232386064 -0.06540312923009985 0
    outer loop
      vertex 68.63930607671726 112.56315774027506 2
      vertex 68.64999999999999 112.39999999999999 17
      vertex 68.63930607671726 112.56315774027506 17
    endloop
  endfacet
  facet normal -0.9807852804032259 -0.19509032201615129 0
    outer loop
      vertex 68.60740728286133 112.72352380637814 2
      vertex 68.63930607671726 112.56315774027506 17
      vertex 68.60740728286133 112.72352380637814 17
    endloop
  endfacet
  facet normal -0.946930129495097 -0.3214394653031866 0
    outer loop
      vertex 68.5548494156391 112.87835429045636 2
      vertex 68.60740728286133 112.72352380637814 17
      vertex 68.5548494156391 112.87835429045636 17
    endloop
  endfacet
  facet normal -0.7518398074789474 -0.6593458151001033 0
    outer loop
      vertex 68.28388347648317 113.28388347648317 2
      vertex 68.39169167536403 113.1609517862609 17
      vertex 68.28388347648317 113.28388347648317 17
    endloop
  endfacet
  facet normal 0 0 1
    outer loop
      vertex 11.160693923282738 78.23684225972494 1
      vertex 11.160693923282738 78.56315774027507 1
      vertex 11.15 78.4 1
    endloop
  endfacet
  facet normal 0 0 1
    outer loop
      vertex 11.192592717138664 78.07647619362186 1
      vertex 11.245150584360893 77.92164570954364 1
      vertex 11.245150584360893 78.87835429045637 1
    endloop
  endfacet
  facet normal 0 0 1
    outer loop
      vertex 11.192592717138664 78.07647619362186 1
      vertex 11.192592717138664 78.72352380637815 1
      vertex 11.160693923282738 78.23684225972494 1
    endloop
  endfacet
  facet normal 0 0 1
    outer loop
      vertex 11.160693923282738 78.23684225972494 1
      vertex 11.192592717138664 78.72352380637815 1
      vertex 11.160693923282738 78.56315774027507 1
    endloop
  endfacet
  facet normal 0 0 1
    outer loop
      vertex 11.192592717138664 78.07647619362186 1
      vertex 11.245150584360893 78.87835429045637 1
      vertex 11.192592717138664 78.72352380637815 1
    endloop
  endfacet
  facet normal 0 0 1
    outer loop
      vertex 11.317468245269453 77.775 1
      vertex 11.317468245269453 79.025 1
      vertex 11.245150584360893 77.92164570954364 1
    endloop
  endfacet
  facet normal 0 0 1
    outer loop
      vertex 11.245150584360893 77.92164570954364 1
      vertex 11.317468245269453 79.025 1
      vertex 11.245150584360893 78.87835429045637 1
    endloop
  endfacet
  facet normal 0 0 1
    outer loop
      vertex 11.317468245269453 77.775 1
      vertex 11.408308324635957 79.16095178626091 1
      vertex 11.317468245269453 79.025 1
    endloop
  endfacet
  facet normal 0 0 1
    outer loop
      vertex 11.317468245269453 77.775 1
      vertex 11.408308324635957 77.6390482137391 1
      vertex 11.408308324635957 79.16095178626091 1
    endloop
  endfacet
  facet normal 0 0 1
    outer loop
      vertex 11.516116523516816 77.51611652351681 1
      vertex 11.516116523516816 79.2838834764832 1
      vertex 11.408308324635957 77.6390482137391 1
    endloop
  endfacet
  facet normal 0 0 1
    outer loop
      vertex 11.516116523516816 77.51611652351681 1
      vertex 11.6390482137391 77.40830832463597 1
      vertex 11.6390482137391 79.39169167536404 1
    endloop
  endfacet
  facet normal 0 0 1
    outer loop
      vertex 11.6390482137391 77.40830832463597 1
      vertex 11.775 77.31746824526945 1
      vertex 11.775 79.48253175473056 1
    endloop
  endfacet
  facet normal 0 0 1
    outer loop
      vertex 11.775 77.31746824526945 1
      vertex 11.921645709543638 77.2451505843609 1
      vertex 11.921645709543638 79.55484941563911 1
    endloop
  endfacet
  facet normal 0 0 1
    outer loop
      vertex 11.408308324635957 77.6390482137391 1
      vertex 11.516116523516816 79.2838834764832 1
      vertex 11.408308324635957 79.16095178626091 1
    endloop
  endfacet
  facet normal 0 0 1
    outer loop
      vertex 11.516116523516816 77.51611652351681 1
      vertex 11.6390482137391 79.39169167536404 1
      vertex 11.516116523516816 79.2838834764832 1
    endloop
  endfacet
  facet normal 0 0 1
    outer loop
      vertex 11.6390482137391 77.40830832463597 1
      vertex 11.775 79.48253175473056 1
      vertex 11.6390482137391 79.39169167536404 1
    endloop
  endfacet
  facet normal 0 0 1
    outer loop
      vertex 11.775 77.31746824526945 1
      vertex 11.921645709543638 79.55484941563911 1
      vertex 11.775 79.48253175473056 1
    endloop
  endfacet
  facet normal 0 0 1
    outer loop
      vertex 11.921645709543638 77.2451505843609 1
      vertex 12.076476193621849 77.19259271713867 1
      vertex 12.076476193621849 79.60740728286135 1
    endloop
  endfacet
  facet normal 0 0 1
    outer loop
      vertex 12.076476193621849 77.19259271713867 1
      vertex 12.236842259724936 77.16069392328274 1
      vertex 12.236842259724936 79.63930607671728 1
    endloop
  endfacet
  facet normal 0 0 1
    outer loop
      vertex 12.236842259724936 77.16069392328274 1
      vertex 12.4 77.15 1
      vertex 12.4 79.65 1
    endloop
  endfacet
  facet normal 0 0 1
    outer loop
      vertex 12.4 77.15 1
      vertex 12.563157740275065 77.16069392328274 1
      vertex 12.563157740275065 79.63930607671728 1
    endloop
  endfacet
  facet normal 0 0 1
    outer loop
      vertex 11.921645709543638 77.2451505843609 1
      vertex 12.076476193621849 79.60740728286135 1
      vertex 11.921645709543638 79.55484941563911 1
    endloop
  endfacet
  facet normal 0 0 1
    outer loop
      vertex 12.076476193621849 77.19259271713867 1
      vertex 12.236842259724936 79.63930607671728 1
      vertex 12.076476193621849 79.60740728286135 1
    endloop
  endfacet
  facet normal 0 0 1
    outer loop
      vertex 12.236842259724936 77.16069392328274 1
      vertex 12.4 79.65 1
      vertex 12.236842259724936 79.63930607671728 1
    endloop
  endfacet
  facet normal 0 0 1
    outer loop
      vertex 12.4 77.15 1
      vertex 12.563157740275065 79.63930607671728 1
      vertex 12.4 79.65 1
    endloop
  endfacet
  facet normal 0 0 1
    outer loop
      vertex 12.563157740275065 77.16069392328274 1
      vertex 12.723523806378152 77.19259271713867 1
      vertex 12.723523806378152 79.60740728286135 1
    endloop
  endfacet
  facet normal 0 0 1
    outer loop
      vertex 12.723523806378152 77.19259271713867 1
      vertex 12.878354290456363 77.2451505843609 1
      vertex 12.878354290456363 79.55484941563911 1
    endloop
  endfacet
  facet normal 0 0 1
    outer loop
      vertex 12.878354290456363 77.2451505843609 1
      vertex 13.025 77.31746824526945 1
      vertex 13.025 79.48253175473056 1
    endloop
  endfacet
  facet normal 0 0 1
    outer loop
      vertex 12.563157740275065 77.16069392328274 1
      vertex 12.723523806378152 79.60740728286135 1
      vertex 12.563157740275065 79.63930607671728 1
    endloop
  endfacet
  facet normal 0 0 1
    outer loop
      vertex 12.723523806378152 77.19259271713867 1
      vertex 12.878354290456363 79.55484941563911 1
      vertex 12.723523806378152 79.60740728286135 1
    endloop
  endfacet
  facet normal 0 0 1
    outer loop
      vertex 12.878354290456363 77.2451505843609 1
      vertex 13.025 79.48253175473056 1
      vertex 12.878354290456363 79.55484941563911 1
    endloop
  endfacet
  facet normal 0 0 1
    outer loop
      vertex 13.025 77.31746824526945 1
      vertex 13.1609517862609 79.39169167536404 1
      vertex 13.025 79.48253175473056 1
    endloop
  endfacet
  facet normal 0 0 1
    outer loop
      vertex 13.025 77.31746824526945 1
      vertex 13.1609517862609 77.40830832463597 1
      vertex 13.1609517862609 79.39169167536404 1
    endloop
  endfacet
  facet normal 0 0 1
    outer loop
      vertex 13.1609517862609 77.40830832463597 1
      vertex 13.283883476483185 77.51611652351681 1
      vertex 13.283883476483185 79.2838834764832 1
    endloop
  endfacet
  facet normal 0 0 1
    outer loop
      vertex 13.283883476483185 77.51611652351681 1
      vertex 13.391691675364044 77.6390482137391 1
      vertex 13.391691675364044 79.16095178626091 1
    endloop
  endfacet
  facet normal 0 0 1
    outer loop
      vertex 13.391691675364044 77.6390482137391 1
      vertex 13.482531754730548 77.775 1
      vertex 13.482531754730548 79.025 1
    endloop
  endfacet
  facet normal 0 0 1
    outer loop
      vertex 13.482531754730548 77.775 1
      vertex 13.554849415639108 77.92164570954364 1
      vertex 13.554849415639108 78.87835429045637 1
    endloop
  endfacet
  facet normal 0 0 1
    outer loop
      vertex 13.283883476483185 77.51611652351681 1
      vertex 13.391691675364044 79.16095178626091 1
      vertex 13.283883476483185 79.2838834764832 1
    endloop
  endfacet
  facet normal 0 0 1
    outer loop
      vertex 13.1609517862609 77.40830832463597 1
      vertex 13.283883476483185 79.2838834764832 1
      vertex 13.1609517862609 79.39169167536404 1
    endloop
  endfacet
  facet normal 0 0 1
    outer loop
      vertex 13.391691675364044 77.6390482137391 1
      vertex 13.482531754730548 79.025 1
      vertex 13.391691675364044 79.16095178626091 1
    endloop
  endfacet
  facet normal 0 0 1
    outer loop
      vertex 13.482531754730548 77.775 1
      vertex 13.554849415639108 78.87835429045637 1
      vertex 13.482531754730548 79.025 1
    endloop
  endfacet
  facet normal 0 0 1
    outer loop
      vertex 13.554849415639108 77.92164570954364 1
      vertex 13.607407282861336 78.07647619362186 1
      vertex 13.607407282861336 78.72352380637815 1
    endloop
  endfacet
  facet normal 0 0 1
    outer loop
      vertex 13.607407282861336 78.07647619362186 1
      vertex 13.639306076717263 78.23684225972494 1
      vertex 13.639306076717263 78.56315774027507 1
    endloop
  endfacet
  facet normal 0 0 1
    outer loop
      vertex 13.607407282861336 78.07647619362186 1
      vertex 13.639306076717263 78.56315774027507 1
      vertex 13.607407282861336 78.72352380637815 1
    endloop
  endfacet
  facet normal 0 0 1
    outer loop
      vertex 13.639306076717263 78.23684225972494 1
      vertex 13.65 78.4 1
      vertex 13.639306076717263 78.56315774027507 1
    endloop
  endfacet
  facet normal 0 0 1
    outer loop
      vertex 13.554849415639108 77.92164570954364 1
      vertex 13.607407282861336 78.72352380637815 1
      vertex 13.554849415639108 78.87835429045637 1
    endloop
  endfacet
  facet normal 0.8314696123025507 0.5555702330195943 0
    outer loop
      vertex 11.317468245269453 77.775 1
      vertex 11.317468245269453 77.775 5
      vertex 11.408308324635957 77.6390482137391 1
    endloop
  endfacet
  facet normal 0.946930129495107 0.3214394653031574 0
    outer loop
      vertex 11.192592717138664 78.07647619362186 1
      vertex 11.192592717138664 78.07647619362186 5
      vertex 11.245150584360893 77.92164570954364 1
    endloop
  endfacet
  facet normal 0.98078528040323 0.19509032201613039 2.5824257721797996e-19
    outer loop
      vertex 11.192592717138664 78.07647619362186 1
      vertex 11.160693923282738 78.23684225972494 1
      vertex 11.160693923282738 78.23684225972494 5
    endloop
  endfacet
  facet normal 0.8968727415326844 0.442288690219009 1.2337769747569117e-18
    outer loop
      vertex 11.317468245269453 77.775 1
      vertex 11.245150584360893 77.92164570954364 1
      vertex 11.245150584360893 77.92164570954364 5
    endloop
  endfacet
  facet normal 0.9978589232386035 0.0654031292301431 -1.4366683486311897e-19
    outer loop
      vertex 11.160693923282738 78.23684225972494 1
      vertex 11.15 78.4 1
      vertex 11.15 78.4 5
    endloop
  endfacet
  facet normal 0.9978589232386035 -0.0654031292301431 1.4366683486311897e-19
    outer loop
      vertex 11.15 78.4 1
      vertex 11.160693923282738 78.56315774027507 1
      vertex 11.160693923282738 78.56315774027507 5
    endloop
  endfacet
  facet normal 0.98078528040323 -0.19509032201613039 -2.5824257721797996e-19
    outer loop
      vertex 11.160693923282738 78.56315774027507 1
      vertex 11.192592717138664 78.72352380637815 1
      vertex 11.192592717138664 78.72352380637815 5
    endloop
  endfacet
  facet normal 0.946930129495107 -0.3214394653031574 -1.2496294523345635e-18
    outer loop
      vertex 11.192592717138664 78.72352380637815 1
      vertex 11.245150584360893 78.87835429045637 1
      vertex 11.245150584360893 78.87835429045637 5
    endloop
  endfacet
  facet normal 0.8968727415326844 -0.442288690219009 -1.2337769747569117e-18
    outer loop
      vertex 11.245150584360893 78.87835429045637 1
      vertex 11.317468245269453 79.025 1
      vertex 11.317468245269453 79.025 5
    endloop
  endfacet
  facet normal 0.4422886902189655 0.896872741532706 0
    outer loop
      vertex 11.775 77.31746824526945 1
      vertex 11.775 77.31746824526945 5
      vertex 11.921645709543638 77.2451505843609 1
    endloop
  endfacet
  facet normal 0.3214394653031999 0.9469301294950927 0
    outer loop
      vertex 11.921645709543638 77.2451505843609 1
      vertex 11.921645709543638 77.2451505843609 5
      vertex 12.076476193621849 77.19259271713867 1
    endloop
  endfacet
  facet normal 0.19509032201614296 0.9807852804032275 0
    outer loop
      vertex 12.076476193621849 77.19259271713867 1
      vertex 12.076476193621849 77.19259271713867 5
      vertex 12.236842259724936 77.16069392328274 1
    endloop
  endfacet
  facet normal 0.06540312923010126 0.9978589232386063 0
    outer loop
      vertex 12.236842259724936 77.16069392328274 1
      vertex 12.236842259724936 77.16069392328274 5
      vertex 12.4 77.15 1
    endloop
  endfacet
  facet normal -0.06540312923010126 0.9978589232386063 0
    outer loop
      vertex 12.4 77.15 1
      vertex 12.4 77.15 5
      vertex 12.563157740275065 77.16069392328274 1
    endloop
  endfacet
  facet normal -0.19509032201614296 0.9807852804032275 0
    outer loop
      vertex 12.563157740275065 77.16069392328274 1
      vertex 12.563157740275065 77.16069392328274 5
      vertex 12.723523806378152 77.19259271713867 1
    endloop
  endfacet
  facet normal -0.3214394653031999 0.9469301294950927 0
    outer loop
      vertex 12.723523806378152 77.19259271713867 1
      vertex 12.723523806378152 77.19259271713867 5
      vertex 12.878354290456363 77.2451505843609 1
    endloop
  endfacet
  facet normal -0.4422886902189655 0.896872741532706 0
    outer loop
      vertex 12.878354290456363 77.2451505843609 1
      vertex 12.878354290456363 77.2451505843609 5
      vertex 13.025 77.31746824526945 1
    endloop
  endfacet
  facet normal 0.7518398074789905 0.659345815100054 6.355650722209676e-19
    outer loop
      vertex 11.516116523516816 77.51611652351681 1
      vertex 11.408308324635957 77.6390482137391 1
      vertex 11.408308324635957 77.6390482137391 5
    endloop
  endfacet
  facet normal 0.6593458151000217 0.7518398074790187 0
    outer loop
      vertex 11.516116523516816 77.51611652351681 1
      vertex 11.516116523516816 77.51611652351681 5
      vertex 11.6390482137391 77.40830832463597 1
    endloop
  endfacet
  facet normal 0.5555702330196494 0.8314696123025138 0
    outer loop
      vertex 11.6390482137391 77.40830832463597 1
      vertex 11.6390482137391 77.40830832463597 5
      vertex 11.775 77.31746824526945 1
    endloop
  endfacet
  facet normal 0.8314696123025507 -0.5555702330195943 4.192074481376939e-19
    outer loop
      vertex 11.317468245269453 79.025 1
      vertex 11.408308324635957 79.16095178626091 1
      vertex 11.408308324635957 79.16095178626091 5
    endloop
  endfacet
  facet normal 0.7518398074789905 -0.659345815100054 -6.355650722209676e-19
    outer loop
      vertex 11.408308324635957 79.16095178626091 1
      vertex 11.516116523516816 79.2838834764832 1
      vertex 11.516116523516816 79.2838834764832 5
    endloop
  endfacet
  facet normal 0.6593458151000217 -0.7518398074790187 -5.441829953051102e-19
    outer loop
      vertex 11.516116523516816 79.2838834764832 1
      vertex 11.6390482137391 79.39169167536404 1
      vertex 11.6390482137391 79.39169167536404 5
    endloop
  endfacet
  facet normal 0.5555702330196494 -0.8314696123025138 1.0751143852915078e-18
    outer loop
      vertex 11.6390482137391 79.39169167536404 1
      vertex 11.775 79.48253175473056 1
      vertex 11.775 79.48253175473056 5
    endloop
  endfacet
  facet normal 0.4422886902189655 -0.896872741532706 -5.1507427229519946e-20
    outer loop
      vertex 11.775 79.48253175473056 1
      vertex 11.921645709543638 79.55484941563911 1
      vertex 11.921645709543638 79.55484941563911 5
    endloop
  endfacet
  facet normal 0.3214394653031999 -0.9469301294950927 -2.8888543994867046e-19
    outer loop
      vertex 11.921645709543638 79.55484941563911 1
      vertex 12.076476193621849 79.60740728286135 1
      vertex 12.076476193621849 79.60740728286135 5
    endloop
  endfacet
  facet normal 0.19509032201614296 -0.9807852804032275 -2.705528287069424e-20
    outer loop
      vertex 12.076476193621849 79.60740728286135 1
      vertex 12.236842259724936 79.63930607671728 1
      vertex 12.236842259724936 79.63930607671728 5
    endloop
  endfacet
  facet normal 0.06540312923010126 -0.9978589232386063 -4.268513998180846e-20
    outer loop
      vertex 12.236842259724936 79.63930607671728 1
      vertex 12.4 79.65 1
      vertex 12.4 79.65 5
    endloop
  endfacet
  facet normal -0.06540312923010126 -0.9978589232386063 4.268513998180846e-20
    outer loop
      vertex 12.4 79.65 1
      vertex 12.563157740275065 79.63930607671728 1
      vertex 12.563157740275065 79.63930607671728 5
    endloop
  endfacet
  facet normal -0.5555702330196494 0.8314696123025138 0
    outer loop
      vertex 13.025 77.31746824526945 1
      vertex 13.025 77.31746824526945 5
      vertex 13.1609517862609 77.40830832463597 1
    endloop
  endfacet
  facet normal -0.6593458151000217 0.7518398074790187 0
    outer loop
      vertex 13.1609517862609 77.40830832463597 1
      vertex 13.1609517862609 77.40830832463597 5
      vertex 13.283883476483185 77.51611652351681 1
    endloop
  endfacet
  facet normal -0.7518398074789905 0.659345815100054 0
    outer loop
      vertex 13.283883476483185 77.51611652351681 1
      vertex 13.283883476483185 77.51611652351681 5
      vertex 13.391691675364044 77.6390482137391 1
    endloop
  endfacet
  facet normal -0.8314696123025507 0.5555702330195943 0
    outer loop
      vertex 13.391691675364044 77.6390482137391 1
      vertex 13.391691675364044 77.6390482137391 5
      vertex 13.482531754730548 77.775 1
    endloop
  endfacet
  facet normal -0.8968727415326844 0.442288690219009 0
    outer loop
      vertex 13.482531754730548 77.775 1
      vertex 13.482531754730548 77.775 5
      vertex 13.554849415639108 77.92164570954364 1
    endloop
  endfacet
  facet normal -0.946930129495107 0.3214394653031574 0
    outer loop
      vertex 13.554849415639108 77.92164570954364 1
      vertex 13.554849415639108 77.92164570954364 5
      vertex 13.607407282861336 78.07647619362186 1
    endloop
  endfacet
  facet normal -0.98078528040323 0.19509032201613039 0
    outer loop
      vertex 13.607407282861336 78.07647619362186 1
      vertex 13.607407282861336 78.07647619362186 5
      vertex 13.639306076717263 78.23684225972494 1
    endloop
  endfacet
  facet normal -0.9978589232386035 0.0654031292301431 0
    outer loop
      vertex 13.639306076717263 78.23684225972494 1
      vertex 13.639306076717263 78.23684225972494 5
      vertex 13.65 78.4 1
    endloop
  endfacet
  facet normal -0.9978589232386035 -0.0654031292301431 0
    outer loop
      vertex 13.65 78.4 1
      vertex 13.65 78.4 5
      vertex 13.639306076717263 78.56315774027507 1
    endloop
  endfacet
  facet normal -0.98078528040323 -0.19509032201613039 2.5824257721797996e-19
    outer loop
      vertex 13.607407282861336 78.72352380637815 1
      vertex 13.639306076717263 78.56315774027507 1
      vertex 13.639306076717263 78.56315774027507 5
    endloop
  endfacet
  facet normal -0.8314696123025507 -0.5555702330195943 -4.192074481376939e-19
    outer loop
      vertex 13.391691675364044 79.16095178626091 1
      vertex 13.482531754730548 79.025 1
      vertex 13.482531754730548 79.025 5
    endloop
  endfacet
  facet normal -0.946930129495107 -0.3214394653031574 1.2496294523345635e-18
    outer loop
      vertex 13.554849415639108 78.87835429045637 1
      vertex 13.607407282861336 78.72352380637815 1
      vertex 13.607407282861336 78.72352380637815 5
    endloop
  endfacet
  facet normal -0.8968727415326844 -0.442288690219009 0
    outer loop
      vertex 13.554849415639108 78.87835429045637 1
      vertex 13.554849415639108 78.87835429045637 5
      vertex 13.482531754730548 79.025 1
    endloop
  endfacet
  facet normal -0.19509032201614296 -0.9807852804032275 2.705528287069424e-20
    outer loop
      vertex 12.563157740275065 79.63930607671728 1
      vertex 12.723523806378152 79.60740728286135 1
      vertex 12.723523806378152 79.60740728286135 5
    endloop
  endfacet
  facet normal -0.3214394653031999 -0.9469301294950927 2.8888543994867046e-19
    outer loop
      vertex 12.723523806378152 79.60740728286135 1
      vertex 12.878354290456363 79.55484941563911 1
      vertex 12.878354290456363 79.55484941563911 5
    endloop
  endfacet
  facet normal -0.4422886902189655 -0.896872741532706 0
    outer loop
      vertex 13.025 79.48253175473056 1
      vertex 13.025 79.48253175473056 5
      vertex 12.878354290456363 79.55484941563911 1
    endloop
  endfacet
  facet normal -0.5555702330196494 -0.8314696123025138 -1.0751143852915078e-18
    outer loop
      vertex 13.025 79.48253175473056 1
      vertex 13.1609517862609 79.39169167536404 1
      vertex 13.1609517862609 79.39169167536404 5
    endloop
  endfacet
  facet normal -0.6593458151000217 -0.7518398074790187 5.441829953051102e-19
    outer loop
      vertex 13.1609517862609 79.39169167536404 1
      vertex 13.283883476483185 79.2838834764832 1
      vertex 13.283883476483185 79.2838834764832 5
    endloop
  endfacet
  facet normal -0.7518398074789905 -0.659345815100054 0
    outer loop
      vertex 13.391691675364044 79.16095178626091 1
      vertex 13.391691675364044 79.16095178626091 5
      vertex 13.283883476483185 79.2838834764832 1
    endloop
  endfacet
  facet normal 0.946930129495107 0.3214394653031574 0
    outer loop
      vertex 11.245150584360893 77.92164570954364 1
      vertex 11.192592717138664 78.07647619362186 5
      vertex 11.245150584360893 77.92164570954364 5
    endloop
  endfacet
  facet normal 0.98078528040323 0.19509032201613039 0
    outer loop
      vertex 11.192592717138664 78.07647619362186 1
      vertex 11.160693923282738 78.23684225972494 5
      vertex 11.192592717138664 78.07647619362186 5
    endloop
  endfacet
  facet normal 0.8968727415326844 0.442288690219009 0
    outer loop
      vertex 11.317468245269453 77.775 1
      vertex 11.245150584360893 77.92164570954364 5
      vertex 11.317468245269453 77.775 5
    endloop
  endfacet
  facet normal 0.9978589232386035 0.0654031292301431 0
    outer loop
      vertex 11.160693923282738 78.23684225972494 1
      vertex 11.15 78.4 5
      vertex 11.160693923282738 78.23684225972494 5
    endloop
  endfacet
  facet normal 0.9978589232386035 -0.0654031292301431 0
    outer loop
      vertex 11.15 78.4 1
      vertex 11.160693923282738 78.56315774027507 5
      vertex 11.15 78.4 5
    endloop
  endfacet
  facet normal 0.98078528040323 -0.19509032201613039 0
    outer loop
      vertex 11.160693923282738 78.56315774027507 1
      vertex 11.192592717138664 78.72352380637815 5
      vertex 11.160693923282738 78.56315774027507 5
    endloop
  endfacet
  facet normal 0.946930129495107 -0.3214394653031574 0
    outer loop
      vertex 11.192592717138664 78.72352380637815 1
      vertex 11.245150584360893 78.87835429045637 5
      vertex 11.192592717138664 78.72352380637815 5
    endloop
  endfacet
  facet normal 0.8968727415326844 -0.442288690219009 0
    outer loop
      vertex 11.245150584360893 78.87835429045637 1
      vertex 11.317468245269453 79.025 5
      vertex 11.245150584360893 78.87835429045637 5
    endloop
  endfacet
  facet normal 0.8314696123025507 -0.5555702330195943 0
    outer loop
      vertex 11.317468245269453 79.025 1
      vertex 11.408308324635957 79.16095178626091 5
      vertex 11.317468245269453 79.025 5
    endloop
  endfacet
  facet normal 0.4422886902189655 0.896872741532706 0
    outer loop
      vertex 11.921645709543638 77.2451505843609 1
      vertex 11.775 77.31746824526945 5
      vertex 11.921645709543638 77.2451505843609 5
    endloop
  endfacet
  facet normal 0.3214394653031999 0.9469301294950927 0
    outer loop
      vertex 12.076476193621849 77.19259271713867 1
      vertex 11.921645709543638 77.2451505843609 5
      vertex 12.076476193621849 77.19259271713867 5
    endloop
  endfacet
  facet normal 0.19509032201614296 0.9807852804032275 0
    outer loop
      vertex 12.236842259724936 77.16069392328274 1
      vertex 12.076476193621849 77.19259271713867 5
      vertex 12.236842259724936 77.16069392328274 5
    endloop
  endfacet
  facet normal 0.06540312923010126 0.9978589232386063 0
    outer loop
      vertex 12.4 77.15 1
      vertex 12.236842259724936 77.16069392328274 5
      vertex 12.4 77.15 5
    endloop
  endfacet
  facet normal -0.06540312923010126 0.9978589232386063 0
    outer loop
      vertex 12.563157740275065 77.16069392328274 1
      vertex 12.4 77.15 5
      vertex 12.563157740275065 77.16069392328274 5
    endloop
  endfacet
  facet normal -0.19509032201614296 0.9807852804032275 0
    outer loop
      vertex 12.723523806378152 77.19259271713867 1
      vertex 12.563157740275065 77.16069392328274 5
      vertex 12.723523806378152 77.19259271713867 5
    endloop
  endfacet
  facet normal -0.3214394653031999 0.9469301294950927 0
    outer loop
      vertex 12.878354290456363 77.2451505843609 1
      vertex 12.723523806378152 77.19259271713867 5
      vertex 12.878354290456363 77.2451505843609 5
    endloop
  endfacet
  facet normal -0.4422886902189655 0.896872741532706 0
    outer loop
      vertex 13.025 77.31746824526945 1
      vertex 12.878354290456363 77.2451505843609 5
      vertex 13.025 77.31746824526945 5
    endloop
  endfacet
  facet normal 0.8314696123025507 0.5555702330195943 0
    outer loop
      vertex 11.408308324635957 77.6390482137391 1
      vertex 11.317468245269453 77.775 5
      vertex 11.408308324635957 77.6390482137391 5
    endloop
  endfacet
  facet normal 0.7518398074789905 0.659345815100054 0
    outer loop
      vertex 11.516116523516816 77.51611652351681 1
      vertex 11.408308324635957 77.6390482137391 5
      vertex 11.516116523516816 77.51611652351681 5
    endloop
  endfacet
  facet normal 0.6593458151000217 0.7518398074790187 0
    outer loop
      vertex 11.6390482137391 77.40830832463597 1
      vertex 11.516116523516816 77.51611652351681 5
      vertex 11.6390482137391 77.40830832463597 5
    endloop
  endfacet
  facet normal 0.5555702330196494 0.8314696123025138 0
    outer loop
      vertex 11.775 77.31746824526945 1
      vertex 11.6390482137391 77.40830832463597 5
      vertex 11.775 77.31746824526945 5
    endloop
  endfacet
  facet normal 0.7518398074789905 -0.659345815100054 0
    outer loop
      vertex 11.408308324635957 79.16095178626091 1
      vertex 11.516116523516816 79.2838834764832 5
      vertex 11.408308324635957 79.16095178626091 5
    endloop
  endfacet
  facet normal 0.6593458151000217 -0.7518398074790187 0
    outer loop
      vertex 11.516116523516816 79.2838834764832 1
      vertex 11.6390482137391 79.39169167536404 5
      vertex 11.516116523516816 79.2838834764832 5
    endloop
  endfacet
  facet normal 0.5555702330196494 -0.8314696123025138 0
    outer loop
      vertex 11.6390482137391 79.39169167536404 1
      vertex 11.775 79.48253175473056 5
      vertex 11.6390482137391 79.39169167536404 5
    endloop
  endfacet
  facet normal 0.4422886902189655 -0.896872741532706 0
    outer loop
      vertex 11.775 79.48253175473056 1
      vertex 11.921645709543638 79.55484941563911 5
      vertex 11.775 79.48253175473056 5
    endloop
  endfacet
  facet normal 0.3214394653031999 -0.9469301294950927 0
    outer loop
      vertex 11.921645709543638 79.55484941563911 1
      vertex 12.076476193621849 79.60740728286135 5
      vertex 11.921645709543638 79.55484941563911 5
    endloop
  endfacet
  facet normal 0.19509032201614296 -0.9807852804032275 0
    outer loop
      vertex 12.076476193621849 79.60740728286135 1
      vertex 12.236842259724936 79.63930607671728 5
      vertex 12.076476193621849 79.60740728286135 5
    endloop
  endfacet
  facet normal 0.06540312923010126 -0.9978589232386063 0
    outer loop
      vertex 12.236842259724936 79.63930607671728 1
      vertex 12.4 79.65 5
      vertex 12.236842259724936 79.63930607671728 5
    endloop
  endfacet
  facet normal -0.06540312923010126 -0.9978589232386063 0
    outer loop
      vertex 12.4 79.65 1
      vertex 12.563157740275065 79.63930607671728 5
      vertex 12.4 79.65 5
    endloop
  endfacet
  facet normal -0.5555702330196494 0.8314696123025138 0
    outer loop
      vertex 13.1609517862609 77.40830832463597 1
      vertex 13.025 77.31746824526945 5
      vertex 13.1609517862609 77.40830832463597 5
    endloop
  endfacet
  facet normal -0.6593458151000217 0.7518398074790187 0
    outer loop
      vertex 13.283883476483185 77.51611652351681 1
      vertex 13.1609517862609 77.40830832463597 5
      vertex 13.283883476483185 77.51611652351681 5
    endloop
  endfacet
  facet normal -0.7518398074789905 0.659345815100054 0
    outer loop
      vertex 13.391691675364044 77.6390482137391 1
      vertex 13.283883476483185 77.51611652351681 5
      vertex 13.391691675364044 77.6390482137391 5
    endloop
  endfacet
  facet normal -0.8314696123025507 0.5555702330195943 0
    outer loop
      vertex 13.482531754730548 77.775 1
      vertex 13.391691675364044 77.6390482137391 5
      vertex 13.482531754730548 77.775 5
    endloop
  endfacet
  facet normal -0.8968727415326844 0.442288690219009 0
    outer loop
      vertex 13.554849415639108 77.92164570954364 1
      vertex 13.482531754730548 77.775 5
      vertex 13.554849415639108 77.92164570954364 5
    endloop
  endfacet
  facet normal -0.946930129495107 0.3214394653031574 0
    outer loop
      vertex 13.607407282861336 78.07647619362186 1
      vertex 13.554849415639108 77.92164570954364 5
      vertex 13.607407282861336 78.07647619362186 5
    endloop
  endfacet
  facet normal -0.98078528040323 0.19509032201613039 0
    outer loop
      vertex 13.639306076717263 78.23684225972494 1
      vertex 13.607407282861336 78.07647619362186 5
      vertex 13.639306076717263 78.23684225972494 5
    endloop
  endfacet
  facet normal -0.9978589232386035 0.0654031292301431 0
    outer loop
      vertex 13.65 78.4 1
      vertex 13.639306076717263 78.23684225972494 5
      vertex 13.65 78.4 5
    endloop
  endfacet
  facet normal -0.9978589232386035 -0.0654031292301431 0
    outer loop
      vertex 13.639306076717263 78.56315774027507 1
      vertex 13.65 78.4 5
      vertex 13.639306076717263 78.56315774027507 5
    endloop
  endfacet
  facet normal -0.98078528040323 -0.19509032201613039 0
    outer loop
      vertex 13.607407282861336 78.72352380637815 1
      vertex 13.639306076717263 78.56315774027507 5
      vertex 13.607407282861336 78.72352380637815 5
    endloop
  endfacet
  facet normal -0.8314696123025507 -0.5555702330195943 0
    outer loop
      vertex 13.391691675364044 79.16095178626091 1
      vertex 13.482531754730548 79.025 5
      vertex 13.391691675364044 79.16095178626091 5
    endloop
  endfacet
  facet normal -0.8968727415326844 -0.442288690219009 0
    outer loop
      vertex 13.482531754730548 79.025 1
      vertex 13.554849415639108 78.87835429045637 5
      vertex 13.482531754730548 79.025 5
    endloop
  endfacet
  facet normal -0.946930129495107 -0.3214394653031574 0
    outer loop
      vertex 13.554849415639108 78.87835429045637 1
      vertex 13.607407282861336 78.72352380637815 5
      vertex 13.554849415639108 78.87835429045637 5
    endloop
  endfacet
  facet normal -0.3214394653031999 -0.9469301294950927 0
    outer loop
      vertex 12.723523806378152 79.60740728286135 1
      vertex 12.878354290456363 79.55484941563911 5
      vertex 12.723523806378152 79.60740728286135 5
    endloop
  endfacet
  facet normal -0.19509032201614296 -0.9807852804032275 0
    outer loop
      vertex 12.563157740275065 79.63930607671728 1
      vertex 12.723523806378152 79.60740728286135 5
      vertex 12.563157740275065 79.63930607671728 5
    endloop
  endfacet
  facet normal -0.4422886902189655 -0.896872741532706 0
    outer loop
      vertex 12.878354290456363 79.55484941563911 1
      vertex 13.025 79.48253175473056 5
      vertex 12.878354290456363 79.55484941563911 5
    endloop
  endfacet
  facet normal -0.5555702330196494 -0.8314696123025138 0
    outer loop
      vertex 13.025 79.48253175473056 1
      vertex 13.1609517862609 79.39169167536404 5
      vertex 13.025 79.48253175473056 5
    endloop
  endfacet
  facet normal -0.6593458151000217 -0.7518398074790187 0
    outer loop
      vertex 13.1609517862609 79.39169167536404 1
      vertex 13.283883476483185 79.2838834764832 5
      vertex 13.1609517862609 79.39169167536404 5
    endloop
  endfacet
  facet normal -0.7518398074789905 -0.659345815100054 0
    outer loop
      vertex 13.283883476483185 79.2838834764832 1
      vertex 13.391691675364044 79.16095178626091 5
      vertex 13.283883476483185 79.2838834764832 5
    endloop
  endfacet
  facet normal 0 0 1
    outer loop
      vertex 59.31746824526946 77.775 1
      vertex 59.40830832463596 77.6390482137391 1
      vertex 59.40830832463596 79.16095178626091 1
    endloop
  endfacet
  facet normal 0 0 1
    outer loop
      vertex 59.51611652351682 77.51611652351681 1
      vertex 59.51611652351682 79.2838834764832 1
      vertex 59.40830832463596 77.6390482137391 1
    endloop
  endfacet
  facet normal 0 0 1
    outer loop
      vertex 59.51611652351682 77.51611652351681 1
      vertex 59.6390482137391 77.40830832463597 1
      vertex 59.6390482137391 79.39169167536404 1
    endloop
  endfacet
  facet normal 0 0 1
    outer loop
      vertex 59.19259271713867 78.07647619362186 1
      vertex 59.19259271713867 78.72352380637815 1
      vertex 59.16069392328274 78.23684225972494 1
    endloop
  endfacet
  facet normal 0 0 1
    outer loop
      vertex 59.16069392328274 78.23684225972494 1
      vertex 59.16069392328274 78.56315774027507 1
      vertex 59.150000000000006 78.4 1
    endloop
  endfacet
  facet normal 0 0 1
    outer loop
      vertex 59.19259271713867 78.07647619362186 1
      vertex 59.2451505843609 77.92164570954364 1
      vertex 59.2451505843609 78.87835429045637 1
    endloop
  endfacet
  facet normal 0 0 1
    outer loop
      vertex 59.16069392328274 78.23684225972494 1
      vertex 59.19259271713867 78.72352380637815 1
      vertex 59.16069392328274 78.56315774027507 1
    endloop
  endfacet
  facet normal 0 0 1
    outer loop
      vertex 59.19259271713867 78.07647619362186 1
      vertex 59.2451505843609 78.87835429045637 1
      vertex 59.19259271713867 78.72352380637815 1
    endloop
  endfacet
  facet normal 0 0 1
    outer loop
      vertex 59.2451505843609 77.92164570954364 1
      vertex 59.31746824526946 79.025 1
      vertex 59.2451505843609 78.87835429045637 1
    endloop
  endfacet
  facet normal 0 0 1
    outer loop
      vertex 59.2451505843609 77.92164570954364 1
      vertex 59.31746824526946 77.775 1
      vertex 59.31746824526946 79.025 1
    endloop
  endfacet
  facet normal 0 0 1
    outer loop
      vertex 59.31746824526946 77.775 1
      vertex 59.40830832463596 79.16095178626091 1
      vertex 59.31746824526946 79.025 1
    endloop
  endfacet
  facet normal 0 0 1
    outer loop
      vertex 59.40830832463596 77.6390482137391 1
      vertex 59.51611652351682 79.2838834764832 1
      vertex 59.40830832463596 79.16095178626091 1
    endloop
  endfacet
  facet normal 0 0 1
    outer loop
      vertex 59.51611652351682 77.51611652351681 1
      vertex 59.6390482137391 79.39169167536404 1
      vertex 59.51611652351682 79.2838834764832 1
    endloop
  endfacet
  facet normal 0 0 1
    outer loop
      vertex 59.6390482137391 77.40830832463597 1
      vertex 59.775000000000006 79.48253175473056 1
      vertex 59.6390482137391 79.39169167536404 1
    endloop
  endfacet
  facet normal 0 0 1
    outer loop
      vertex 59.6390482137391 77.40830832463597 1
      vertex 59.775000000000006 77.31746824526945 1
      vertex 59.775000000000006 79.48253175473056 1
    endloop
  endfacet
  facet normal 0 0 1
    outer loop
      vertex 59.775000000000006 77.31746824526945 1
      vertex 59.92164570954365 77.2451505843609 1
      vertex 59.92164570954365 79.55484941563911 1
    endloop
  endfacet
  facet normal 0 0 1
    outer loop
      vertex 59.92164570954365 77.2451505843609 1
      vertex 60.07647619362186 77.19259271713867 1
      vertex 60.07647619362186 79.60740728286135 1
    endloop
  endfacet
  facet normal 0 0 1
    outer loop
      vertex 60.07647619362186 77.19259271713867 1
      vertex 60.23684225972494 77.16069392328274 1
      vertex 60.23684225972494 79.63930607671728 1
    endloop
  endfacet
  facet normal 0 0 1
    outer loop
      vertex 59.775000000000006 77.31746824526945 1
      vertex 59.92164570954365 79.55484941563911 1
      vertex 59.775000000000006 79.48253175473056 1
    endloop
  endfacet
  facet normal 0 0 1
    outer loop
      vertex 59.92164570954365 77.2451505843609 1
      vertex 60.07647619362186 79.60740728286135 1
      vertex 59.92164570954365 79.55484941563911 1
    endloop
  endfacet
  facet normal 0 0 1
    outer loop
      vertex 60.07647619362186 77.19259271713867 1
      vertex 60.23684225972494 79.63930607671728 1
      vertex 60.07647619362186 79.60740728286135 1
    endloop
  endfacet
  facet normal 0 0 1
    outer loop
      vertex 60.400000000000006 77.15 1
      vertex 60.400000000000006 79.65 1
      vertex 60.23684225972494 77.16069392328274 1
    endloop
  endfacet
  facet normal 0 0 1
    outer loop
      vertex 60.400000000000006 77.15 1
      vertex 60.563157740275074 77.16069392328274 1
      vertex 60.563157740275074 79.63930607671728 1
    endloop
  endfacet
  facet normal 0 0 1
    outer loop
      vertex 60.563157740275074 77.16069392328274 1
      vertex 60.723523806378154 77.19259271713867 1
      vertex 60.723523806378154 79.60740728286135 1
    endloop
  endfacet
  facet normal 0 0 1
    outer loop
      vertex 60.723523806378154 77.19259271713867 1
      vertex 60.878354290456365 77.2451505843609 1
      vertex 60.878354290456365 79.55484941563911 1
    endloop
  endfacet
  facet normal 0 0 1
    outer loop
      vertex 60.23684225972494 77.16069392328274 1
      vertex 60.400000000000006 79.65 1
      vertex 60.23684225972494 79.63930607671728 1
    endloop
  endfacet
  facet normal 0 0 1
    outer loop
      vertex 60.400000000000006 77.15 1
      vertex 60.563157740275074 79.63930607671728 1
      vertex 60.400000000000006 79.65 1
    endloop
  endfacet
  facet normal 0 0 1
    outer loop
      vertex 60.563157740275074 77.16069392328274 1
      vertex 60.723523806378154 79.60740728286135 1
      vertex 60.563157740275074 79.63930607671728 1
    endloop
  endfacet
  facet normal 0 0 1
    outer loop
      vertex 60.723523806378154 77.19259271713867 1
      vertex 60.878354290456365 79.55484941563911 1
      vertex 60.723523806378154 79.60740728286135 1
    endloop
  endfacet
  facet normal 0 0 1
    outer loop
      vertex 60.878354290456365 77.2451505843609 1
      vertex 61.025000000000006 77.31746824526945 1
      vertex 61.025000000000006 79.48253175473056 1
    endloop
  endfacet
  facet normal 0 0 1
    outer loop
      vertex 61.025000000000006 77.31746824526945 1
      vertex 61.16095178626091 77.40830832463597 1
      vertex 61.16095178626091 79.39169167536404 1
    endloop
  endfacet
  facet normal 0 0 1
    outer loop
      vertex 61.16095178626091 77.40830832463597 1
      vertex 61.28388347648319 77.51611652351681 1
      vertex 61.28388347648319 79.2838834764832 1
    endloop
  endfacet
  facet normal 0 0 1
    outer loop
      vertex 61.28388347648319 77.51611652351681 1
      vertex 61.39169167536405 77.6390482137391 1
      vertex 61.39169167536405 79.16095178626091 1
    endloop
  endfacet
  facet normal 0 0 1
    outer loop
      vertex 60.878354290456365 77.2451505843609 1
      vertex 61.025000000000006 79.48253175473056 1
      vertex 60.878354290456365 79.55484941563911 1
    endloop
  endfacet
  facet normal 0 0 1
    outer loop
      vertex 61.025000000000006 77.31746824526945 1
      vertex 61.16095178626091 79.39169167536404 1
      vertex 61.025000000000006 79.48253175473056 1
    endloop
  endfacet
  facet normal 0 0 1
    outer loop
      vertex 61.28388347648319 77.51611652351681 1
      vertex 61.39169167536405 79.16095178626091 1
      vertex 61.28388347648319 79.2838834764832 1
    endloop
  endfacet
  facet normal 0 0 1
    outer loop
      vertex 61.39169167536405 77.6390482137391 1
      vertex 61.48253175473055 79.025 1
      vertex 61.39169167536405 79.16095178626091 1
    endloop
  endfacet
  facet normal 0 0 1
    outer loop
      vertex 61.16095178626091 77.40830832463597 1
      vertex 61.28388347648319 79.2838834764832 1
      vertex 61.16095178626091 79.39169167536404 1
    endloop
  endfacet
  facet normal 0 0 1
    outer loop
      vertex 61.39169167536405 77.6390482137391 1
      vertex 61.48253175473055 77.775 1
      vertex 61.48253175473055 79.025 1
    endloop
  endfacet
  facet normal 0 0 1
    outer loop
      vertex 61.48253175473055 77.775 1
      vertex 61.55484941563911 77.92164570954364 1
      vertex 61.55484941563911 78.87835429045637 1
    endloop
  endfacet
  facet normal 0 0 1
    outer loop
      vertex 61.48253175473055 77.775 1
      vertex 61.55484941563911 78.87835429045637 1
      vertex 61.48253175473055 79.025 1
    endloop
  endfacet
  facet normal 0 0 1
    outer loop
      vertex 61.55484941563911 77.92164570954364 1
      vertex 61.60740728286134 78.07647619362186 1
      vertex 61.60740728286134 78.72352380637815 1
    endloop
  endfacet
  facet normal 0 0 1
    outer loop
      vertex 61.60740728286134 78.07647619362186 1
      vertex 61.63930607671727 78.23684225972494 1
      vertex 61.63930607671727 78.56315774027507 1
    endloop
  endfacet
  facet normal 0 0 1
    outer loop
      vertex 61.60740728286134 78.07647619362186 1
      vertex 61.63930607671727 78.56315774027507 1
      vertex 61.60740728286134 78.72352380637815 1
    endloop
  endfacet
  facet normal 0 0 1
    outer loop
      vertex 61.63930607671727 78.23684225972494 1
      vertex 61.650000000000006 78.4 1
      vertex 61.63930607671727 78.56315774027507 1
    endloop
  endfacet
  facet normal 0 0 1
    outer loop
      vertex 61.55484941563911 77.92164570954364 1
      vertex 61.60740728286134 78.72352380637815 1
      vertex 61.55484941563911 78.87835429045637 1
    endloop
  endfacet
  facet normal 0.4422886902189569 0.8968727415327102 0
    outer loop
      vertex 59.775000000000006 77.31746824526945 1
      vertex 59.775000000000006 77.31746824526945 5
      vertex 59.92164570954365 77.2451505843609 1
    endloop
  endfacet
  facet normal 0.3214394653031999 0.9469301294950927 0
    outer loop
      vertex 59.92164570954365 77.2451505843609 1
      vertex 59.92164570954365 77.2451505843609 5
      vertex 60.07647619362186 77.19259271713867 1
    endloop
  endfacet
  facet normal 0.19509032201615129 0.9807852804032259 0
    outer loop
      vertex 60.07647619362186 77.19259271713867 1
      vertex 60.07647619362186 77.19259271713867 5
      vertex 60.23684225972494 77.16069392328274 1
    endloop
  endfacet
  facet normal 0.06540312923009983 0.9978589232386064 -2.668690710497892e-20
    outer loop
      vertex 60.400000000000006 77.15 1
      vertex 60.23684225972494 77.16069392328274 1
      vertex 60.23684225972494 77.16069392328274 5
    endloop
  endfacet
  facet normal -0.06540312923009983 0.9978589232386064 0
    outer loop
      vertex 60.400000000000006 77.15 1
      vertex 60.400000000000006 77.15 5
      vertex 60.563157740275074 77.16069392328274 1
    endloop
  endfacet
  facet normal -0.19509032201615129 0.9807852804032259 0
    outer loop
      vertex 60.563157740275074 77.16069392328274 1
      vertex 60.563157740275074 77.16069392328274 5
      vertex 60.723523806378154 77.19259271713867 1
    endloop
  endfacet
  facet normal -0.3214394653031999 0.9469301294950927 0
    outer loop
      vertex 60.723523806378154 77.19259271713867 1
      vertex 60.723523806378154 77.19259271713867 5
      vertex 60.878354290456365 77.2451505843609 1
    endloop
  endfacet
  facet normal -0.4422886902189569 0.8968727415327102 0
    outer loop
      vertex 60.878354290456365 77.2451505843609 1
      vertex 60.878354290456365 77.2451505843609 5
      vertex 61.025000000000006 77.31746824526945 1
    endloop
  endfacet
  facet normal 0.8314696123025607 0.5555702330195792 0
    outer loop
      vertex 59.31746824526946 77.775 1
      vertex 59.31746824526946 77.775 5
      vertex 59.40830832463596 77.6390482137391 1
    endloop
  endfacet
  facet normal 0.8968727415326844 0.442288690219009 0
    outer loop
      vertex 59.2451505843609 77.92164570954364 1
      vertex 59.2451505843609 77.92164570954364 5
      vertex 59.31746824526946 77.775 1
    endloop
  endfacet
  facet normal 0.9469301294951102 0.32143946530314765 0
    outer loop
      vertex 59.19259271713867 78.07647619362186 1
      vertex 59.19259271713867 78.07647619362186 5
      vertex 59.2451505843609 77.92164570954364 1
    endloop
  endfacet
  facet normal 0.9807852804032259 0.19509032201615129 4.446942041942829e-19
    outer loop
      vertex 59.19259271713867 78.07647619362186 1
      vertex 59.16069392328274 78.23684225972494 1
      vertex 59.16069392328274 78.23684225972494 5
    endloop
  endfacet
  facet normal 0.6593458151000324 0.7518398074790092 0
    outer loop
      vertex 59.51611652351682 77.51611652351681 1
      vertex 59.51611652351682 77.51611652351681 5
      vertex 59.6390482137391 77.40830832463597 1
    endloop
  endfacet
  facet normal 0.751839807478985 0.6593458151000601 9.484083109046994e-19
    outer loop
      vertex 59.51611652351682 77.51611652351681 1
      vertex 59.40830832463596 77.6390482137391 1
      vertex 59.40830832463596 77.6390482137391 5
    endloop
  endfacet
  facet normal 0.5555702330196393 0.8314696123025205 0
    outer loop
      vertex 59.6390482137391 77.40830832463597 1
      vertex 59.6390482137391 77.40830832463597 5
      vertex 59.775000000000006 77.31746824526945 1
    endloop
  endfacet
  facet normal 0.9978589232386035 0.0654031292301431 -1.4366683486311897e-19
    outer loop
      vertex 59.16069392328274 78.23684225972494 1
      vertex 59.150000000000006 78.4 1
      vertex 59.150000000000006 78.4 5
    endloop
  endfacet
  facet normal 0.9978589232386035 -0.0654031292301431 1.4366683486311897e-19
    outer loop
      vertex 59.150000000000006 78.4 1
      vertex 59.16069392328274 78.56315774027507 1
      vertex 59.16069392328274 78.56315774027507 5
    endloop
  endfacet
  facet normal 0.9807852804032259 -0.19509032201615129 -4.446942041942829e-19
    outer loop
      vertex 59.16069392328274 78.56315774027507 1
      vertex 59.19259271713867 78.72352380637815 1
      vertex 59.19259271713867 78.72352380637815 5
    endloop
  endfacet
  facet normal 0.9469301294951102 -0.32143946530314765 -4.656264256552236e-20
    outer loop
      vertex 59.19259271713867 78.72352380637815 1
      vertex 59.2451505843609 78.87835429045637 1
      vertex 59.2451505843609 78.87835429045637 5
    endloop
  endfacet
  facet normal 0.8968727415326844 -0.442288690219009 -1.2337769747569117e-18
    outer loop
      vertex 59.2451505843609 78.87835429045637 1
      vertex 59.31746824526946 79.025 1
      vertex 59.31746824526946 79.025 5
    endloop
  endfacet
  facet normal 0.8314696123025607 -0.5555702330195792 -7.1933805218926345e-19
    outer loop
      vertex 59.31746824526946 79.025 1
      vertex 59.40830832463596 79.16095178626091 1
      vertex 59.40830832463596 79.16095178626091 5
    endloop
  endfacet
  facet normal 0.751839807478985 -0.6593458151000601 -9.484083109046994e-19
    outer loop
      vertex 59.40830832463596 79.16095178626091 1
      vertex 59.51611652351682 79.2838834764832 1
      vertex 59.51611652351682 79.2838834764832 5
    endloop
  endfacet
  facet normal 0.6593458151000324 -0.7518398074790092 9.651881267916974e-21
    outer loop
      vertex 59.51611652351682 79.2838834764832 1
      vertex 59.6390482137391 79.39169167536404 1
      vertex 59.6390482137391 79.39169167536404 5
    endloop
  endfacet
  facet normal 0.5555702330196393 -0.8314696123025205 1.1824884786752296e-18
    outer loop
      vertex 59.6390482137391 79.39169167536404 1
      vertex 59.775000000000006 79.48253175473056 1
      vertex 59.775000000000006 79.48253175473056 5
    endloop
  endfacet
  facet normal 0.4422886902189569 -0.8968727415327102 2.311528770712197e-19
    outer loop
      vertex 59.775000000000006 79.48253175473056 1
      vertex 59.92164570954365 79.55484941563911 1
      vertex 59.92164570954365 79.55484941563911 5
    endloop
  endfacet
  facet normal 0.3214394653031999 -0.9469301294950927 -2.8888543994867046e-19
    outer loop
      vertex 59.92164570954365 79.55484941563911 1
      vertex 60.07647619362186 79.60740728286135 1
      vertex 60.07647619362186 79.60740728286135 5
    endloop
  endfacet
  facet normal 0.19509032201615129 -0.9807852804032259 -4.446942041942829e-19
    outer loop
      vertex 60.07647619362186 79.60740728286135 1
      vertex 60.23684225972494 79.63930607671728 1
      vertex 60.23684225972494 79.63930607671728 5
    endloop
  endfacet
  facet normal -0.5555702330196393 0.8314696123025205 0
    outer loop
      vertex 61.025000000000006 77.31746824526945 1
      vertex 61.025000000000006 77.31746824526945 5
      vertex 61.16095178626091 77.40830832463597 1
    endloop
  endfacet
  facet normal -0.6593458151000324 0.7518398074790092 0
    outer loop
      vertex 61.16095178626091 77.40830832463597 1
      vertex 61.16095178626091 77.40830832463597 5
      vertex 61.28388347648319 77.51611652351681 1
    endloop
  endfacet
  facet normal -0.751839807478985 0.6593458151000601 0
    outer loop
      vertex 61.28388347648319 77.51611652351681 1
      vertex 61.28388347648319 77.51611652351681 5
      vertex 61.39169167536405 77.6390482137391 1
    endloop
  endfacet
  facet normal -0.8314696123025607 0.5555702330195792 0
    outer loop
      vertex 61.39169167536405 77.6390482137391 1
      vertex 61.39169167536405 77.6390482137391 5
      vertex 61.48253175473055 77.775 1
    endloop
  endfacet
  facet normal 0.06540312923009983 -0.9978589232386064 2.668690710497892e-20
    outer loop
      vertex 60.23684225972494 79.63930607671728 1
      vertex 60.400000000000006 79.65 1
      vertex 60.400000000000006 79.65 5
    endloop
  endfacet
  facet normal -0.06540312923009983 -0.9978589232386064 -2.668690710497892e-20
    outer loop
      vertex 60.400000000000006 79.65 1
      vertex 60.563157740275074 79.63930607671728 1
      vertex 60.563157740275074 79.63930607671728 5
    endloop
  endfacet
  facet normal -0.3214394653031999 -0.9469301294950927 2.8888543994867046e-19
    outer loop
      vertex 60.723523806378154 79.60740728286135 1
      vertex 60.878354290456365 79.55484941563911 1
      vertex 60.878354290456365 79.55484941563911 5
    endloop
  endfacet
  facet normal -0.19509032201615129 -0.9807852804032259 4.446942041942829e-19
    outer loop
      vertex 60.563157740275074 79.63930607671728 1
      vertex 60.723523806378154 79.60740728286135 1
      vertex 60.723523806378154 79.60740728286135 5
    endloop
  endfacet
  facet normal -0.4422886902189569 -0.8968727415327102 0
    outer loop
      vertex 61.025000000000006 79.48253175473056 1
      vertex 61.025000000000006 79.48253175473056 5
      vertex 60.878354290456365 79.55484941563911 1
    endloop
  endfacet
  facet normal -0.5555702330196393 -0.8314696123025205 -1.1824884786752296e-18
    outer loop
      vertex 61.025000000000006 79.48253175473056 1
      vertex 61.16095178626091 79.39169167536404 1
      vertex 61.16095178626091 79.39169167536404 5
    endloop
  endfacet
  facet normal -0.6593458151000324 -0.7518398074790092 -9.651881267916974e-21
    outer loop
      vertex 61.16095178626091 79.39169167536404 1
      vertex 61.28388347648319 79.2838834764832 1
      vertex 61.28388347648319 79.2838834764832 5
    endloop
  endfacet
  facet normal -0.751839807478985 -0.6593458151000601 9.484083109046994e-19
    outer loop
      vertex 61.28388347648319 79.2838834764832 1
      vertex 61.39169167536405 79.16095178626091 1
      vertex 61.39169167536405 79.16095178626091 5
    endloop
  endfacet
  facet normal -0.8968727415326844 0.442288690219009 0
    outer loop
      vertex 61.48253175473055 77.775 1
      vertex 61.48253175473055 77.775 5
      vertex 61.55484941563911 77.92164570954364 1
    endloop
  endfacet
  facet normal -0.9469301294951102 0.32143946530314765 0
    outer loop
      vertex 61.55484941563911 77.92164570954364 1
      vertex 61.55484941563911 77.92164570954364 5
      vertex 61.60740728286134 78.07647619362186 1
    endloop
  endfacet
  facet normal -0.9807852804032259 0.19509032201615129 0
    outer loop
      vertex 61.60740728286134 78.07647619362186 1
      vertex 61.60740728286134 78.07647619362186 5
      vertex 61.63930607671727 78.23684225972494 1
    endloop
  endfacet
  facet normal -0.9978589232386035 0.0654031292301431 0
    outer loop
      vertex 61.63930607671727 78.23684225972494 1
      vertex 61.63930607671727 78.23684225972494 5
      vertex 61.650000000000006 78.4 1
    endloop
  endfacet
  facet normal -0.9978589232386035 -0.0654031292301431 0
    outer loop
      vertex 61.650000000000006 78.4 1
      vertex 61.650000000000006 78.4 5
      vertex 61.63930607671727 78.56315774027507 1
    endloop
  endfacet
  facet normal -0.9807852804032259 -0.19509032201615129 0
    outer loop
      vertex 61.63930607671727 78.56315774027507 1
      vertex 61.63930607671727 78.56315774027507 5
      vertex 61.60740728286134 78.72352380637815 1
    endloop
  endfacet
  facet normal -0.8314696123025607 -0.5555702330195792 7.1933805218926345e-19
    outer loop
      vertex 61.39169167536405 79.16095178626091 1
      vertex 61.48253175473055 79.025 1
      vertex 61.48253175473055 79.025 5
    endloop
  endfacet
  facet normal -0.8968727415326844 -0.442288690219009 0
    outer loop
      vertex 61.55484941563911 78.87835429045637 1
      vertex 61.55484941563911 78.87835429045637 5
      vertex 61.48253175473055 79.025 1
    endloop
  endfacet
  facet normal -0.9469301294951102 -0.32143946530314765 4.656264256552236e-20
    outer loop
      vertex 61.55484941563911 78.87835429045637 1
      vertex 61.60740728286134 78.72352380637815 1
      vertex 61.60740728286134 78.72352380637815 5
    endloop
  endfacet
  facet normal 0.4422886902189569 0.8968727415327102 0
    outer loop
      vertex 59.92164570954365 77.2451505843609 1
      vertex 59.775000000000006 77.31746824526945 5
      vertex 59.92164570954365 77.2451505843609 5
    endloop
  endfacet
  facet normal 0.3214394653031999 0.9469301294950927 0
    outer loop
      vertex 60.07647619362186 77.19259271713867 1
      vertex 59.92164570954365 77.2451505843609 5
      vertex 60.07647619362186 77.19259271713867 5
    endloop
  endfacet
  facet normal 0.19509032201615129 0.9807852804032259 0
    outer loop
      vertex 60.23684225972494 77.16069392328274 1
      vertex 60.07647619362186 77.19259271713867 5
      vertex 60.23684225972494 77.16069392328274 5
    endloop
  endfacet
  facet normal 0.06540312923009983 0.9978589232386064 0
    outer loop
      vertex 60.400000000000006 77.15 1
      vertex 60.23684225972494 77.16069392328274 5
      vertex 60.400000000000006 77.15 5
    endloop
  endfacet
  facet normal -0.06540312923009983 0.9978589232386064 0
    outer loop
      vertex 60.563157740275074 77.16069392328274 1
      vertex 60.400000000000006 77.15 5
      vertex 60.563157740275074 77.16069392328274 5
    endloop
  endfacet
  facet normal -0.19509032201615129 0.9807852804032259 0
    outer loop
      vertex 60.723523806378154 77.19259271713867 1
      vertex 60.563157740275074 77.16069392328274 5
      vertex 60.723523806378154 77.19259271713867 5
    endloop
  endfacet
  facet normal -0.3214394653031999 0.9469301294950927 0
    outer loop
      vertex 60.878354290456365 77.2451505843609 1
      vertex 60.723523806378154 77.19259271713867 5
      vertex 60.878354290456365 77.2451505843609 5
    endloop
  endfacet
  facet normal -0.4422886902189569 0.8968727415327102 0
    outer loop
      vertex 61.025000000000006 77.31746824526945 1
      vertex 60.878354290456365 77.2451505843609 5
      vertex 61.025000000000006 77.31746824526945 5
    endloop
  endfacet
  facet normal 0.8314696123025607 0.5555702330195792 0
    outer loop
      vertex 59.40830832463596 77.6390482137391 1
      vertex 59.31746824526946 77.775 5
      vertex 59.40830832463596 77.6390482137391 5
    endloop
  endfacet
  facet normal 0.9469301294951102 0.32143946530314765 0
    outer loop
      vertex 59.2451505843609 77.92164570954364 1
      vertex 59.19259271713867 78.07647619362186 5
      vertex 59.2451505843609 77.92164570954364 5
    endloop
  endfacet
  facet normal 0.9807852804032259 0.19509032201615129 0
    outer loop
      vertex 59.19259271713867 78.07647619362186 1
      vertex 59.16069392328274 78.23684225972494 5
      vertex 59.19259271713867 78.07647619362186 5
    endloop
  endfacet
  facet normal 0.8968727415326844 0.442288690219009 0
    outer loop
      vertex 59.31746824526946 77.775 1
      vertex 59.2451505843609 77.92164570954364 5
      vertex 59.31746824526946 77.775 5
    endloop
  endfacet
  facet normal 0.751839807478985 0.6593458151000601 0
    outer loop
      vertex 59.51611652351682 77.51611652351681 1
      vertex 59.40830832463596 77.6390482137391 5
      vertex 59.51611652351682 77.51611652351681 5
    endloop
  endfacet
  facet normal 0.6593458151000324 0.7518398074790092 0
    outer loop
      vertex 59.6390482137391 77.40830832463597 1
      vertex 59.51611652351682 77.51611652351681 5
      vertex 59.6390482137391 77.40830832463597 5
    endloop
  endfacet
  facet normal 0.9978589232386035 0.0654031292301431 0
    outer loop
      vertex 59.16069392328274 78.23684225972494 1
      vertex 59.150000000000006 78.4 5
      vertex 59.16069392328274 78.23684225972494 5
    endloop
  endfacet
  facet normal 0.9978589232386035 -0.0654031292301431 0
    outer loop
      vertex 59.150000000000006 78.4 1
      vertex 59.16069392328274 78.56315774027507 5
      vertex 59.150000000000006 78.4 5
    endloop
  endfacet
  facet normal 0.9807852804032259 -0.19509032201615129 0
    outer loop
      vertex 59.16069392328274 78.56315774027507 1
      vertex 59.19259271713867 78.72352380637815 5
      vertex 59.16069392328274 78.56315774027507 5
    endloop
  endfacet
  facet normal 0.9469301294951102 -0.32143946530314765 0
    outer loop
      vertex 59.19259271713867 78.72352380637815 1
      vertex 59.2451505843609 78.87835429045637 5
      vertex 59.19259271713867 78.72352380637815 5
    endloop
  endfacet
  facet normal 0.8968727415326844 -0.442288690219009 0
    outer loop
      vertex 59.2451505843609 78.87835429045637 1
      vertex 59.31746824526946 79.025 5
      vertex 59.2451505843609 78.87835429045637 5
    endloop
  endfacet
  facet normal 0.8314696123025607 -0.5555702330195792 0
    outer loop
      vertex 59.31746824526946 79.025 1
      vertex 59.40830832463596 79.16095178626091 5
      vertex 59.31746824526946 79.025 5
    endloop
  endfacet
  facet normal 0.5555702330196393 0.8314696123025205 0
    outer loop
      vertex 59.775000000000006 77.31746824526945 1
      vertex 59.6390482137391 77.40830832463597 5
      vertex 59.775000000000006 77.31746824526945 5
    endloop
  endfacet
  facet normal 0.751839807478985 -0.6593458151000601 0
    outer loop
      vertex 59.40830832463596 79.16095178626091 1
      vertex 59.51611652351682 79.2838834764832 5
      vertex 59.40830832463596 79.16095178626091 5
    endloop
  endfacet
  facet normal 0.6593458151000324 -0.7518398074790092 0
    outer loop
      vertex 59.51611652351682 79.2838834764832 1
      vertex 59.6390482137391 79.39169167536404 5
      vertex 59.51611652351682 79.2838834764832 5
    endloop
  endfacet
  facet normal 0.5555702330196393 -0.8314696123025205 0
    outer loop
      vertex 59.6390482137391 79.39169167536404 1
      vertex 59.775000000000006 79.48253175473056 5
      vertex 59.6390482137391 79.39169167536404 5
    endloop
  endfacet
  facet normal 0.4422886902189569 -0.8968727415327102 0
    outer loop
      vertex 59.775000000000006 79.48253175473056 1
      vertex 59.92164570954365 79.55484941563911 5
      vertex 59.775000000000006 79.48253175473056 5
    endloop
  endfacet
  facet normal 0.3214394653031999 -0.9469301294950927 0
    outer loop
      vertex 59.92164570954365 79.55484941563911 1
      vertex 60.07647619362186 79.60740728286135 5
      vertex 59.92164570954365 79.55484941563911 5
    endloop
  endfacet
  facet normal 0.19509032201615129 -0.9807852804032259 0
    outer loop
      vertex 60.07647619362186 79.60740728286135 1
      vertex 60.23684225972494 79.63930607671728 5
      vertex 60.07647619362186 79.60740728286135 5
    endloop
  endfacet
  facet normal -0.5555702330196393 0.8314696123025205 0
    outer loop
      vertex 61.16095178626091 77.40830832463597 1
      vertex 61.025000000000006 77.31746824526945 5
      vertex 61.16095178626091 77.40830832463597 5
    endloop
  endfacet
  facet normal -0.6593458151000324 0.7518398074790092 0
    outer loop
      vertex 61.28388347648319 77.51611652351681 1
      vertex 61.16095178626091 77.40830832463597 5
      vertex 61.28388347648319 77.51611652351681 5
    endloop
  endfacet
  facet normal -0.751839807478985 0.6593458151000601 0
    outer loop
      vertex 61.39169167536405 77.6390482137391 1
      vertex 61.28388347648319 77.51611652351681 5
      vertex 61.39169167536405 77.6390482137391 5
    endloop
  endfacet
  facet normal -0.8314696123025607 -0.5555702330195792 0
    outer loop
      vertex 61.39169167536405 79.16095178626091 1
      vertex 61.48253175473055 79.025 5
      vertex 61.39169167536405 79.16095178626091 5
    endloop
  endfacet
  facet normal 0.06540312923009983 -0.9978589232386064 0
    outer loop
      vertex 60.23684225972494 79.63930607671728 1
      vertex 60.400000000000006 79.65 5
      vertex 60.23684225972494 79.63930607671728 5
    endloop
  endfacet
  facet normal -0.06540312923009983 -0.9978589232386064 0
    outer loop
      vertex 60.400000000000006 79.65 1
      vertex 60.563157740275074 79.63930607671728 5
      vertex 60.400000000000006 79.65 5
    endloop
  endfacet
  facet normal -0.3214394653031999 -0.9469301294950927 0
    outer loop
      vertex 60.723523806378154 79.60740728286135 1
      vertex 60.878354290456365 79.55484941563911 5
      vertex 60.723523806378154 79.60740728286135 5
    endloop
  endfacet
  facet normal -0.19509032201615129 -0.9807852804032259 0
    outer loop
      vertex 60.563157740275074 79.63930607671728 1
      vertex 60.723523806378154 79.60740728286135 5
      vertex 60.563157740275074 79.63930607671728 5
    endloop
  endfacet
  facet normal -0.4422886902189569 -0.8968727415327102 0
    outer loop
      vertex 60.878354290456365 79.55484941563911 1
      vertex 61.025000000000006 79.48253175473056 5
      vertex 60.878354290456365 79.55484941563911 5
    endloop
  endfacet
  facet normal -0.5555702330196393 -0.8314696123025205 0
    outer loop
      vertex 61.025000000000006 79.48253175473056 1
      vertex 61.16095178626091 79.39169167536404 5
      vertex 61.025000000000006 79.48253175473056 5
    endloop
  endfacet
  facet normal -0.6593458151000324 -0.7518398074790092 0
    outer loop
      vertex 61.16095178626091 79.39169167536404 1
      vertex 61.28388347648319 79.2838834764832 5
      vertex 61.16095178626091 79.39169167536404 5
    endloop
  endfacet
  facet normal -0.751839807478985 -0.6593458151000601 0
    outer loop
      vertex 61.28388347648319 79.2838834764832 1
      vertex 61.39169167536405 79.16095178626091 5
      vertex 61.28388347648319 79.2838834764832 5
    endloop
  endfacet
  facet normal -0.8314696123025607 0.5555702330195792 0
    outer loop
      vertex 61.48253175473055 77.775 1
      vertex 61.39169167536405 77.6390482137391 5
      vertex 61.48253175473055 77.775 5
    endloop
  endfacet
  facet normal -0.8968727415326844 0.442288690219009 0
    outer loop
      vertex 61.55484941563911 77.92164570954364 1
      vertex 61.48253175473055 77.775 5
      vertex 61.55484941563911 77.92164570954364 5
    endloop
  endfacet
  facet normal -0.9469301294951102 0.32143946530314765 0
    outer loop
      vertex 61.60740728286134 78.07647619362186 1
      vertex 61.55484941563911 77.92164570954364 5
      vertex 61.60740728286134 78.07647619362186 5
    endloop
  endfacet
  facet normal -0.9807852804032259 0.19509032201615129 0
    outer loop
      vertex 61.63930607671727 78.23684225972494 1
      vertex 61.60740728286134 78.07647619362186 5
      vertex 61.63930607671727 78.23684225972494 5
    endloop
  endfacet
  facet normal -0.9978589232386035 0.0654031292301431 0
    outer loop
      vertex 61.650000000000006 78.4 1
      vertex 61.63930607671727 78.23684225972494 5
      vertex 61.650000000000006 78.4 5
    endloop
  endfacet
  facet normal -0.9807852804032259 -0.19509032201615129 0
    outer loop
      vertex 61.60740728286134 78.72352380637815 1
      vertex 61.63930607671727 78.56315774027507 5
      vertex 61.60740728286134 78.72352380637815 5
    endloop
  endfacet
  facet normal -0.9978589232386035 -0.0654031292301431 0
    outer loop
      vertex 61.63930607671727 78.56315774027507 1
      vertex 61.650000000000006 78.4 5
      vertex 61.63930607671727 78.56315774027507 5
    endloop
  endfacet
  facet normal -0.8968727415326844 -0.442288690219009 0
    outer loop
      vertex 61.48253175473055 79.025 1
      vertex 61.55484941563911 78.87835429045637 5
      vertex 61.48253175473055 79.025 5
    endloop
  endfacet
  facet normal -0.9469301294951102 -0.32143946530314765 0
    outer loop
      vertex 61.55484941563911 78.87835429045637 1
      vertex 61.60740728286134 78.72352380637815 5
      vertex 61.55484941563911 78.87835429045637 5
    endloop
  endfacet
  facet normal 0 0 1
    outer loop
      vertex 11.160693923282738 110.23684225972494 1
      vertex 11.160693923282738 110.56315774027507 1
      vertex 11.15 110.4 1
    endloop
  endfacet
  facet normal 0 0 1
    outer loop
      vertex 11.192592717138664 110.07647619362186 1
      vertex 11.245150584360893 109.92164570954364 1
      vertex 11.245150584360893 110.87835429045637 1
    endloop
  endfacet
  facet normal 0 0 1
    outer loop
      vertex 11.192592717138664 110.07647619362186 1
      vertex 11.192592717138664 110.72352380637815 1
      vertex 11.160693923282738 110.23684225972494 1
    endloop
  endfacet
  facet normal 0 0 1
    outer loop
      vertex 11.317468245269453 109.775 1
      vertex 11.317468245269453 111.025 1
      vertex 11.245150584360893 109.92164570954364 1
    endloop
  endfacet
  facet normal 0 0 1
    outer loop
      vertex 11.317468245269453 109.775 1
      vertex 11.408308324635957 109.6390482137391 1
      vertex 11.408308324635957 111.16095178626091 1
    endloop
  endfacet
  facet normal 0 0 1
    outer loop
      vertex 11.408308324635957 109.6390482137391 1
      vertex 11.516116523516816 109.51611652351681 1
      vertex 11.516116523516816 111.2838834764832 1
    endloop
  endfacet
  facet normal 0 0 1
    outer loop
      vertex 11.6390482137391 109.40830832463597 1
      vertex 11.6390482137391 111.39169167536404 1
      vertex 11.516116523516816 109.51611652351681 1
    endloop
  endfacet
  facet normal 0 0 1
    outer loop
      vertex 11.6390482137391 109.40830832463597 1
      vertex 11.775 109.31746824526945 1
      vertex 11.775 111.48253175473056 1
    endloop
  endfacet
  facet normal 0 0 1
    outer loop
      vertex 11.775 109.31746824526945 1
      vertex 11.921645709543638 109.2451505843609 1
      vertex 11.921645709543638 111.55484941563911 1
    endloop
  endfacet
  facet normal 0 0 1
    outer loop
      vertex 11.921645709543638 109.2451505843609 1
      vertex 12.076476193621849 109.19259271713867 1
      vertex 12.076476193621849 111.60740728286135 1
    endloop
  endfacet
  facet normal 0 0 1
    outer loop
      vertex 12.076476193621849 109.19259271713867 1
      vertex 12.236842259724936 109.16069392328274 1
      vertex 12.236842259724936 111.63930607671728 1
    endloop
  endfacet
  facet normal 0 0 1
    outer loop
      vertex 12.236842259724936 109.16069392328274 1
      vertex 12.4 109.15 1
      vertex 12.4 111.65 1
    endloop
  endfacet
  facet normal 0 0 1
    outer loop
      vertex 12.4 109.15 1
      vertex 12.563157740275065 109.16069392328274 1
      vertex 12.563157740275065 111.63930607671728 1
    endloop
  endfacet
  facet normal 0 0 1
    outer loop
      vertex 12.563157740275065 109.16069392328274 1
      vertex 12.723523806378152 109.19259271713867 1
      vertex 12.723523806378152 111.60740728286135 1
    endloop
  endfacet
  facet normal 0 0 1
    outer loop
      vertex 12.723523806378152 109.19259271713867 1
      vertex 12.878354290456363 109.2451505843609 1
      vertex 12.878354290456363 111.55484941563911 1
    endloop
  endfacet
  facet normal 0 0 1
    outer loop
      vertex 12.878354290456363 109.2451505843609 1
      vertex 13.025 109.31746824526945 1
      vertex 13.025 111.48253175473056 1
    endloop
  endfacet
  facet normal 0 0 1
    outer loop
      vertex 13.025 109.31746824526945 1
      vertex 13.1609517862609 109.40830832463597 1
      vertex 13.1609517862609 111.39169167536404 1
    endloop
  endfacet
  facet normal 0 0 1
    outer loop
      vertex 13.1609517862609 109.40830832463597 1
      vertex 13.283883476483185 109.51611652351681 1
      vertex 13.283883476483185 111.2838834764832 1
    endloop
  endfacet
  facet normal 0 0 1
    outer loop
      vertex 13.283883476483185 109.51611652351681 1
      vertex 13.391691675364044 109.6390482137391 1
      vertex 13.391691675364044 111.16095178626091 1
    endloop
  endfacet
  facet normal 0 0 1
    outer loop
      vertex 13.391691675364044 109.6390482137391 1
      vertex 13.482531754730548 109.775 1
      vertex 13.482531754730548 111.025 1
    endloop
  endfacet
  facet normal 0 0 1
    outer loop
      vertex 13.482531754730548 109.775 1
      vertex 13.554849415639108 109.92164570954364 1
      vertex 13.554849415639108 110.87835429045637 1
    endloop
  endfacet
  facet normal 0 0 1
    outer loop
      vertex 13.554849415639108 109.92164570954364 1
      vertex 13.607407282861336 110.07647619362186 1
      vertex 13.607407282861336 110.72352380637815 1
    endloop
  endfacet
  facet normal 0 0 1
    outer loop
      vertex 13.607407282861336 110.07647619362186 1
      vertex 13.639306076717263 110.23684225972494 1
      vertex 13.639306076717263 110.56315774027507 1
    endloop
  endfacet
  facet normal 0 0 1
    outer loop
      vertex 13.639306076717263 110.23684225972494 1
      vertex 13.65 110.4 1
      vertex 13.639306076717263 110.56315774027507 1
    endloop
  endfacet
  facet normal 0 0 1
    outer loop
      vertex 11.160693923282738 110.23684225972494 1
      vertex 11.192592717138664 110.72352380637815 1
      vertex 11.160693923282738 110.56315774027507 1
    endloop
  endfacet
  facet normal 0 0 1
    outer loop
      vertex 11.192592717138664 110.07647619362186 1
      vertex 11.245150584360893 110.87835429045637 1
      vertex 11.192592717138664 110.72352380637815 1
    endloop
  endfacet
  facet normal 0 0 1
    outer loop
      vertex 11.245150584360893 109.92164570954364 1
      vertex 11.317468245269453 111.025 1
      vertex 11.245150584360893 110.87835429045637 1
    endloop
  endfacet
  facet normal 0 0 1
    outer loop
      vertex 11.317468245269453 109.775 1
      vertex 11.408308324635957 111.16095178626091 1
      vertex 11.317468245269453 111.025 1
    endloop
  endfacet
  facet normal 0 0 1
    outer loop
      vertex 11.408308324635957 109.6390482137391 1
      vertex 11.516116523516816 111.2838834764832 1
      vertex 11.408308324635957 111.16095178626091 1
    endloop
  endfacet
  facet normal 0 0 1
    outer loop
      vertex 11.516116523516816 109.51611652351681 1
      vertex 11.6390482137391 111.39169167536404 1
      vertex 11.516116523516816 111.2838834764832 1
    endloop
  endfacet
  facet normal 0 0 1
    outer loop
      vertex 11.6390482137391 109.40830832463597 1
      vertex 11.775 111.48253175473056 1
      vertex 11.6390482137391 111.39169167536404 1
    endloop
  endfacet
  facet normal 0 0 1
    outer loop
      vertex 11.775 109.31746824526945 1
      vertex 11.921645709543638 111.55484941563911 1
      vertex 11.775 111.48253175473056 1
    endloop
  endfacet
  facet normal 0 0 1
    outer loop
      vertex 11.921645709543638 109.2451505843609 1
      vertex 12.076476193621849 111.60740728286135 1
      vertex 11.921645709543638 111.55484941563911 1
    endloop
  endfacet
  facet normal 0 0 1
    outer loop
      vertex 12.076476193621849 109.19259271713867 1
      vertex 12.236842259724936 111.63930607671728 1
      vertex 12.076476193621849 111.60740728286135 1
    endloop
  endfacet
  facet normal 0 0 1
    outer loop
      vertex 12.236842259724936 109.16069392328274 1
      vertex 12.4 111.65 1
      vertex 12.236842259724936 111.63930607671728 1
    endloop
  endfacet
  facet normal 0 0 1
    outer loop
      vertex 12.4 109.15 1
      vertex 12.563157740275065 111.63930607671728 1
      vertex 12.4 111.65 1
    endloop
  endfacet
  facet normal 0 0 1
    outer loop
      vertex 12.563157740275065 109.16069392328274 1
      vertex 12.723523806378152 111.60740728286135 1
      vertex 12.563157740275065 111.63930607671728 1
    endloop
  endfacet
  facet normal 0 0 1
    outer loop
      vertex 12.723523806378152 109.19259271713867 1
      vertex 12.878354290456363 111.55484941563911 1
      vertex 12.723523806378152 111.60740728286135 1
    endloop
  endfacet
  facet normal 0 0 1
    outer loop
      vertex 12.878354290456363 109.2451505843609 1
      vertex 13.025 111.48253175473056 1
      vertex 12.878354290456363 111.55484941563911 1
    endloop
  endfacet
  facet normal 0 0 1
    outer loop
      vertex 13.025 109.31746824526945 1
      vertex 13.1609517862609 111.39169167536404 1
      vertex 13.025 111.48253175473056 1
    endloop
  endfacet
  facet normal 0 0 1
    outer loop
      vertex 13.1609517862609 109.40830832463597 1
      vertex 13.283883476483185 111.2838834764832 1
      vertex 13.1609517862609 111.39169167536404 1
    endloop
  endfacet
  facet normal 0 0 1
    outer loop
      vertex 13.283883476483185 109.51611652351681 1
      vertex 13.391691675364044 111.16095178626091 1
      vertex 13.283883476483185 111.2838834764832 1
    endloop
  endfacet
  facet normal 0 0 1
    outer loop
      vertex 13.391691675364044 109.6390482137391 1
      vertex 13.482531754730548 111.025 1
      vertex 13.391691675364044 111.16095178626091 1
    endloop
  endfacet
  facet normal 0 0 1
    outer loop
      vertex 13.482531754730548 109.775 1
      vertex 13.554849415639108 110.87835429045637 1
      vertex 13.482531754730548 111.025 1
    endloop
  endfacet
  facet normal 0 0 1
    outer loop
      vertex 13.554849415639108 109.92164570954364 1
      vertex 13.607407282861336 110.72352380637815 1
      vertex 13.554849415639108 110.87835429045637 1
    endloop
  endfacet
  facet normal 0 0 1
    outer loop
      vertex 13.607407282861336 110.07647619362186 1
      vertex 13.639306076717263 110.56315774027507 1
      vertex 13.607407282861336 110.72352380637815 1
    endloop
  endfacet
  facet normal 0.8314696123025507 0.5555702330195943 0
    outer loop
      vertex 11.317468245269453 109.775 1
      vertex 11.317468245269453 109.775 5
      vertex 11.408308324635957 109.6390482137391 1
    endloop
  endfacet
  facet normal 0.8968727415326844 0.442288690219009 1.2337769747569117e-18
    outer loop
      vertex 11.317468245269453 109.775 1
      vertex 11.245150584360893 109.92164570954364 1
      vertex 11.245150584360893 109.92164570954364 5
    endloop
  endfacet
  facet normal 0.946930129495107 0.3214394653031574 0
    outer loop
      vertex 11.192592717138664 110.07647619362186 1
      vertex 11.192592717138664 110.07647619362186 5
      vertex 11.245150584360893 109.92164570954364 1
    endloop
  endfacet
  facet normal 0.98078528040323 0.19509032201613039 2.5824257721797996e-19
    outer loop
      vertex 11.192592717138664 110.07647619362186 1
      vertex 11.160693923282738 110.23684225972494 1
      vertex 11.160693923282738 110.23684225972494 5
    endloop
  endfacet
  facet normal 0.9978589232386035 0.0654031292301431 -1.4366683486311897e-19
    outer loop
      vertex 11.160693923282738 110.23684225972494 1
      vertex 11.15 110.4 1
      vertex 11.15 110.4 5
    endloop
  endfacet
  facet normal 0.6593458151000217 0.7518398074790187 5.441829953051102e-19
    outer loop
      vertex 11.6390482137391 109.40830832463597 1
      vertex 11.516116523516816 109.51611652351681 1
      vertex 11.516116523516816 109.51611652351681 5
    endloop
  endfacet
  facet normal 0.5555702330196494 0.8314696123025138 0
    outer loop
      vertex 11.6390482137391 109.40830832463597 1
      vertex 11.6390482137391 109.40830832463597 5
      vertex 11.775 109.31746824526945 1
    endloop
  endfacet
  facet normal 0.4422886902189655 0.896872741532706 0
    outer loop
      vertex 11.775 109.31746824526945 1
      vertex 11.775 109.31746824526945 5
      vertex 11.921645709543638 109.2451505843609 1
    endloop
  endfacet
  facet normal 0.7518398074789905 0.659345815100054 0
    outer loop
      vertex 11.408308324635957 109.6390482137391 1
      vertex 11.408308324635957 109.6390482137391 5
      vertex 11.516116523516816 109.51611652351681 1
    endloop
  endfacet
  facet normal 0.3214394653031999 0.9469301294950927 0
    outer loop
      vertex 11.921645709543638 109.2451505843609 1
      vertex 11.921645709543638 109.2451505843609 5
      vertex 12.076476193621849 109.19259271713867 1
    endloop
  endfacet
  facet normal 0.19509032201614296 0.9807852804032275 0
    outer loop
      vertex 12.076476193621849 109.19259271713867 1
      vertex 12.076476193621849 109.19259271713867 5
      vertex 12.236842259724936 109.16069392328274 1
    endloop
  endfacet
  facet normal 0.06540312923010126 0.9978589232386063 0
    outer loop
      vertex 12.236842259724936 109.16069392328274 1
      vertex 12.236842259724936 109.16069392328274 5
      vertex 12.4 109.15 1
    endloop
  endfacet
  facet normal -0.06540312923010126 0.9978589232386063 0
    outer loop
      vertex 12.4 109.15 1
      vertex 12.4 109.15 5
      vertex 12.563157740275065 109.16069392328274 1
    endloop
  endfacet
  facet normal -0.19509032201614296 0.9807852804032275 0
    outer loop
      vertex 12.563157740275065 109.16069392328274 1
      vertex 12.563157740275065 109.16069392328274 5
      vertex 12.723523806378152 109.19259271713867 1
    endloop
  endfacet
  facet normal -0.3214394653031999 0.9469301294950927 0
    outer loop
      vertex 12.723523806378152 109.19259271713867 1
      vertex 12.723523806378152 109.19259271713867 5
      vertex 12.878354290456363 109.2451505843609 1
    endloop
  endfacet
  facet normal -0.4422886902189655 0.896872741532706 0
    outer loop
      vertex 12.878354290456363 109.2451505843609 1
      vertex 12.878354290456363 109.2451505843609 5
      vertex 13.025 109.31746824526945 1
    endloop
  endfacet
  facet normal -0.5555702330196494 0.8314696123025138 0
    outer loop
      vertex 13.025 109.31746824526945 1
      vertex 13.025 109.31746824526945 5
      vertex 13.1609517862609 109.40830832463597 1
    endloop
  endfacet
  facet normal -0.6593458151000217 0.7518398074790187 0
    outer loop
      vertex 13.1609517862609 109.40830832463597 1
      vertex 13.1609517862609 109.40830832463597 5
      vertex 13.283883476483185 109.51611652351681 1
    endloop
  endfacet
  facet normal -0.7518398074789905 0.659345815100054 0
    outer loop
      vertex 13.283883476483185 109.51611652351681 1
      vertex 13.283883476483185 109.51611652351681 5
      vertex 13.391691675364044 109.6390482137391 1
    endloop
  endfacet
  facet normal -0.8314696123025507 0.5555702330195943 0
    outer loop
      vertex 13.391691675364044 109.6390482137391 1
      vertex 13.391691675364044 109.6390482137391 5
      vertex 13.482531754730548 109.775 1
    endloop
  endfacet
  facet normal -0.8968727415326844 0.442288690219009 0
    outer loop
      vertex 13.482531754730548 109.775 1
      vertex 13.482531754730548 109.775 5
      vertex 13.554849415639108 109.92164570954364 1
    endloop
  endfacet
  facet normal -0.946930129495107 0.3214394653031574 0
    outer loop
      vertex 13.554849415639108 109.92164570954364 1
      vertex 13.554849415639108 109.92164570954364 5
      vertex 13.607407282861336 110.07647619362186 1
    endloop
  endfacet
  facet normal -0.98078528040323 0.19509032201613039 0
    outer loop
      vertex 13.607407282861336 110.07647619362186 1
      vertex 13.607407282861336 110.07647619362186 5
      vertex 13.639306076717263 110.23684225972494 1
    endloop
  endfacet
  facet normal -0.9978589232386035 0.0654031292301431 0
    outer loop
      vertex 13.639306076717263 110.23684225972494 1
      vertex 13.639306076717263 110.23684225972494 5
      vertex 13.65 110.4 1
    endloop
  endfacet
  facet normal 0.946930129495107 0.3214394653031574 0
    outer loop
      vertex 11.245150584360893 109.92164570954364 1
      vertex 11.192592717138664 110.07647619362186 5
      vertex 11.245150584360893 109.92164570954364 5
    endloop
  endfacet
  facet normal 0.8968727415326844 0.442288690219009 0
    outer loop
      vertex 11.317468245269453 109.775 1
      vertex 11.245150584360893 109.92164570954364 5
      vertex 11.317468245269453 109.775 5
    endloop
  endfacet
  facet normal 0.98078528040323 0.19509032201613039 0
    outer loop
      vertex 11.192592717138664 110.07647619362186 1
      vertex 11.160693923282738 110.23684225972494 5
      vertex 11.192592717138664 110.07647619362186 5
    endloop
  endfacet
  facet normal 0.9978589232386035 0.0654031292301431 0
    outer loop
      vertex 11.160693923282738 110.23684225972494 1
      vertex 11.15 110.4 5
      vertex 11.160693923282738 110.23684225972494 5
    endloop
  endfacet
  facet normal 0.6593458151000217 0.7518398074790187 0
    outer loop
      vertex 11.6390482137391 109.40830832463597 1
      vertex 11.516116523516816 109.51611652351681 5
      vertex 11.6390482137391 109.40830832463597 5
    endloop
  endfacet
  facet normal 0.5555702330196494 0.8314696123025138 0
    outer loop
      vertex 11.775 109.31746824526945 1
      vertex 11.6390482137391 109.40830832463597 5
      vertex 11.775 109.31746824526945 5
    endloop
  endfacet
  facet normal 0.4422886902189655 0.896872741532706 0
    outer loop
      vertex 11.921645709543638 109.2451505843609 1
      vertex 11.775 109.31746824526945 5
      vertex 11.921645709543638 109.2451505843609 5
    endloop
  endfacet
  facet normal 0.8314696123025507 0.5555702330195943 0
    outer loop
      vertex 11.408308324635957 109.6390482137391 1
      vertex 11.317468245269453 109.775 5
      vertex 11.408308324635957 109.6390482137391 5
    endloop
  endfacet
  facet normal 0.7518398074789905 0.659345815100054 0
    outer loop
      vertex 11.516116523516816 109.51611652351681 1
      vertex 11.408308324635957 109.6390482137391 5
      vertex 11.516116523516816 109.51611652351681 5
    endloop
  endfacet
  facet normal 0.3214394653031999 0.9469301294950927 0
    outer loop
      vertex 12.076476193621849 109.19259271713867 1
      vertex 11.921645709543638 109.2451505843609 5
      vertex 12.076476193621849 109.19259271713867 5
    endloop
  endfacet
  facet normal 0.19509032201614296 0.9807852804032275 0
    outer loop
      vertex 12.236842259724936 109.16069392328274 1
      vertex 12.076476193621849 109.19259271713867 5
      vertex 12.236842259724936 109.16069392328274 5
    endloop
  endfacet
  facet normal 0.06540312923010126 0.9978589232386063 0
    outer loop
      vertex 12.4 109.15 1
      vertex 12.236842259724936 109.16069392328274 5
      vertex 12.4 109.15 5
    endloop
  endfacet
  facet normal -0.06540312923010126 0.9978589232386063 0
    outer loop
      vertex 12.563157740275065 109.16069392328274 1
      vertex 12.4 109.15 5
      vertex 12.563157740275065 109.16069392328274 5
    endloop
  endfacet
  facet normal -0.19509032201614296 0.9807852804032275 0
    outer loop
      vertex 12.723523806378152 109.19259271713867 1
      vertex 12.563157740275065 109.16069392328274 5
      vertex 12.723523806378152 109.19259271713867 5
    endloop
  endfacet
  facet normal -0.3214394653031999 0.9469301294950927 0
    outer loop
      vertex 12.878354290456363 109.2451505843609 1
      vertex 12.723523806378152 109.19259271713867 5
      vertex 12.878354290456363 109.2451505843609 5
    endloop
  endfacet
  facet normal -0.4422886902189655 0.896872741532706 0
    outer loop
      vertex 13.025 109.31746824526945 1
      vertex 12.878354290456363 109.2451505843609 5
      vertex 13.025 109.31746824526945 5
    endloop
  endfacet
  facet normal -0.5555702330196494 0.8314696123025138 0
    outer loop
      vertex 13.1609517862609 109.40830832463597 1
      vertex 13.025 109.31746824526945 5
      vertex 13.1609517862609 109.40830832463597 5
    endloop
  endfacet
  facet normal -0.6593458151000217 0.7518398074790187 0
    outer loop
      vertex 13.283883476483185 109.51611652351681 1
      vertex 13.1609517862609 109.40830832463597 5
      vertex 13.283883476483185 109.51611652351681 5
    endloop
  endfacet
  facet normal -0.7518398074789905 0.659345815100054 0
    outer loop
      vertex 13.391691675364044 109.6390482137391 1
      vertex 13.283883476483185 109.51611652351681 5
      vertex 13.391691675364044 109.6390482137391 5
    endloop
  endfacet
  facet normal -0.8314696123025507 0.5555702330195943 0
    outer loop
      vertex 13.482531754730548 109.775 1
      vertex 13.391691675364044 109.6390482137391 5
      vertex 13.482531754730548 109.775 5
    endloop
  endfacet
  facet normal -0.8968727415326844 0.442288690219009 0
    outer loop
      vertex 13.554849415639108 109.92164570954364 1
      vertex 13.482531754730548 109.775 5
      vertex 13.554849415639108 109.92164570954364 5
    endloop
  endfacet
  facet normal -0.946930129495107 0.3214394653031574 0
    outer loop
      vertex 13.607407282861336 110.07647619362186 1
      vertex 13.554849415639108 109.92164570954364 5
      vertex 13.607407282861336 110.07647619362186 5
    endloop
  endfacet
  facet normal -0.98078528040323 0.19509032201613039 0
    outer loop
      vertex 13.639306076717263 110.23684225972494 1
      vertex 13.607407282861336 110.07647619362186 5
      vertex 13.639306076717263 110.23684225972494 5
    endloop
  endfacet
  facet normal -0.9978589232386035 0.0654031292301431 0
    outer loop
      vertex 13.65 110.4 1
      vertex 13.639306076717263 110.23684225972494 5
      vertex 13.65 110.4 5
    endloop
  endfacet
  facet normal 0.9978589232386035 -0.0654031292301431 1.4366683486311897e-19
    outer loop
      vertex 11.15 110.4 1
      vertex 11.160693923282738 110.56315774027507 1
      vertex 11.160693923282738 110.56315774027507 5
    endloop
  endfacet
  facet normal 0.98078528040323 -0.19509032201613039 -2.5824257721797996e-19
    outer loop
      vertex 11.160693923282738 110.56315774027507 1
      vertex 11.192592717138664 110.72352380637815 1
      vertex 11.192592717138664 110.72352380637815 5
    endloop
  endfacet
  facet normal 0.946930129495107 -0.3214394653031574 -1.2496294523345635e-18
    outer loop
      vertex 11.192592717138664 110.72352380637815 1
      vertex 11.245150584360893 110.87835429045637 1
      vertex 11.245150584360893 110.87835429045637 5
    endloop
  endfacet
  facet normal 0.8968727415326844 -0.442288690219009 -1.2337769747569117e-18
    outer loop
      vertex 11.245150584360893 110.87835429045637 1
      vertex 11.317468245269453 111.025 1
      vertex 11.317468245269453 111.025 5
    endloop
  endfacet
  facet normal 0.8314696123025507 -0.5555702330195943 4.192074481376939e-19
    outer loop
      vertex 11.317468245269453 111.025 1
      vertex 11.408308324635957 111.16095178626091 1
      vertex 11.408308324635957 111.16095178626091 5
    endloop
  endfacet
  facet normal 0.7518398074789905 -0.659345815100054 -6.355650722209676e-19
    outer loop
      vertex 11.408308324635957 111.16095178626091 1
      vertex 11.516116523516816 111.2838834764832 1
      vertex 11.516116523516816 111.2838834764832 5
    endloop
  endfacet
  facet normal 0.6593458151000217 -0.7518398074790187 -5.441829953051102e-19
    outer loop
      vertex 11.516116523516816 111.2838834764832 1
      vertex 11.6390482137391 111.39169167536404 1
      vertex 11.6390482137391 111.39169167536404 5
    endloop
  endfacet
  facet normal 0.5555702330196494 -0.8314696123025138 1.0751143852915078e-18
    outer loop
      vertex 11.6390482137391 111.39169167536404 1
      vertex 11.775 111.48253175473056 1
      vertex 11.775 111.48253175473056 5
    endloop
  endfacet
  facet normal 0.4422886902189655 -0.896872741532706 -5.1507427229519946e-20
    outer loop
      vertex 11.775 111.48253175473056 1
      vertex 11.921645709543638 111.55484941563911 1
      vertex 11.921645709543638 111.55484941563911 5
    endloop
  endfacet
  facet normal 0.3214394653031999 -0.9469301294950927 -2.8888543994867046e-19
    outer loop
      vertex 11.921645709543638 111.55484941563911 1
      vertex 12.076476193621849 111.60740728286135 1
      vertex 12.076476193621849 111.60740728286135 5
    endloop
  endfacet
  facet normal 0.19509032201614296 -0.9807852804032275 -2.705528287069424e-20
    outer loop
      vertex 12.076476193621849 111.60740728286135 1
      vertex 12.236842259724936 111.63930607671728 1
      vertex 12.236842259724936 111.63930607671728 5
    endloop
  endfacet
  facet normal 0.06540312923010126 -0.9978589232386063 -4.268513998180846e-20
    outer loop
      vertex 12.236842259724936 111.63930607671728 1
      vertex 12.4 111.65 1
      vertex 12.4 111.65 5
    endloop
  endfacet
  facet normal -0.06540312923010126 -0.9978589232386063 4.268513998180846e-20
    outer loop
      vertex 12.4 111.65 1
      vertex 12.563157740275065 111.63930607671728 1
      vertex 12.563157740275065 111.63930607671728 5
    endloop
  endfacet
  facet normal -0.19509032201614296 -0.9807852804032275 2.705528287069424e-20
    outer loop
      vertex 12.563157740275065 111.63930607671728 1
      vertex 12.723523806378152 111.60740728286135 1
      vertex 12.723523806378152 111.60740728286135 5
    endloop
  endfacet
  facet normal -0.3214394653031999 -0.9469301294950927 2.8888543994867046e-19
    outer loop
      vertex 12.723523806378152 111.60740728286135 1
      vertex 12.878354290456363 111.55484941563911 1
      vertex 12.878354290456363 111.55484941563911 5
    endloop
  endfacet
  facet normal -0.4422886902189655 -0.896872741532706 5.1507427229519946e-20
    outer loop
      vertex 12.878354290456363 111.55484941563911 1
      vertex 13.025 111.48253175473056 1
      vertex 13.025 111.48253175473056 5
    endloop
  endfacet
  facet normal -0.6593458151000217 -0.7518398074790187 0
    outer loop
      vertex 13.283883476483185 111.2838834764832 1
      vertex 13.283883476483185 111.2838834764832 5
      vertex 13.1609517862609 111.39169167536404 1
    endloop
  endfacet
  facet normal -0.7518398074789905 -0.659345815100054 6.355650722209676e-19
    outer loop
      vertex 13.283883476483185 111.2838834764832 1
      vertex 13.391691675364044 111.16095178626091 1
      vertex 13.391691675364044 111.16095178626091 5
    endloop
  endfacet
  facet normal -0.9978589232386035 -0.0654031292301431 0
    outer loop
      vertex 13.65 110.4 1
      vertex 13.65 110.4 5
      vertex 13.639306076717263 110.56315774027507 1
    endloop
  endfacet
  facet normal -0.98078528040323 -0.19509032201613039 0
    outer loop
      vertex 13.639306076717263 110.56315774027507 1
      vertex 13.639306076717263 110.56315774027507 5
      vertex 13.607407282861336 110.72352380637815 1
    endloop
  endfacet
  facet normal -0.946930129495107 -0.3214394653031574 0
    outer loop
      vertex 13.607407282861336 110.72352380637815 1
      vertex 13.607407282861336 110.72352380637815 5
      vertex 13.554849415639108 110.87835429045637 1
    endloop
  endfacet
  facet normal -0.8314696123025507 -0.5555702330195943 -4.192074481376939e-19
    outer loop
      vertex 13.391691675364044 111.16095178626091 1
      vertex 13.482531754730548 111.025 1
      vertex 13.482531754730548 111.025 5
    endloop
  endfacet
  facet normal -0.8968727415326844 -0.442288690219009 1.2337769747569117e-18
    outer loop
      vertex 13.482531754730548 111.025 1
      vertex 13.554849415639108 110.87835429045637 1
      vertex 13.554849415639108 110.87835429045637 5
    endloop
  endfacet
  facet normal -0.5555702330196494 -0.8314696123025138 -1.0751143852915078e-18
    outer loop
      vertex 13.025 111.48253175473056 1
      vertex 13.1609517862609 111.39169167536404 1
      vertex 13.1609517862609 111.39169167536404 5
    endloop
  endfacet
  facet normal 0.9978589232386035 -0.0654031292301431 0
    outer loop
      vertex 11.15 110.4 1
      vertex 11.160693923282738 110.56315774027507 5
      vertex 11.15 110.4 5
    endloop
  endfacet
  facet normal 0.98078528040323 -0.19509032201613039 0
    outer loop
      vertex 11.160693923282738 110.56315774027507 1
      vertex 11.192592717138664 110.72352380637815 5
      vertex 11.160693923282738 110.56315774027507 5
    endloop
  endfacet
  facet normal 0.946930129495107 -0.3214394653031574 0
    outer loop
      vertex 11.192592717138664 110.72352380637815 1
      vertex 11.245150584360893 110.87835429045637 5
      vertex 11.192592717138664 110.72352380637815 5
    endloop
  endfacet
  facet normal 0.8968727415326844 -0.442288690219009 0
    outer loop
      vertex 11.245150584360893 110.87835429045637 1
      vertex 11.317468245269453 111.025 5
      vertex 11.245150584360893 110.87835429045637 5
    endloop
  endfacet
  facet normal 0.8314696123025507 -0.5555702330195943 0
    outer loop
      vertex 11.317468245269453 111.025 1
      vertex 11.408308324635957 111.16095178626091 5
      vertex 11.317468245269453 111.025 5
    endloop
  endfacet
  facet normal 0.7518398074789905 -0.659345815100054 0
    outer loop
      vertex 11.408308324635957 111.16095178626091 1
      vertex 11.516116523516816 111.2838834764832 5
      vertex 11.408308324635957 111.16095178626091 5
    endloop
  endfacet
  facet normal 0.6593458151000217 -0.7518398074790187 0
    outer loop
      vertex 11.516116523516816 111.2838834764832 1
      vertex 11.6390482137391 111.39169167536404 5
      vertex 11.516116523516816 111.2838834764832 5
    endloop
  endfacet
  facet normal 0.5555702330196494 -0.8314696123025138 0
    outer loop
      vertex 11.6390482137391 111.39169167536404 1
      vertex 11.775 111.48253175473056 5
      vertex 11.6390482137391 111.39169167536404 5
    endloop
  endfacet
  facet normal 0.4422886902189655 -0.896872741532706 0
    outer loop
      vertex 11.775 111.48253175473056 1
      vertex 11.921645709543638 111.55484941563911 5
      vertex 11.775 111.48253175473056 5
    endloop
  endfacet
  facet normal 0.3214394653031999 -0.9469301294950927 0
    outer loop
      vertex 11.921645709543638 111.55484941563911 1
      vertex 12.076476193621849 111.60740728286135 5
      vertex 11.921645709543638 111.55484941563911 5
    endloop
  endfacet
  facet normal 0.19509032201614296 -0.9807852804032275 0
    outer loop
      vertex 12.076476193621849 111.60740728286135 1
      vertex 12.236842259724936 111.63930607671728 5
      vertex 12.076476193621849 111.60740728286135 5
    endloop
  endfacet
  facet normal 0.06540312923010126 -0.9978589232386063 0
    outer loop
      vertex 12.236842259724936 111.63930607671728 1
      vertex 12.4 111.65 5
      vertex 12.236842259724936 111.63930607671728 5
    endloop
  endfacet
  facet normal -0.06540312923010126 -0.9978589232386063 0
    outer loop
      vertex 12.4 111.65 1
      vertex 12.563157740275065 111.63930607671728 5
      vertex 12.4 111.65 5
    endloop
  endfacet
  facet normal -0.19509032201614296 -0.9807852804032275 0
    outer loop
      vertex 12.563157740275065 111.63930607671728 1
      vertex 12.723523806378152 111.60740728286135 5
      vertex 12.563157740275065 111.63930607671728 5
    endloop
  endfacet
  facet normal -0.3214394653031999 -0.9469301294950927 0
    outer loop
      vertex 12.723523806378152 111.60740728286135 1
      vertex 12.878354290456363 111.55484941563911 5
      vertex 12.723523806378152 111.60740728286135 5
    endloop
  endfacet
  facet normal -0.4422886902189655 -0.896872741532706 0
    outer loop
      vertex 12.878354290456363 111.55484941563911 1
      vertex 13.025 111.48253175473056 5
      vertex 12.878354290456363 111.55484941563911 5
    endloop
  endfacet
  facet normal -0.5555702330196494 -0.8314696123025138 0
    outer loop
      vertex 13.025 111.48253175473056 1
      vertex 13.1609517862609 111.39169167536404 5
      vertex 13.025 111.48253175473056 5
    endloop
  endfacet
  facet normal -0.6593458151000217 -0.7518398074790187 0
    outer loop
      vertex 13.1609517862609 111.39169167536404 1
      vertex 13.283883476483185 111.2838834764832 5
      vertex 13.1609517862609 111.39169167536404 5
    endloop
  endfacet
  facet normal -0.7518398074789905 -0.659345815100054 0
    outer loop
      vertex 13.283883476483185 111.2838834764832 1
      vertex 13.391691675364044 111.16095178626091 5
      vertex 13.283883476483185 111.2838834764832 5
    endloop
  endfacet
  facet normal -0.9978589232386035 -0.0654031292301431 0
    outer loop
      vertex 13.639306076717263 110.56315774027507 1
      vertex 13.65 110.4 5
      vertex 13.639306076717263 110.56315774027507 5
    endloop
  endfacet
  facet normal -0.946930129495107 -0.3214394653031574 0
    outer loop
      vertex 13.554849415639108 110.87835429045637 1
      vertex 13.607407282861336 110.72352380637815 5
      vertex 13.554849415639108 110.87835429045637 5
    endloop
  endfacet
  facet normal -0.98078528040323 -0.19509032201613039 0
    outer loop
      vertex 13.607407282861336 110.72352380637815 1
      vertex 13.639306076717263 110.56315774027507 5
      vertex 13.607407282861336 110.72352380637815 5
    endloop
  endfacet
  facet normal -0.8314696123025507 -0.5555702330195943 0
    outer loop
      vertex 13.391691675364044 111.16095178626091 1
      vertex 13.482531754730548 111.025 5
      vertex 13.391691675364044 111.16095178626091 5
    endloop
  endfacet
  facet normal -0.8968727415326844 -0.442288690219009 0
    outer loop
      vertex 13.482531754730548 111.025 1
      vertex 13.554849415639108 110.87835429045637 5
      vertex 13.482531754730548 111.025 5
    endloop
  endfacet
  facet normal 0 0 1
    outer loop
      vertex 59.19259271713867 110.07647619362186 1
      vertex 59.19259271713867 110.72352380637815 1
      vertex 59.16069392328274 110.23684225972494 1
    endloop
  endfacet
  facet normal 0 0 1
    outer loop
      vertex 59.16069392328274 110.23684225972494 1
      vertex 59.16069392328274 110.56315774027507 1
      vertex 59.150000000000006 110.4 1
    endloop
  endfacet
  facet normal 0 0 1
    outer loop
      vertex 59.19259271713867 110.07647619362186 1
      vertex 59.2451505843609 109.92164570954364 1
      vertex 59.2451505843609 110.87835429045637 1
    endloop
  endfacet
  facet normal 0 0 1
    outer loop
      vertex 59.31746824526946 109.775 1
      vertex 59.40830832463596 109.6390482137391 1
      vertex 59.40830832463596 111.16095178626091 1
    endloop
  endfacet
  facet normal 0 0 1
    outer loop
      vertex 59.31746824526946 109.775 1
      vertex 59.31746824526946 111.025 1
      vertex 59.2451505843609 109.92164570954364 1
    endloop
  endfacet
  facet normal 0 0 1
    outer loop
      vertex 59.40830832463596 109.6390482137391 1
      vertex 59.51611652351682 109.51611652351681 1
      vertex 59.51611652351682 111.2838834764832 1
    endloop
  endfacet
  facet normal 0 0 1
    outer loop
      vertex 59.6390482137391 109.40830832463597 1
      vertex 59.6390482137391 111.39169167536404 1
      vertex 59.51611652351682 109.51611652351681 1
    endloop
  endfacet
  facet normal 0 0 1
    outer loop
      vertex 59.6390482137391 109.40830832463597 1
      vertex 59.775000000000006 109.31746824526945 1
      vertex 59.775000000000006 111.48253175473056 1
    endloop
  endfacet
  facet normal 0 0 1
    outer loop
      vertex 59.775000000000006 109.31746824526945 1
      vertex 59.92164570954365 109.2451505843609 1
      vertex 59.92164570954365 111.55484941563911 1
    endloop
  endfacet
  facet normal 0 0 1
    outer loop
      vertex 59.92164570954365 109.2451505843609 1
      vertex 60.07647619362186 109.19259271713867 1
      vertex 60.07647619362186 111.60740728286135 1
    endloop
  endfacet
  facet normal 0 0 1
    outer loop
      vertex 60.07647619362186 109.19259271713867 1
      vertex 60.23684225972494 109.16069392328274 1
      vertex 60.23684225972494 111.63930607671728 1
    endloop
  endfacet
  facet normal 0 0 1
    outer loop
      vertex 60.23684225972494 109.16069392328274 1
      vertex 60.400000000000006 109.15 1
      vertex 60.400000000000006 111.65 1
    endloop
  endfacet
  facet normal 0 0 1
    outer loop
      vertex 60.400000000000006 109.15 1
      vertex 60.563157740275074 109.16069392328274 1
      vertex 60.563157740275074 111.63930607671728 1
    endloop
  endfacet
  facet normal 0 0 1
    outer loop
      vertex 60.563157740275074 109.16069392328274 1
      vertex 60.723523806378154 109.19259271713867 1
      vertex 60.723523806378154 111.60740728286135 1
    endloop
  endfacet
  facet normal 0 0 1
    outer loop
      vertex 60.723523806378154 109.19259271713867 1
      vertex 60.878354290456365 109.2451505843609 1
      vertex 60.878354290456365 111.55484941563911 1
    endloop
  endfacet
  facet normal 0 0 1
    outer loop
      vertex 60.878354290456365 109.2451505843609 1
      vertex 61.025000000000006 109.31746824526945 1
      vertex 61.025000000000006 111.48253175473056 1
    endloop
  endfacet
  facet normal 0 0 1
    outer loop
      vertex 61.025000000000006 109.31746824526945 1
      vertex 61.16095178626091 109.40830832463597 1
      vertex 61.16095178626091 111.39169167536404 1
    endloop
  endfacet
  facet normal 0 0 1
    outer loop
      vertex 61.16095178626091 109.40830832463597 1
      vertex 61.28388347648319 109.51611652351681 1
      vertex 61.28388347648319 111.2838834764832 1
    endloop
  endfacet
  facet normal 0 0 1
    outer loop
      vertex 61.28388347648319 109.51611652351681 1
      vertex 61.39169167536405 109.6390482137391 1
      vertex 61.39169167536405 111.16095178626091 1
    endloop
  endfacet
  facet normal 0 0 1
    outer loop
      vertex 61.39169167536405 109.6390482137391 1
      vertex 61.48253175473055 109.775 1
      vertex 61.48253175473055 111.025 1
    endloop
  endfacet
  facet normal 0 0 1
    outer loop
      vertex 61.48253175473055 109.775 1
      vertex 61.55484941563911 109.92164570954364 1
      vertex 61.55484941563911 110.87835429045637 1
    endloop
  endfacet
  facet normal 0 0 1
    outer loop
      vertex 61.55484941563911 109.92164570954364 1
      vertex 61.60740728286134 110.07647619362186 1
      vertex 61.60740728286134 110.72352380637815 1
    endloop
  endfacet
  facet normal 0 0 1
    outer loop
      vertex 61.60740728286134 110.07647619362186 1
      vertex 61.63930607671727 110.23684225972494 1
      vertex 61.63930607671727 110.56315774027507 1
    endloop
  endfacet
  facet normal 0 0 1
    outer loop
      vertex 61.63930607671727 110.23684225972494 1
      vertex 61.650000000000006 110.4 1
      vertex 61.63930607671727 110.56315774027507 1
    endloop
  endfacet
  facet normal 0 0 1
    outer loop
      vertex 59.16069392328274 110.23684225972494 1
      vertex 59.19259271713867 110.72352380637815 1
      vertex 59.16069392328274 110.56315774027507 1
    endloop
  endfacet
  facet normal 0 0 1
    outer loop
      vertex 59.19259271713867 110.07647619362186 1
      vertex 59.2451505843609 110.87835429045637 1
      vertex 59.19259271713867 110.72352380637815 1
    endloop
  endfacet
  facet normal 0 0 1
    outer loop
      vertex 59.2451505843609 109.92164570954364 1
      vertex 59.31746824526946 111.025 1
      vertex 59.2451505843609 110.87835429045637 1
    endloop
  endfacet
  facet normal 0 0 1
    outer loop
      vertex 59.31746824526946 109.775 1
      vertex 59.40830832463596 111.16095178626091 1
      vertex 59.31746824526946 111.025 1
    endloop
  endfacet
  facet normal 0 0 1
    outer loop
      vertex 59.40830832463596 109.6390482137391 1
      vertex 59.51611652351682 111.2838834764832 1
      vertex 59.40830832463596 111.16095178626091 1
    endloop
  endfacet
  facet normal 0 0 1
    outer loop
      vertex 59.51611652351682 109.51611652351681 1
      vertex 59.6390482137391 111.39169167536404 1
      vertex 59.51611652351682 111.2838834764832 1
    endloop
  endfacet
  facet normal 0 0 1
    outer loop
      vertex 59.6390482137391 109.40830832463597 1
      vertex 59.775000000000006 111.48253175473056 1
      vertex 59.6390482137391 111.39169167536404 1
    endloop
  endfacet
  facet normal 0 0 1
    outer loop
      vertex 59.775000000000006 109.31746824526945 1
      vertex 59.92164570954365 111.55484941563911 1
      vertex 59.775000000000006 111.48253175473056 1
    endloop
  endfacet
  facet normal 0 0 1
    outer loop
      vertex 59.92164570954365 109.2451505843609 1
      vertex 60.07647619362186 111.60740728286135 1
      vertex 59.92164570954365 111.55484941563911 1
    endloop
  endfacet
  facet normal 0 0 1
    outer loop
      vertex 60.07647619362186 109.19259271713867 1
      vertex 60.23684225972494 111.63930607671728 1
      vertex 60.07647619362186 111.60740728286135 1
    endloop
  endfacet
  facet normal 0 0 1
    outer loop
      vertex 60.23684225972494 109.16069392328274 1
      vertex 60.400000000000006 111.65 1
      vertex 60.23684225972494 111.63930607671728 1
    endloop
  endfacet
  facet normal 0 0 1
    outer loop
      vertex 60.400000000000006 109.15 1
      vertex 60.563157740275074 111.63930607671728 1
      vertex 60.400000000000006 111.65 1
    endloop
  endfacet
  facet normal 0 0 1
    outer loop
      vertex 60.563157740275074 109.16069392328274 1
      vertex 60.723523806378154 111.60740728286135 1
      vertex 60.563157740275074 111.63930607671728 1
    endloop
  endfacet
  facet normal 0 0 1
    outer loop
      vertex 60.723523806378154 109.19259271713867 1
      vertex 60.878354290456365 111.55484941563911 1
      vertex 60.723523806378154 111.60740728286135 1
    endloop
  endfacet
  facet normal 0 0 1
    outer loop
      vertex 60.878354290456365 109.2451505843609 1
      vertex 61.025000000000006 111.48253175473056 1
      vertex 60.878354290456365 111.55484941563911 1
    endloop
  endfacet
  facet normal 0 0 1
    outer loop
      vertex 61.025000000000006 109.31746824526945 1
      vertex 61.16095178626091 111.39169167536404 1
      vertex 61.025000000000006 111.48253175473056 1
    endloop
  endfacet
  facet normal 0 0 1
    outer loop
      vertex 61.16095178626091 109.40830832463597 1
      vertex 61.28388347648319 111.2838834764832 1
      vertex 61.16095178626091 111.39169167536404 1
    endloop
  endfacet
  facet normal 0 0 1
    outer loop
      vertex 61.28388347648319 109.51611652351681 1
      vertex 61.39169167536405 111.16095178626091 1
      vertex 61.28388347648319 111.2838834764832 1
    endloop
  endfacet
  facet normal 0 0 1
    outer loop
      vertex 61.39169167536405 109.6390482137391 1
      vertex 61.48253175473055 111.025 1
      vertex 61.39169167536405 111.16095178626091 1
    endloop
  endfacet
  facet normal 0 0 1
    outer loop
      vertex 61.48253175473055 109.775 1
      vertex 61.55484941563911 110.87835429045637 1
      vertex 61.48253175473055 111.025 1
    endloop
  endfacet
  facet normal 0 0 1
    outer loop
      vertex 61.55484941563911 109.92164570954364 1
      vertex 61.60740728286134 110.72352380637815 1
      vertex 61.55484941563911 110.87835429045637 1
    endloop
  endfacet
  facet normal 0 0 1
    outer loop
      vertex 61.60740728286134 110.07647619362186 1
      vertex 61.63930607671727 110.56315774027507 1
      vertex 61.60740728286134 110.72352380637815 1
    endloop
  endfacet
  facet normal 0.6593458151000324 0.7518398074790092 -9.651881267916974e-21
    outer loop
      vertex 59.6390482137391 109.40830832463597 1
      vertex 59.51611652351682 109.51611652351681 1
      vertex 59.51611652351682 109.51611652351681 5
    endloop
  endfacet
  facet normal 0.5555702330196393 0.8314696123025205 0
    outer loop
      vertex 59.6390482137391 109.40830832463597 1
      vertex 59.6390482137391 109.40830832463597 5
      vertex 59.775000000000006 109.31746824526945 1
    endloop
  endfacet
  facet normal 0.8968727415326844 0.442288690219009 1.2337769747569117e-18
    outer loop
      vertex 59.31746824526946 109.775 1
      vertex 59.2451505843609 109.92164570954364 1
      vertex 59.2451505843609 109.92164570954364 5
    endloop
  endfacet
  facet normal 0.8314696123025607 0.5555702330195792 0
    outer loop
      vertex 59.31746824526946 109.775 1
      vertex 59.31746824526946 109.775 5
      vertex 59.40830832463596 109.6390482137391 1
    endloop
  endfacet
  facet normal 0.9469301294951102 0.32143946530314765 0
    outer loop
      vertex 59.19259271713867 110.07647619362186 1
      vertex 59.19259271713867 110.07647619362186 5
      vertex 59.2451505843609 109.92164570954364 1
    endloop
  endfacet
  facet normal 0.9807852804032259 0.19509032201615129 4.446942041942829e-19
    outer loop
      vertex 59.19259271713867 110.07647619362186 1
      vertex 59.16069392328274 110.23684225972494 1
      vertex 59.16069392328274 110.23684225972494 5
    endloop
  endfacet
  facet normal 0.9978589232386035 0.0654031292301431 -1.4366683486311897e-19
    outer loop
      vertex 59.16069392328274 110.23684225972494 1
      vertex 59.150000000000006 110.4 1
      vertex 59.150000000000006 110.4 5
    endloop
  endfacet
  facet normal 0.751839807478985 0.6593458151000601 0
    outer loop
      vertex 59.40830832463596 109.6390482137391 1
      vertex 59.40830832463596 109.6390482137391 5
      vertex 59.51611652351682 109.51611652351681 1
    endloop
  endfacet
  facet normal 0.4422886902189569 0.8968727415327102 0
    outer loop
      vertex 59.775000000000006 109.31746824526945 1
      vertex 59.775000000000006 109.31746824526945 5
      vertex 59.92164570954365 109.2451505843609 1
    endloop
  endfacet
  facet normal 0.3214394653031999 0.9469301294950927 0
    outer loop
      vertex 59.92164570954365 109.2451505843609 1
      vertex 59.92164570954365 109.2451505843609 5
      vertex 60.07647619362186 109.19259271713867 1
    endloop
  endfacet
  facet normal 0.19509032201615129 0.9807852804032259 0
    outer loop
      vertex 60.07647619362186 109.19259271713867 1
      vertex 60.07647619362186 109.19259271713867 5
      vertex 60.23684225972494 109.16069392328274 1
    endloop
  endfacet
  facet normal 0.06540312923009983 0.9978589232386064 0
    outer loop
      vertex 60.23684225972494 109.16069392328274 1
      vertex 60.23684225972494 109.16069392328274 5
      vertex 60.400000000000006 109.15 1
    endloop
  endfacet
  facet normal -0.06540312923009983 0.9978589232386064 0
    outer loop
      vertex 60.400000000000006 109.15 1
      vertex 60.400000000000006 109.15 5
      vertex 60.563157740275074 109.16069392328274 1
    endloop
  endfacet
  facet normal -0.19509032201615129 0.9807852804032259 0
    outer loop
      vertex 60.563157740275074 109.16069392328274 1
      vertex 60.563157740275074 109.16069392328274 5
      vertex 60.723523806378154 109.19259271713867 1
    endloop
  endfacet
  facet normal -0.3214394653031999 0.9469301294950927 0
    outer loop
      vertex 60.723523806378154 109.19259271713867 1
      vertex 60.723523806378154 109.19259271713867 5
      vertex 60.878354290456365 109.2451505843609 1
    endloop
  endfacet
  facet normal -0.4422886902189569 0.8968727415327102 0
    outer loop
      vertex 60.878354290456365 109.2451505843609 1
      vertex 60.878354290456365 109.2451505843609 5
      vertex 61.025000000000006 109.31746824526945 1
    endloop
  endfacet
  facet normal -0.5555702330196393 0.8314696123025205 0
    outer loop
      vertex 61.025000000000006 109.31746824526945 1
      vertex 61.025000000000006 109.31746824526945 5
      vertex 61.16095178626091 109.40830832463597 1
    endloop
  endfacet
  facet normal -0.6593458151000324 0.7518398074790092 0
    outer loop
      vertex 61.16095178626091 109.40830832463597 1
      vertex 61.16095178626091 109.40830832463597 5
      vertex 61.28388347648319 109.51611652351681 1
    endloop
  endfacet
  facet normal -0.751839807478985 0.6593458151000601 0
    outer loop
      vertex 61.28388347648319 109.51611652351681 1
      vertex 61.28388347648319 109.51611652351681 5
      vertex 61.39169167536405 109.6390482137391 1
    endloop
  endfacet
  facet normal -0.8314696123025607 0.5555702330195792 0
    outer loop
      vertex 61.39169167536405 109.6390482137391 1
      vertex 61.39169167536405 109.6390482137391 5
      vertex 61.48253175473055 109.775 1
    endloop
  endfacet
  facet normal -0.8968727415326844 0.442288690219009 0
    outer loop
      vertex 61.48253175473055 109.775 1
      vertex 61.48253175473055 109.775 5
      vertex 61.55484941563911 109.92164570954364 1
    endloop
  endfacet
  facet normal -0.9469301294951102 0.32143946530314765 0
    outer loop
      vertex 61.55484941563911 109.92164570954364 1
      vertex 61.55484941563911 109.92164570954364 5
      vertex 61.60740728286134 110.07647619362186 1
    endloop
  endfacet
  facet normal -0.9807852804032259 0.19509032201615129 0
    outer loop
      vertex 61.60740728286134 110.07647619362186 1
      vertex 61.60740728286134 110.07647619362186 5
      vertex 61.63930607671727 110.23684225972494 1
    endloop
  endfacet
  facet normal -0.9978589232386035 0.0654031292301431 0
    outer loop
      vertex 61.63930607671727 110.23684225972494 1
      vertex 61.63930607671727 110.23684225972494 5
      vertex 61.650000000000006 110.4 1
    endloop
  endfacet
  facet normal 0.6593458151000324 0.7518398074790092 0
    outer loop
      vertex 59.6390482137391 109.40830832463597 1
      vertex 59.51611652351682 109.51611652351681 5
      vertex 59.6390482137391 109.40830832463597 5
    endloop
  endfacet
  facet normal 0.9469301294951102 0.32143946530314765 0
    outer loop
      vertex 59.2451505843609 109.92164570954364 1
      vertex 59.19259271713867 110.07647619362186 5
      vertex 59.2451505843609 109.92164570954364 5
    endloop
  endfacet
  facet normal 0.8314696123025607 0.5555702330195792 0
    outer loop
      vertex 59.40830832463596 109.6390482137391 1
      vertex 59.31746824526946 109.775 5
      vertex 59.40830832463596 109.6390482137391 5
    endloop
  endfacet
  facet normal 0.8968727415326844 0.442288690219009 0
    outer loop
      vertex 59.31746824526946 109.775 1
      vertex 59.2451505843609 109.92164570954364 5
      vertex 59.31746824526946 109.775 5
    endloop
  endfacet
  facet normal 0.9807852804032259 0.19509032201615129 0
    outer loop
      vertex 59.19259271713867 110.07647619362186 1
      vertex 59.16069392328274 110.23684225972494 5
      vertex 59.19259271713867 110.07647619362186 5
    endloop
  endfacet
  facet normal 0.9978589232386035 0.0654031292301431 0
    outer loop
      vertex 59.16069392328274 110.23684225972494 1
      vertex 59.150000000000006 110.4 5
      vertex 59.16069392328274 110.23684225972494 5
    endloop
  endfacet
  facet normal 0.751839807478985 0.6593458151000601 0
    outer loop
      vertex 59.51611652351682 109.51611652351681 1
      vertex 59.40830832463596 109.6390482137391 5
      vertex 59.51611652351682 109.51611652351681 5
    endloop
  endfacet
  facet normal 0.5555702330196393 0.8314696123025205 0
    outer loop
      vertex 59.775000000000006 109.31746824526945 1
      vertex 59.6390482137391 109.40830832463597 5
      vertex 59.775000000000006 109.31746824526945 5
    endloop
  endfacet
  facet normal 0.4422886902189569 0.8968727415327102 0
    outer loop
      vertex 59.92164570954365 109.2451505843609 1
      vertex 59.775000000000006 109.31746824526945 5
      vertex 59.92164570954365 109.2451505843609 5
    endloop
  endfacet
  facet normal 0.3214394653031999 0.9469301294950927 0
    outer loop
      vertex 60.07647619362186 109.19259271713867 1
      vertex 59.92164570954365 109.2451505843609 5
      vertex 60.07647619362186 109.19259271713867 5
    endloop
  endfacet
  facet normal 0.19509032201615129 0.9807852804032259 0
    outer loop
      vertex 60.23684225972494 109.16069392328274 1
      vertex 60.07647619362186 109.19259271713867 5
      vertex 60.23684225972494 109.16069392328274 5
    endloop
  endfacet
  facet normal 0.06540312923009983 0.9978589232386064 0
    outer loop
      vertex 60.400000000000006 109.15 1
      vertex 60.23684225972494 109.16069392328274 5
      vertex 60.400000000000006 109.15 5
    endloop
  endfacet
  facet normal -0.06540312923009983 0.9978589232386064 0
    outer loop
      vertex 60.563157740275074 109.16069392328274 1
      vertex 60.400000000000006 109.15 5
      vertex 60.563157740275074 109.16069392328274 5
    endloop
  endfacet
  facet normal -0.19509032201615129 0.9807852804032259 0
    outer loop
      vertex 60.723523806378154 109.19259271713867 1
      vertex 60.563157740275074 109.16069392328274 5
      vertex 60.723523806378154 109.19259271713867 5
    endloop
  endfacet
  facet normal -0.3214394653031999 0.9469301294950927 0
    outer loop
      vertex 60.878354290456365 109.2451505843609 1
      vertex 60.723523806378154 109.19259271713867 5
      vertex 60.878354290456365 109.2451505843609 5
    endloop
  endfacet
  facet normal -0.4422886902189569 0.8968727415327102 0
    outer loop
      vertex 61.025000000000006 109.31746824526945 1
      vertex 60.878354290456365 109.2451505843609 5
      vertex 61.025000000000006 109.31746824526945 5
    endloop
  endfacet
  facet normal -0.5555702330196393 0.8314696123025205 0
    outer loop
      vertex 61.16095178626091 109.40830832463597 1
      vertex 61.025000000000006 109.31746824526945 5
      vertex 61.16095178626091 109.40830832463597 5
    endloop
  endfacet
  facet normal -0.6593458151000324 0.7518398074790092 0
    outer loop
      vertex 61.28388347648319 109.51611652351681 1
      vertex 61.16095178626091 109.40830832463597 5
      vertex 61.28388347648319 109.51611652351681 5
    endloop
  endfacet
  facet normal -0.751839807478985 0.6593458151000601 0
    outer loop
      vertex 61.39169167536405 109.6390482137391 1
      vertex 61.28388347648319 109.51611652351681 5
      vertex 61.39169167536405 109.6390482137391 5
    endloop
  endfacet
  facet normal -0.8314696123025607 0.5555702330195792 0
    outer loop
      vertex 61.48253175473055 109.775 1
      vertex 61.39169167536405 109.6390482137391 5
      vertex 61.48253175473055 109.775 5
    endloop
  endfacet
  facet normal -0.8968727415326844 0.442288690219009 0
    outer loop
      vertex 61.55484941563911 109.92164570954364 1
      vertex 61.48253175473055 109.775 5
      vertex 61.55484941563911 109.92164570954364 5
    endloop
  endfacet
  facet normal -0.9469301294951102 0.32143946530314765 0
    outer loop
      vertex 61.60740728286134 110.07647619362186 1
      vertex 61.55484941563911 109.92164570954364 5
      vertex 61.60740728286134 110.07647619362186 5
    endloop
  endfacet
  facet normal -0.9807852804032259 0.19509032201615129 0
    outer loop
      vertex 61.63930607671727 110.23684225972494 1
      vertex 61.60740728286134 110.07647619362186 5
      vertex 61.63930607671727 110.23684225972494 5
    endloop
  endfacet
  facet normal -0.9978589232386035 0.0654031292301431 0
    outer loop
      vertex 61.650000000000006 110.4 1
      vertex 61.63930607671727 110.23684225972494 5
      vertex 61.650000000000006 110.4 5
    endloop
  endfacet
  facet normal 0.9978589232386035 -0.0654031292301431 1.4366683486311897e-19
    outer loop
      vertex 59.150000000000006 110.4 1
      vertex 59.16069392328274 110.56315774027507 1
      vertex 59.16069392328274 110.56315774027507 5
    endloop
  endfacet
  facet normal 0.9807852804032259 -0.19509032201615129 -4.446942041942829e-19
    outer loop
      vertex 59.16069392328274 110.56315774027507 1
      vertex 59.19259271713867 110.72352380637815 1
      vertex 59.19259271713867 110.72352380637815 5
    endloop
  endfacet
  facet normal 0.9469301294951102 -0.32143946530314765 -4.656264256552236e-20
    outer loop
      vertex 59.19259271713867 110.72352380637815 1
      vertex 59.2451505843609 110.87835429045637 1
      vertex 59.2451505843609 110.87835429045637 5
    endloop
  endfacet
  facet normal 0.8968727415326844 -0.442288690219009 -1.2337769747569117e-18
    outer loop
      vertex 59.2451505843609 110.87835429045637 1
      vertex 59.31746824526946 111.025 1
      vertex 59.31746824526946 111.025 5
    endloop
  endfacet
  facet normal 0.8314696123025607 -0.5555702330195792 -7.1933805218926345e-19
    outer loop
      vertex 59.31746824526946 111.025 1
      vertex 59.40830832463596 111.16095178626091 1
      vertex 59.40830832463596 111.16095178626091 5
    endloop
  endfacet
  facet normal 0.751839807478985 -0.6593458151000601 -9.484083109046994e-19
    outer loop
      vertex 59.40830832463596 111.16095178626091 1
      vertex 59.51611652351682 111.2838834764832 1
      vertex 59.51611652351682 111.2838834764832 5
    endloop
  endfacet
  facet normal 0.6593458151000324 -0.7518398074790092 9.651881267916974e-21
    outer loop
      vertex 59.51611652351682 111.2838834764832 1
      vertex 59.6390482137391 111.39169167536404 1
      vertex 59.6390482137391 111.39169167536404 5
    endloop
  endfacet
  facet normal 0.5555702330196393 -0.8314696123025205 1.1824884786752296e-18
    outer loop
      vertex 59.6390482137391 111.39169167536404 1
      vertex 59.775000000000006 111.48253175473056 1
      vertex 59.775000000000006 111.48253175473056 5
    endloop
  endfacet
  facet normal 0.4422886902189569 -0.8968727415327102 2.311528770712197e-19
    outer loop
      vertex 59.775000000000006 111.48253175473056 1
      vertex 59.92164570954365 111.55484941563911 1
      vertex 59.92164570954365 111.55484941563911 5
    endloop
  endfacet
  facet normal 0.3214394653031999 -0.9469301294950927 -2.8888543994867046e-19
    outer loop
      vertex 59.92164570954365 111.55484941563911 1
      vertex 60.07647619362186 111.60740728286135 1
      vertex 60.07647619362186 111.60740728286135 5
    endloop
  endfacet
  facet normal 0.19509032201615129 -0.9807852804032259 -4.446942041942829e-19
    outer loop
      vertex 60.07647619362186 111.60740728286135 1
      vertex 60.23684225972494 111.63930607671728 1
      vertex 60.23684225972494 111.63930607671728 5
    endloop
  endfacet
  facet normal 0.06540312923009983 -0.9978589232386064 2.668690710497892e-20
    outer loop
      vertex 60.23684225972494 111.63930607671728 1
      vertex 60.400000000000006 111.65 1
      vertex 60.400000000000006 111.65 5
    endloop
  endfacet
  facet normal -0.06540312923009983 -0.9978589232386064 -2.668690710497892e-20
    outer loop
      vertex 60.400000000000006 111.65 1
      vertex 60.563157740275074 111.63930607671728 1
      vertex 60.563157740275074 111.63930607671728 5
    endloop
  endfacet
  facet normal -0.19509032201615129 -0.9807852804032259 4.446942041942829e-19
    outer loop
      vertex 60.563157740275074 111.63930607671728 1
      vertex 60.723523806378154 111.60740728286135 1
      vertex 60.723523806378154 111.60740728286135 5
    endloop
  endfacet
  facet normal -0.3214394653031999 -0.9469301294950927 2.8888543994867046e-19
    outer loop
      vertex 60.723523806378154 111.60740728286135 1
      vertex 60.878354290456365 111.55484941563911 1
      vertex 60.878354290456365 111.55484941563911 5
    endloop
  endfacet
  facet normal -0.6593458151000324 -0.7518398074790092 0
    outer loop
      vertex 61.28388347648319 111.2838834764832 1
      vertex 61.28388347648319 111.2838834764832 5
      vertex 61.16095178626091 111.39169167536404 1
    endloop
  endfacet
  facet normal -0.751839807478985 -0.6593458151000601 9.484083109046994e-19
    outer loop
      vertex 61.28388347648319 111.2838834764832 1
      vertex 61.39169167536405 111.16095178626091 1
      vertex 61.39169167536405 111.16095178626091 5
    endloop
  endfacet
  facet normal -0.4422886902189569 -0.8968727415327102 -2.311528770712197e-19
    outer loop
      vertex 60.878354290456365 111.55484941563911 1
      vertex 61.025000000000006 111.48253175473056 1
      vertex 61.025000000000006 111.48253175473056 5
    endloop
  endfacet
  facet normal -0.5555702330196393 -0.8314696123025205 -1.1824884786752296e-18
    outer loop
      vertex 61.025000000000006 111.48253175473056 1
      vertex 61.16095178626091 111.39169167536404 1
      vertex 61.16095178626091 111.39169167536404 5
    endloop
  endfacet
  facet normal -0.9807852804032259 -0.19509032201615129 0
    outer loop
      vertex 61.63930607671727 110.56315774027507 1
      vertex 61.63930607671727 110.56315774027507 5
      vertex 61.60740728286134 110.72352380637815 1
    endloop
  endfacet
  facet normal -0.9978589232386035 -0.0654031292301431 -1.4366683486311897e-19
    outer loop
      vertex 61.63930607671727 110.56315774027507 1
      vertex 61.650000000000006 110.4 1
      vertex 61.650000000000006 110.4 5
    endloop
  endfacet
  facet normal -0.9469301294951102 -0.32143946530314765 4.656264256552236e-20
    outer loop
      vertex 61.55484941563911 110.87835429045637 1
      vertex 61.60740728286134 110.72352380637815 1
      vertex 61.60740728286134 110.72352380637815 5
    endloop
  endfacet
  facet normal -0.8314696123025607 -0.5555702330195792 7.1933805218926345e-19
    outer loop
      vertex 61.39169167536405 111.16095178626091 1
      vertex 61.48253175473055 111.025 1
      vertex 61.48253175473055 111.025 5
    endloop
  endfacet
  facet normal -0.8968727415326844 -0.442288690219009 1.2337769747569117e-18
    outer loop
      vertex 61.48253175473055 111.025 1
      vertex 61.55484941563911 110.87835429045637 1
      vertex 61.55484941563911 110.87835429045637 5
    endloop
  endfacet
  facet normal 0.9978589232386035 -0.0654031292301431 0
    outer loop
      vertex 59.150000000000006 110.4 1
      vertex 59.16069392328274 110.56315774027507 5
      vertex 59.150000000000006 110.4 5
    endloop
  endfacet
  facet normal 0.9807852804032259 -0.19509032201615129 0
    outer loop
      vertex 59.16069392328274 110.56315774027507 1
      vertex 59.19259271713867 110.72352380637815 5
      vertex 59.16069392328274 110.56315774027507 5
    endloop
  endfacet
  facet normal 0.9469301294951102 -0.32143946530314765 0
    outer loop
      vertex 59.19259271713867 110.72352380637815 1
      vertex 59.2451505843609 110.87835429045637 5
      vertex 59.19259271713867 110.72352380637815 5
    endloop
  endfacet
  facet normal 0.8968727415326844 -0.442288690219009 0
    outer loop
      vertex 59.2451505843609 110.87835429045637 1
      vertex 59.31746824526946 111.025 5
      vertex 59.2451505843609 110.87835429045637 5
    endloop
  endfacet
  facet normal 0.8314696123025607 -0.5555702330195792 0
    outer loop
      vertex 59.31746824526946 111.025 1
      vertex 59.40830832463596 111.16095178626091 5
      vertex 59.31746824526946 111.025 5
    endloop
  endfacet
  facet normal 0.751839807478985 -0.6593458151000601 0
    outer loop
      vertex 59.40830832463596 111.16095178626091 1
      vertex 59.51611652351682 111.2838834764832 5
      vertex 59.40830832463596 111.16095178626091 5
    endloop
  endfacet
  facet normal 0.6593458151000324 -0.7518398074790092 0
    outer loop
      vertex 59.51611652351682 111.2838834764832 1
      vertex 59.6390482137391 111.39169167536404 5
      vertex 59.51611652351682 111.2838834764832 5
    endloop
  endfacet
  facet normal 0.5555702330196393 -0.8314696123025205 0
    outer loop
      vertex 59.6390482137391 111.39169167536404 1
      vertex 59.775000000000006 111.48253175473056 5
      vertex 59.6390482137391 111.39169167536404 5
    endloop
  endfacet
  facet normal 0.4422886902189569 -0.8968727415327102 0
    outer loop
      vertex 59.775000000000006 111.48253175473056 1
      vertex 59.92164570954365 111.55484941563911 5
      vertex 59.775000000000006 111.48253175473056 5
    endloop
  endfacet
  facet normal 0.3214394653031999 -0.9469301294950927 0
    outer loop
      vertex 59.92164570954365 111.55484941563911 1
      vertex 60.07647619362186 111.60740728286135 5
      vertex 59.92164570954365 111.55484941563911 5
    endloop
  endfacet
  facet normal 0.19509032201615129 -0.9807852804032259 0
    outer loop
      vertex 60.07647619362186 111.60740728286135 1
      vertex 60.23684225972494 111.63930607671728 5
      vertex 60.07647619362186 111.60740728286135 5
    endloop
  endfacet
  facet normal 0.06540312923009983 -0.9978589232386064 0
    outer loop
      vertex 60.23684225972494 111.63930607671728 1
      vertex 60.400000000000006 111.65 5
      vertex 60.23684225972494 111.63930607671728 5
    endloop
  endfacet
  facet normal -0.06540312923009983 -0.9978589232386064 0
    outer loop
      vertex 60.400000000000006 111.65 1
      vertex 60.563157740275074 111.63930607671728 5
      vertex 60.400000000000006 111.65 5
    endloop
  endfacet
  facet normal -0.19509032201615129 -0.9807852804032259 0
    outer loop
      vertex 60.563157740275074 111.63930607671728 1
      vertex 60.723523806378154 111.60740728286135 5
      vertex 60.563157740275074 111.63930607671728 5
    endloop
  endfacet
  facet normal -0.3214394653031999 -0.9469301294950927 0
    outer loop
      vertex 60.723523806378154 111.60740728286135 1
      vertex 60.878354290456365 111.55484941563911 5
      vertex 60.723523806378154 111.60740728286135 5
    endloop
  endfacet
  facet normal -0.6593458151000324 -0.7518398074790092 0
    outer loop
      vertex 61.16095178626091 111.39169167536404 1
      vertex 61.28388347648319 111.2838834764832 5
      vertex 61.16095178626091 111.39169167536404 5
    endloop
  endfacet
  facet normal -0.8314696123025607 -0.5555702330195792 0
    outer loop
      vertex 61.39169167536405 111.16095178626091 1
      vertex 61.48253175473055 111.025 5
      vertex 61.39169167536405 111.16095178626091 5
    endloop
  endfacet
  facet normal -0.751839807478985 -0.6593458151000601 0
    outer loop
      vertex 61.28388347648319 111.2838834764832 1
      vertex 61.39169167536405 111.16095178626091 5
      vertex 61.28388347648319 111.2838834764832 5
    endloop
  endfacet
  facet normal -0.4422886902189569 -0.8968727415327102 0
    outer loop
      vertex 60.878354290456365 111.55484941563911 1
      vertex 61.025000000000006 111.48253175473056 5
      vertex 60.878354290456365 111.55484941563911 5
    endloop
  endfacet
  facet normal -0.5555702330196393 -0.8314696123025205 0
    outer loop
      vertex 61.025000000000006 111.48253175473056 1
      vertex 61.16095178626091 111.39169167536404 5
      vertex 61.025000000000006 111.48253175473056 5
    endloop
  endfacet
  facet normal -0.9978589232386035 -0.0654031292301431 0
    outer loop
      vertex 61.63930607671727 110.56315774027507 1
      vertex 61.650000000000006 110.4 5
      vertex 61.63930607671727 110.56315774027507 5
    endloop
  endfacet
  facet normal -0.9807852804032259 -0.19509032201615129 0
    outer loop
      vertex 61.60740728286134 110.72352380637815 1
      vertex 61.63930607671727 110.56315774027507 5
      vertex 61.60740728286134 110.72352380637815 5
    endloop
  endfacet
  facet normal -0.9469301294951102 -0.32143946530314765 0
    outer loop
      vertex 61.55484941563911 110.87835429045637 1
      vertex 61.60740728286134 110.72352380637815 5
      vertex 61.55484941563911 110.87835429045637 5
    endloop
  endfacet
  facet normal -0.8968727415326844 -0.442288690219009 0
    outer loop
      vertex 61.48253175473055 111.025 1
      vertex 61.55484941563911 110.87835429045637 5
      vertex 61.48253175473055 111.025 5
    endloop
  endfacet
  facet normal 0 0 1
    outer loop
      vertex 29.4 117.8 6
      vertex 29.4 115.4 6
      vertex 45.4 117.8 6
    endloop
  endfacet
  facet normal 1 0 0
    outer loop
      vertex 29.4 115.4 14.100000000000001
      vertex 29.4 115.4 6
      vertex 29.4 117.8 6
    endloop
  endfacet
  facet normal 1 0 0
    outer loop
      vertex 29.4 117.8 6
      vertex 29.4 117.8 14.100000000000001
      vertex 29.4 115.4 14.100000000000001
    endloop
  endfacet
  facet normal 0 0 -1
    outer loop
      vertex 29.4 115.4 14.100000000000001
      vertex 29.4 117.8 14.100000000000001
      vertex 45.4 115.4 14.100000000000001
    endloop
  endfacet
  facet normal 0 0 1
    outer loop
      vertex 45.4 117.8 6
      vertex 29.4 115.4 6
      vertex 45.4 115.4 6
    endloop
  endfacet
  facet normal -1 0 0
    outer loop
      vertex 45.4 117.8 14.100000000000001
      vertex 45.4 117.8 6
      vertex 45.4 115.4 6
    endloop
  endfacet
  facet normal -1 0 0
    outer loop
      vertex 45.4 115.4 6
      vertex 45.4 115.4 14.100000000000001
      vertex 45.4 117.8 14.100000000000001
    endloop
  endfacet
  facet normal 0 0 -1
    outer loop
      vertex 45.4 115.4 14.100000000000001
      vertex 29.4 117.8 14.100000000000001
      vertex 45.4 117.8 14.100000000000001
    endloop
  endfacet
  facet normal 0 1 0
    outer loop
      vertex 2.4 80.4 5.8
      vertex 0 80.4 5.8
      vertex 2.4 80.4 13
    endloop
  endfacet
  facet normal 0 0 1
    outer loop
      vertex 0 80.4 5.8
      vertex 2.4 80.4 5.8
      vertex 0 106.4 5.8
    endloop
  endfacet
  facet normal 0 0 1
    outer loop
      vertex 2.4 80.4 5.8
      vertex 2.4 106.4 5.8
      vertex 0 106.4 5.8
    endloop
  endfacet
  facet normal 0 -1 0
    outer loop
      vertex 0 106.4 5.8
      vertex 2.4 106.4 5.8
      vertex 0 106.4 13
    endloop
  endfacet
  facet normal 0 1 0
    outer loop
      vertex 2.4 80.4 13
      vertex 0 80.4 5.8
      vertex 0 80.4 13
    endloop
  endfacet
  facet normal 0 -1 0
    outer loop
      vertex 0 106.4 13
      vertex 2.4 106.4 5.8
      vertex 2.4 106.4 13
    endloop
  endfacet
  facet normal 0 0 -1
    outer loop
      vertex 2.4 106.4 13
      vertex 2.4 80.4 13
      vertex 0 80.4 13
    endloop
  endfacet
  facet normal 0 0 -1
    outer loop
      vertex 0 80.4 13
      vertex 0 106.4 13
      vertex 2.4 106.4 13
    endloop
  endfacet
  facet normal 0 0 1
    outer loop
      vertex 29.9 2.4 4.2
      vertex 29.9 0 4.2
      vertex 42.9 2.4 4.2
    endloop
  endfacet
  facet normal 1 0 0
    outer loop
      vertex 29.9 0 10.4
      vertex 29.9 0 4.2
      vertex 29.9 2.4 4.2
    endloop
  endfacet
  facet normal 1 0 0
    outer loop
      vertex 29.9 0 10.4
      vertex 29.9 2.4 4.2
      vertex 29.9 2.4 10.4
    endloop
  endfacet
  facet normal 0 0 -1
    outer loop
      vertex 29.9 2.4 10.4
      vertex 42.9 0 10.4
      vertex 29.9 0 10.4
    endloop
  endfacet
  facet normal 0 0 1
    outer loop
      vertex 29.9 0 4.2
      vertex 42.9 0 4.2
      vertex 42.9 2.4 4.2
    endloop
  endfacet
  facet normal -1 0 0
    outer loop
      vertex 42.9 0 4.2
      vertex 42.9 2.4 10.4
      vertex 42.9 2.4 4.2
    endloop
  endfacet
  facet normal -1 0 0
    outer loop
      vertex 42.9 0 4.2
      vertex 42.9 0 10.4
      vertex 42.9 2.4 10.4
    endloop
  endfacet
  facet normal 0 0 -1
    outer loop
      vertex 42.9 0 10.4
      vertex 29.9 2.4 10.4
      vertex 42.9 2.4 10.4
    endloop
  endfacet
  facet normal 0 0 1
    outer loop
      vertex 49.4 72 3.5
      vertex 49.4 70.4 3.5
      vertex 55.4 72 3.5
    endloop
  endfacet
  facet normal 0 0 1
    outer loop
      vertex 49.4 70.4 3.5
      vertex 55.4 70.4 3.5
      vertex 55.4 72 3.5
    endloop
  endfacet
  facet normal 1 0 0
    outer loop
      vertex 49.4 70.4 6
      vertex 49.4 70.4 3.5
      vertex 49.4 72 3.5
    endloop
  endfacet
  facet normal 1 0 0
    outer loop
      vertex 49.4 70.4 6
      vertex 49.4 72 3.5
      vertex 49.4 72 6
    endloop
  endfacet
  facet normal -1 0 0
    outer loop
      vertex 55.4 70.4 3.5
      vertex 55.4 72 6
      vertex 55.4 72 3.5
    endloop
  endfacet
  facet normal -1 0 0
    outer loop
      vertex 55.4 70.4 3.5
      vertex 55.4 70.4 6
      vertex 55.4 72 6
    endloop
  endfacet
endsolid OpenSCAD_Model
