solid OpenSCAD_Model
  facet normal -0.7055928107370495 -0.04624698802778338 -0.707106782271637
    outer loop
      vertex 1 4.032736651599407 0
      vertex 1.0277927294373512 3.608701467514038 0
      vertex 0 4 1
    endloop
  endfacet
  facet normal -0.6935199236518963 -0.13794969288411346 -0.7071067795821552
    outer loop
      vertex 1.0277927294373512 3.608701467514038 0
      vertex 1.1042950823903084 3.224098175764084 0
      vertex 0.03422055393457413 3.4778952300548553 1
    endloop
  endfacet
  facet normal -0.6695807146732723 -0.22729203376965368 -0.7071067797175223
    outer loop
      vertex 1.1042950823903084 3.224098175764084 0
      vertex 1.2303437292575836 2.8527708500623703 0
      vertex 0.3044818714261055 2.4692662730813026 1
    endloop
  endfacet
  facet normal -0.705592811917608 -0.04624699536572175 -0.7071067806136819
    outer loop
      vertex 1.0277927294373512 3.608701467514038 0
      vertex 0.03422055393457413 3.4778952300548553 1
      vertex 0 4 1
    endloop
  endfacet
  facet normal -0.693519923664744 -0.13794969333293594 -0.7071067794819934
    outer loop
      vertex 1.1042950823903084 3.224098175764084 0
      vertex 0.13629669696092606 2.9647238180041313 1
      vertex 0.03422055393457413 3.4778952300548553 1
    endloop
  endfacet
  facet normal -0.6695807184953602 -0.2272920275665653 -0.7071067780921897
    outer loop
      vertex 1.1042950823903084 3.224098175764084 0
      vertex 0.3044818714261055 2.4692662730813026 1
      vertex 0.13629669696092606 2.9647238180041313 1
    endloop
  endfacet
  facet normal -0.6341847975527699 -0.31274533196252297 -0.7071067811077784
    outer loop
      vertex 1.2303437292575836 2.8527708500623703 0
      vertex 0.5358983874320984 2 1
      vertex 0.3044818714261055 2.4692662730813026 1
    endloop
  endfacet
  facet normal -0.5879378035833598 -0.3928474779240958 -0.7071067799181759
    outer loop
      vertex 1.6216422691941261 2.1750218868255615 0
      vertex 0.8265866413712502 1.5649542808532715 1
      vertex 0.5358983874320984 2 1
    endloop
  endfacet
  facet normal 0 0 -1
    outer loop
      vertex 1 4.032736651599407 0
      vertex 1.2303437292575836 2.8527708500623703 0
      vertex 1.0277927294373512 3.608701467514038 0
    endloop
  endfacet
  facet normal 0 0 -1
    outer loop
      vertex 1.0277927294373512 3.608701467514038 0
      vertex 1.2303437292575836 2.8527708500623703 0
      vertex 1.1042950823903084 3.224098175764084 0
    endloop
  endfacet
  facet normal 0 0 -1
    outer loop
      vertex 1.2303437292575836 2.8527708500623703 0
      vertex 1.6216422691941261 2.1750218868255615 0
      vertex 1.403781995177269 2.5010728389024734 0
    endloop
  endfacet
  facet normal -0.6341847970418341 -0.31274533259034076 -0.707106781288346
    outer loop
      vertex 1.2303437292575836 2.8527708500623703 0
      vertex 1.403781995177269 2.5010728389024734 0
      vertex 0.5358983874320984 2 1
    endloop
  endfacet
  facet normal -0.5879378065686264 -0.39284747009018467 -0.7071067817883051
    outer loop
      vertex 1.403781995177269 2.5010728389024734 0
      vertex 1.6216422691941261 2.1750218868255615 0
      vertex 0.5358983874320984 2 1
    endloop
  endfacet
  facet normal 0 0 -1
    outer loop
      vertex 1.2303437292575836 2.8527708500623703 0
      vertex 2.1750218868255615 1.6216422691941261 0
      vertex 1.6216422691941261 2.1750218868255615 0
    endloop
  endfacet
  facet normal 0 0 -1
    outer loop
      vertex 1.6216422691941261 2.1750218868255615 0
      vertex 2.1750218868255615 1.6216422691941261 0
      vertex 1.8801968768239021 1.8801968768239021 0
    endloop
  endfacet
  facet normal -0.5316310146709671 -0.4662279105877005 -0.7071067809241721
    outer loop
      vertex 1.6216422691941261 2.1750218868255615 0
      vertex 1.8801968768239021 1.8801968768239021 0
      vertex 1.1715728789567947 1.1715728789567947 1
    endloop
  endfacet
  facet normal -0.4662279105877005 -0.5316310146709671 -0.7071067809241721
    outer loop
      vertex 1.8801968768239021 1.8801968768239021 0
      vertex 2.1750218868255615 1.6216422691941261 0
      vertex 1.1715728789567947 1.1715728789567947 1
    endloop
  endfacet
  facet normal -0.5316310234662168 -0.4662279042302766 -0.7071067785032941
    outer loop
      vertex 1.6216422691941261 2.1750218868255615 0
      vertex 1.1715728789567947 1.1715728789567947 1
      vertex 0.8265866413712502 1.5649542808532715 1
    endloop
  endfacet
  facet normal -0.4662279042302766 -0.5316310234662168 -0.7071067785032941
    outer loop
      vertex 1.1715728789567947 1.1715728789567947 1
      vertex 2.1750218868255615 1.6216422691941261 0
      vertex 1.5649542808532715 0.8265866413712502 1
    endloop
  endfacet
  facet normal -0.3928474779240958 -0.5879378035833598 -0.7071067799181759
    outer loop
      vertex 1.5649542808532715 0.8265866413712502 1
      vertex 2.1750218868255615 1.6216422691941261 0
      vertex 2 0.5358983874320984 1
    endloop
  endfacet
  facet normal -0.9978589233184303 -0.06540312801222277 0
    outer loop
      vertex 0 4 1
      vertex 0.03422055393457413 3.4778952300548553 1
      vertex 0.03422055393457413 3.4778952300548553 2.5
    endloop
  endfacet
  facet normal -0.9807852794583503 -0.1950903267663619 0
    outer loop
      vertex 0.03422055393457413 3.4778952300548553 1
      vertex 0.13629669696092606 2.9647238180041313 1
      vertex 0.13629669696092606 2.9647238180041313 2.5
    endloop
  endfacet
  facet normal -0.9469301290558151 -0.3214394665972703 0
    outer loop
      vertex 0.13629669696092606 2.9647238180041313 1
      vertex 0.3044818714261055 2.4692662730813026 1
      vertex 0.13629669696092606 2.9647238180041313 2.5
    endloop
  endfacet
  facet normal -0.8968727416500545 -0.4422886899810064 0
    outer loop
      vertex 0.3044818714261055 2.4692662730813026 1
      vertex 0.5358983874320984 2 1
      vertex 0.5358983874320984 2 2.5
    endloop
  endfacet
  facet normal -0.8314696141679891 -0.5555702302277683 0
    outer loop
      vertex 0.5358983874320984 2 1
      vertex 0.8265866413712502 1.5649542808532715 1
      vertex 0.5358983874320984 2 2.5
    endloop
  endfacet
  facet normal -0.7518398007112117 -0.6593458228172266 0
    outer loop
      vertex 0.8265866413712502 1.5649542808532715 1
      vertex 1.1715728789567947 1.1715728789567947 1
      vertex 0.8265866413712502 1.5649542808532715 2.5
    endloop
  endfacet
  facet normal -0.6593458228172266 -0.7518398007112117 0
    outer loop
      vertex 1.1715728789567947 1.1715728789567947 1
      vertex 1.5649542808532715 0.8265866413712502 1
      vertex 1.5649542808532715 0.8265866413712502 2.5
    endloop
  endfacet
  facet normal -0.5555702302277683 -0.8314696141679891 0
    outer loop
      vertex 1.5649542808532715 0.8265866413712502 1
      vertex 2 0.5358983874320984 1
      vertex 2 0.5358983874320984 2.5
    endloop
  endfacet
  facet normal -0.7071067811865475 0 -0.7071067811865475
    outer loop
      vertex 1 4.032736651599407 0
      vertex 0 4 1
      vertex 0 125.89999999850988 1
    endloop
  endfacet
  facet normal 0 0 -1
    outer loop
      vertex 1 4.032736651599407 0
      vertex 1.4037819728255272 127.39892712980509 0
      vertex 1.2303437292575836 2.8527708500623703 0
    endloop
  endfacet
  facet normal 0 0 -1
    outer loop
      vertex 1.2303437292575836 2.8527708500623703 0
      vertex 1.4037819728255272 127.39892712980509 0
      vertex 2.1750218868255615 1.6216422691941261 0
    endloop
  endfacet
  facet normal 0 0 -1
    outer loop
      vertex 2.1750218868255615 1.6216422691941261 0
      vertex 1.4037819728255272 127.39892712980509 0
      vertex 2.3 64.95 0
    endloop
  endfacet
  facet normal -1 0 0
    outer loop
      vertex 0 4 1
      vertex 0 4 2.5
      vertex 0 125.89999999850988 1
    endloop
  endfacet
  facet normal 0 0 -1
    outer loop
      vertex 2.1750218868255615 1.6216422691941261 0
      vertex 2.3 4.5 0
      vertex 2.3145437356645227 4.278105473225913 0
    endloop
  endfacet
  facet normal 0 0 -1
    outer loop
      vertex 2.1750218868255615 1.6216422691941261 0
      vertex 2.3145437356645227 4.278105473225913 0
      vertex 2.357926095308584 4.060007623325715 0
    endloop
  endfacet
  facet normal 0 0 -1
    outer loop
      vertex 2.1750218868255615 1.6216422691941261 0
      vertex 2.357926095308584 4.060007623325715 0
      vertex 2.4294047947308126 3.8494381649793477 0
    endloop
  endfacet
  facet normal 0 0 -1
    outer loop
      vertex 2.1750218868255615 1.6216422691941261 0
      vertex 2.4294047947308126 3.8494381649793477 0
      vertex 2.5277568135664543 3.65 0
    endloop
  endfacet
  facet normal 0 0 -1
    outer loop
      vertex 2.1750218868255615 1.6216422691941261 0
      vertex 2.5277568135664543 3.65 0
      vertex 2.6512993215049003 3.465105570685175 0
    endloop
  endfacet
  facet normal -0.39284747009018467 -0.5879378065686264 -0.7071067817883051
    outer loop
      vertex 2.1750218868255615 1.6216422691941261 0
      vertex 2.5010728389024734 1.403781995177269 0
      vertex 2 0.5358983874320984 1
    endloop
  endfacet
  facet normal -0.31274533259034076 -0.6341847970418341 -0.707106781288346
    outer loop
      vertex 2.5010728389024734 1.403781995177269 0
      vertex 2.8527708500623703 1.2303437292575836 0
      vertex 2 0.5358983874320984 1
    endloop
  endfacet
  facet normal 0 0 -1
    outer loop
      vertex 2.1750218868255615 1.6216422691941261 0
      vertex 2.8527708500623703 1.2303437292575836 0
      vertex 2.5010728389024734 1.403781995177269 0
    endloop
  endfacet
  facet normal 0 0 -1
    outer loop
      vertex 2.1750218868255615 1.6216422691941261 0
      vertex 2.6512993215049003 3.465105570685175 0
      vertex 2.797918471982869 3.297918471982869 0
    endloop
  endfacet
  facet normal 0 0 -1
    outer loop
      vertex 2.1750218868255615 1.6216422691941261 0
      vertex 2.797918471982869 3.297918471982869 0
      vertex 2.965105570685175 3.1512993215049003 0
    endloop
  endfacet
  facet normal 0 0 -1
    outer loop
      vertex 2.1750218868255615 1.6216422691941261 0
      vertex 3.224098175764084 1.1042950823903084 0
      vertex 2.8527708500623703 1.2303437292575836 0
    endloop
  endfacet
  facet normal 0 0 -1
    outer loop
      vertex 2.1750218868255615 1.6216422691941261 0
      vertex 2.965105570685175 3.1512993215049003 0
      vertex 3.15 3.0277568135664543 0
    endloop
  endfacet
  facet normal 0 0 -1
    outer loop
      vertex 2.1750218868255615 1.6216422691941261 0
      vertex 3.15 3.0277568135664543 0
      vertex 3.3494381649793477 2.9294047947308126 0
    endloop
  endfacet
  facet normal -0.22729203376965368 -0.6695807146732723 -0.7071067797175223
    outer loop
      vertex 2.8527708500623703 1.2303437292575836 0
      vertex 3.224098175764084 1.1042950823903084 0
      vertex 2.4692662730813026 0.3044818714261055 1
    endloop
  endfacet
  facet normal -0.31274533196252297 -0.6341847975527699 -0.7071067811077784
    outer loop
      vertex 2.8527708500623703 1.2303437292575836 0
      vertex 2.4692662730813026 0.3044818714261055 1
      vertex 2 0.5358983874320984 1
    endloop
  endfacet
  facet normal -0.2272920275665653 -0.6695807184953602 -0.7071067780921897
    outer loop
      vertex 3.224098175764084 1.1042950823903084 0
      vertex 2.9647238180041313 0.13629669696092606 1
      vertex 2.4692662730813026 0.3044818714261055 1
    endloop
  endfacet
  facet normal 0 0 -1
    outer loop
      vertex 2.1750218868255615 1.6216422691941261 0
      vertex 2.3 64.95 0
      vertex 2.3 4.5 0
    endloop
  endfacet
  facet normal 0 0 -1
    outer loop
      vertex 2.3 4.5 0
      vertex 2.3145437356645227 64.72810547322591 0
      vertex 2.3145437356645227 4.721894526774087 0
    endloop
  endfacet
  facet normal 0 0 -1
    outer loop
      vertex 2.3145437356645227 4.721894526774087 0
      vertex 2.357926095308584 64.51000762332572 0
      vertex 2.357926095308584 4.939992376674285 0
    endloop
  endfacet
  facet normal 0 0 -1
    outer loop
      vertex 2.357926095308584 4.939992376674285 0
      vertex 2.4294047947308126 64.29943816497935 0
      vertex 2.4294047947308126 5.150561835020652 0
    endloop
  endfacet
  facet normal 0 0 -1
    outer loop
      vertex 2.4294047947308126 5.150561835020652 0
      vertex 2.5277568135664543 64.10000000000001 0
      vertex 2.5277568135664543 5.35 0
    endloop
  endfacet
  facet normal 0 0 -1
    outer loop
      vertex 2.5277568135664543 5.35 0
      vertex 2.6512993215049003 63.91510557068518 0
      vertex 2.6512993215049003 5.534894429314825 0
    endloop
  endfacet
  facet normal 0 0 -1
    outer loop
      vertex 2.797918471982869 63.74791847198287 0
      vertex 2.797918471982869 5.702081528017131 0
      vertex 2.6512993215049003 5.534894429314825 0
    endloop
  endfacet
  facet normal 0 0 -1
    outer loop
      vertex 2.797918471982869 63.74791847198287 0
      vertex 2.965105570685175 5.848700678495099 0
      vertex 2.797918471982869 5.702081528017131 0
    endloop
  endfacet
  facet normal 0 0 -1
    outer loop
      vertex 2.797918471982869 63.74791847198287 0
      vertex 3.15 5.972243186433546 0
      vertex 2.965105570685175 5.848700678495099 0
    endloop
  endfacet
  facet normal 0 0 -1
    outer loop
      vertex 2.1750218868255615 1.6216422691941261 0
      vertex 3.3494381649793477 2.9294047947308126 0
      vertex 3.5600076233257147 2.857926095308584 0
    endloop
  endfacet
  facet normal 0 0 -1
    outer loop
      vertex 2.1750218868255615 1.6216422691941261 0
      vertex 4.032736659049988 1 0
      vertex 3.224098175764084 1.1042950823903084 0
    endloop
  endfacet
  facet normal 0 0 -1
    outer loop
      vertex 2.1750218868255615 1.6216422691941261 0
      vertex 3.5600076233257147 2.857926095308584 0
      vertex 3.7781054732259123 2.8145437356645227 0
    endloop
  endfacet
  facet normal 0 0 -1
    outer loop
      vertex 2.1750218868255615 1.6216422691941261 0
      vertex 3.7781054732259123 2.8145437356645227 0
      vertex 4.032736659049988 1 0
    endloop
  endfacet
  facet normal -0.13794969288411346 -0.6935199236518963 -0.7071067795821552
    outer loop
      vertex 3.224098175764084 1.1042950823903084 0
      vertex 3.608701467514038 1.0277927294373512 0
      vertex 3.4778952300548553 0.03422055393457413 1
    endloop
  endfacet
  facet normal 0 0 -1
    outer loop
      vertex 3.224098175764084 1.1042950823903084 0
      vertex 4.032736659049988 1 0
      vertex 3.608701467514038 1.0277927294373512 0
    endloop
  endfacet
  facet normal 0 0 -1
    outer loop
      vertex 4.032736659049988 1 0
      vertex 3.7781054732259123 2.8145437356645227 0
      vertex 4 2.8 0
    endloop
  endfacet
  facet normal -0.04624698720653301 -0.7055928106049233 -0.7071067824571927
    outer loop
      vertex 3.608701467514038 1.0277927294373512 0
      vertex 4.032736659049988 1 0
      vertex 4 0 1
    endloop
  endfacet
  facet normal -0.13794969333293594 -0.693519923664744 -0.7071067794819934
    outer loop
      vertex 3.224098175764084 1.1042950823903084 0
      vertex 3.4778952300548553 0.03422055393457413 1
      vertex 2.9647238180041313 0.13629669696092606 1
    endloop
  endfacet
  facet normal -0.04624699536572175 -0.705592811917608 -0.7071067806136819
    outer loop
      vertex 3.608701467514038 1.0277927294373512 0
      vertex 4 0 1
      vertex 3.4778952300548553 0.03422055393457413 1
    endloop
  endfacet
  facet normal 0 0 -1
    outer loop
      vertex 2.797918471982869 63.74791847198287 0
      vertex 3.3494381649793477 6.070595205269187 0
      vertex 3.15 5.972243186433546 0
    endloop
  endfacet
  facet normal 0 0 -1
    outer loop
      vertex 2.797918471982869 63.74791847198287 0
      vertex 3.5600076233257147 6.142073904691416 0
      vertex 3.3494381649793477 6.070595205269187 0
    endloop
  endfacet
  facet normal 0 0 -1
    outer loop
      vertex 2.797918471982869 63.74791847198287 0
      vertex 3.7781054732259123 6.185456264335477 0
      vertex 3.5600076233257147 6.142073904691416 0
    endloop
  endfacet
  facet normal 0 0 -1
    outer loop
      vertex 3.7781054732259123 6.185456264335477 0
      vertex 4 63.25 0
      vertex 4 6.2 0
    endloop
  endfacet
  facet normal -0.4422886899810064 -0.8968727416500545 0
    outer loop
      vertex 2 0.5358983874320984 1
      vertex 2.4692662730813026 0.3044818714261055 1
      vertex 2 0.5358983874320984 2.5
    endloop
  endfacet
  facet normal -0.3214394665972703 -0.9469301290558151 0
    outer loop
      vertex 2.4692662730813026 0.3044818714261055 1
      vertex 2.9647238180041313 0.13629669696092606 1
      vertex 2.4692662730813026 0.3044818714261055 2.5
    endloop
  endfacet
  facet normal -0.1950903267663619 -0.9807852794583503 0
    outer loop
      vertex 2.9647238180041313 0.13629669696092606 1
      vertex 3.4778952300548553 0.03422055393457413 1
      vertex 3.4778952300548553 0.03422055393457413 2.5
    endloop
  endfacet
  facet normal -0.06540312801222277 -0.9978589233184303 0
    outer loop
      vertex 3.4778952300548553 0.03422055393457413 1
      vertex 4 0 1
      vertex 4 0 2.5
    endloop
  endfacet
  facet normal 0 0 -1
    outer loop
      vertex 2.357926095308584 4.939992376674285 0
      vertex 2.357926095308584 64.51000762332572 0
      vertex 2.4294047947308126 64.29943816497935 0
    endloop
  endfacet
  facet normal 0 0 -1
    outer loop
      vertex 2.4294047947308126 5.150561835020652 0
      vertex 2.4294047947308126 64.29943816497935 0
      vertex 2.5277568135664543 64.10000000000001 0
    endloop
  endfacet
  facet normal 0 0 -1
    outer loop
      vertex 2.3 4.5 0
      vertex 2.3 64.95 0
      vertex 2.3145437356645227 64.72810547322591 0
    endloop
  endfacet
  facet normal 0 0 -1
    outer loop
      vertex 2.3145437356645227 4.721894526774087 0
      vertex 2.3145437356645227 64.72810547322591 0
      vertex 2.357926095308584 64.51000762332572 0
    endloop
  endfacet
  facet normal 0 0 -1
    outer loop
      vertex 2.5277568135664543 64.10000000000001 0
      vertex 2.6512993215049003 63.91510557068518 0
      vertex 2.5277568135664543 5.35 0
    endloop
  endfacet
  facet normal 0 0 -1
    outer loop
      vertex 2.797918471982869 63.74791847198287 0
      vertex 2.6512993215049003 5.534894429314825 0
      vertex 2.6512993215049003 63.91510557068518 0
    endloop
  endfacet
  facet normal 0 0 -1
    outer loop
      vertex 3.7781054732259123 6.185456264335477 0
      vertex 2.797918471982869 63.74791847198287 0
      vertex 2.965105570685175 63.601299321504904 0
    endloop
  endfacet
  facet normal 0 0 -1
    outer loop
      vertex 3.7781054732259123 6.185456264335477 0
      vertex 2.965105570685175 63.601299321504904 0
      vertex 3.15 63.47775681356646 0
    endloop
  endfacet
  facet normal 0 0 -1
    outer loop
      vertex 3.7781054732259123 6.185456264335477 0
      vertex 3.15 63.47775681356646 0
      vertex 3.3494381649793477 63.37940479473082 0
    endloop
  endfacet
  facet normal 0 0 -1
    outer loop
      vertex 3.7781054732259123 6.185456264335477 0
      vertex 3.3494381649793477 63.37940479473082 0
      vertex 3.5600076233257147 63.30792609530859 0
    endloop
  endfacet
  facet normal 0 0 -1
    outer loop
      vertex 3.7781054732259123 6.185456264335477 0
      vertex 3.5600076233257147 63.30792609530859 0
      vertex 3.7781054732259123 63.264543735664525 0
    endloop
  endfacet
  facet normal 0 0 -1
    outer loop
      vertex 3.7781054732259123 6.185456264335477 0
      vertex 3.7781054732259123 63.264543735664525 0
      vertex 4 63.25 0
    endloop
  endfacet
  facet normal -0.9978589233184303 -0.06540312801222277 0
    outer loop
      vertex 0 4 1
      vertex 0.03422055393457413 3.4778952300548553 2.5
      vertex 0 4 2.5
    endloop
  endfacet
  facet normal -0.9807852794583503 -0.1950903267663619 0
    outer loop
      vertex 0.03422055393457413 3.4778952300548553 1
      vertex 0.13629669696092606 2.9647238180041313 2.5
      vertex 0.03422055393457413 3.4778952300548553 2.5
    endloop
  endfacet
  facet normal -0.9469301290558151 -0.3214394665972703 0
    outer loop
      vertex 0.3044818714261055 2.4692662730813026 1
      vertex 0.3044818714261055 2.4692662730813026 2.5
      vertex 0.13629669696092606 2.9647238180041313 2.5
    endloop
  endfacet
  facet normal -0.8968727416500545 -0.4422886899810064 0
    outer loop
      vertex 0.3044818714261055 2.4692662730813026 1
      vertex 0.5358983874320984 2 2.5
      vertex 0.3044818714261055 2.4692662730813026 2.5
    endloop
  endfacet
  facet normal -0.8314696141679891 -0.5555702302277683 0
    outer loop
      vertex 0.8265866413712502 1.5649542808532715 1
      vertex 0.8265866413712502 1.5649542808532715 2.5
      vertex 0.5358983874320984 2 2.5
    endloop
  endfacet
  facet normal -0.7518398007112117 -0.6593458228172266 0
    outer loop
      vertex 1.1715728789567947 1.1715728789567947 1
      vertex 1.1715728789567947 1.1715728789567947 2.5
      vertex 0.8265866413712502 1.5649542808532715 2.5
    endloop
  endfacet
  facet normal -0.6593458228172266 -0.7518398007112117 0
    outer loop
      vertex 1.1715728789567947 1.1715728789567947 1
      vertex 1.5649542808532715 0.8265866413712502 2.5
      vertex 1.1715728789567947 1.1715728789567947 2.5
    endloop
  endfacet
  facet normal -0.5555702302277683 -0.8314696141679891 0
    outer loop
      vertex 1.5649542808532715 0.8265866413712502 1
      vertex 2 0.5358983874320984 2.5
      vertex 1.5649542808532715 0.8265866413712502 2.5
    endloop
  endfacet
  facet normal -0.705592811917608 -0.04624699536572175 0.7071067806136819
    outer loop
      vertex 0 4 2.5
      vertex 0.03422055393457413 3.4778952300548553 2.5
      vertex 1.0277927294373512 3.608701467514038 3.5
    endloop
  endfacet
  facet normal -0.693519923664744 -0.13794969333293594 0.7071067794819934
    outer loop
      vertex 0.03422055393457413 3.4778952300548553 2.5
      vertex 0.13629669696092606 2.9647238180041313 2.5
      vertex 1.1042950823903084 3.224098175764084 3.5
    endloop
  endfacet
  facet normal -0.6695807184953602 -0.2272920275665653 0.7071067780921897
    outer loop
      vertex 0.13629669696092606 2.9647238180041313 2.5
      vertex 0.3044818714261055 2.4692662730813026 2.5
      vertex 1.1042950823903084 3.224098175764084 3.5
    endloop
  endfacet
  facet normal -0.6341847975527699 -0.31274533196252297 0.7071067811077784
    outer loop
      vertex 0.3044818714261055 2.4692662730813026 2.5
      vertex 0.5358983874320984 2 2.5
      vertex 1.2303437292575836 2.8527708500623703 3.5
    endloop
  endfacet
  facet normal -0.5879378035833598 -0.3928474779240958 0.7071067799181759
    outer loop
      vertex 0.5358983874320984 2 2.5
      vertex 0.8265866413712502 1.5649542808532715 2.5
      vertex 1.6216422691941261 2.1750218868255615 3.5
    endloop
  endfacet
  facet normal -0.7055928107370495 -0.04624698802778338 0.707106782271637
    outer loop
      vertex 0 4 2.5
      vertex 1.0277927294373512 3.608701467514038 3.5
      vertex 1 4.032736651599407 3.5
    endloop
  endfacet
  facet normal -0.6935199236518963 -0.13794969288411346 0.7071067795821552
    outer loop
      vertex 0.03422055393457413 3.4778952300548553 2.5
      vertex 1.1042950823903084 3.224098175764084 3.5
      vertex 1.0277927294373512 3.608701467514038 3.5
    endloop
  endfacet
  facet normal -0.6695807146732723 -0.22729203376965368 0.7071067797175223
    outer loop
      vertex 0.3044818714261055 2.4692662730813026 2.5
      vertex 1.2303437292575836 2.8527708500623703 3.5
      vertex 1.1042950823903084 3.224098175764084 3.5
    endloop
  endfacet
  facet normal -0.5316310234662168 -0.4662279042302766 0.7071067785032941
    outer loop
      vertex 0.8265866413712502 1.5649542808532715 2.5
      vertex 1.1715728789567947 1.1715728789567947 2.5
      vertex 1.6216422691941261 2.1750218868255615 3.5
    endloop
  endfacet
  facet normal -0.4662279042302766 -0.5316310234662168 0.7071067785032941
    outer loop
      vertex 1.1715728789567947 1.1715728789567947 2.5
      vertex 1.5649542808532715 0.8265866413712502 2.5
      vertex 2.1750218868255615 1.6216422691941261 3.5
    endloop
  endfacet
  facet normal -0.3928474779240958 -0.5879378035833598 0.7071067799181759
    outer loop
      vertex 1.5649542808532715 0.8265866413712502 2.5
      vertex 2 0.5358983874320984 2.5
      vertex 2.1750218868255615 1.6216422691941261 3.5
    endloop
  endfacet
  facet normal -0.6341847970418341 -0.31274533259034076 0.707106781288346
    outer loop
      vertex 0.5358983874320984 2 2.5
      vertex 1.403781995177269 2.5010728389024734 3.5
      vertex 1.2303437292575836 2.8527708500623703 3.5
    endloop
  endfacet
  facet normal -0.5879378065686264 -0.39284747009018467 0.7071067817883051
    outer loop
      vertex 0.5358983874320984 2 2.5
      vertex 1.6216422691941261 2.1750218868255615 3.5
      vertex 1.403781995177269 2.5010728389024734 3.5
    endloop
  endfacet
  facet normal 0 0 1
    outer loop
      vertex 1 4.032736651599407 3.5
      vertex 1.0277927294373512 3.608701467514038 3.5
      vertex 1.1042950823903084 3.224098175764084 3.5
    endloop
  endfacet
  facet normal 0 0 1
    outer loop
      vertex 1 4.032736651599407 3.5
      vertex 1.1760874372607821 3.743334909317925 3.5
      vertex 1.1014817876306837 4.118402838039025 3.5
    endloop
  endfacet
  facet normal 0 0 1
    outer loop
      vertex 1 4.032736651599407 3.5
      vertex 1.1042950823903084 3.224098175764084 3.5
      vertex 1.403781995177269 2.5010728389024734 3.5
    endloop
  endfacet
  facet normal 0 0 1
    outer loop
      vertex 1.1042950823903084 3.224098175764084 3.5
      vertex 1.2303437292575836 2.8527708500623703 3.5
      vertex 1.403781995177269 2.5010728389024734 3.5
    endloop
  endfacet
  facet normal 0 0 1
    outer loop
      vertex 1 4.032736651599407 3.5
      vertex 1.403781995177269 2.5010728389024734 3.5
      vertex 1.1760874372607821 3.743334909317925 3.5
    endloop
  endfacet
  facet normal 0 0 1
    outer loop
      vertex 1 4.032736651599407 3.5
      vertex 1.1014817876306837 4.118402838039025 3.5
      vertex 1.076470588235294 4.5 3.5
    endloop
  endfacet
  facet normal 0 0 1
    outer loop
      vertex 1 4.032736651599407 3.5
      vertex 1.076470588235294 4.5 3.5
      vertex 1.1014817876306837 4.881597161960975 3.5
    endloop
  endfacet
  facet normal 0 0 1
    outer loop
      vertex 1.403781995177269 2.5010728389024734 3.5
      vertex 1.2990110137758264 3.3812137300855905 3.5
      vertex 1.1760874372607821 3.743334909317925 3.5
    endloop
  endfacet
  facet normal 0 0 1
    outer loop
      vertex 1.403781995177269 2.5010728389024734 3.5
      vertex 1.4681492607007878 3.038235294117647 3.5
      vertex 1.2990110137758264 3.3812137300855905 3.5
    endloop
  endfacet
  facet normal -0.5316310146709671 -0.4662279105877005 0.7071067809241721
    outer loop
      vertex 1.1715728789567947 1.1715728789567947 2.5
      vertex 1.8801968768239021 1.8801968768239021 3.5
      vertex 1.6216422691941261 2.1750218868255615 3.5
    endloop
  endfacet
  facet normal -0.4662279105877005 -0.5316310146709671 0.7071067809241721
    outer loop
      vertex 1.1715728789567947 1.1715728789567947 2.5
      vertex 2.1750218868255615 1.6216422691941261 3.5
      vertex 1.8801968768239021 1.8801968768239021 3.5
    endloop
  endfacet
  facet normal 0 0 1
    outer loop
      vertex 1.403781995177269 2.5010728389024734 3.5
      vertex 1.6806081757368003 2.7202680575450926 3.5
      vertex 1.4681492607007878 3.038235294117647 3.5
    endloop
  endfacet
  facet normal 0 0 1
    outer loop
      vertex 1.403781995177269 2.5010728389024734 3.5
      vertex 1.6216422691941261 2.1750218868255615 3.5
      vertex 1.8801968768239021 1.8801968768239021 3.5
    endloop
  endfacet
  facet normal 0 0 1
    outer loop
      vertex 1.403781995177269 2.5010728389024734 3.5
      vertex 2.5010728389024734 1.403781995177269 3.5
      vertex 1.6806081757368003 2.7202680575450926 3.5
    endloop
  endfacet
  facet normal 0 0 1
    outer loop
      vertex 1.403781995177269 2.5010728389024734 3.5
      vertex 1.8801968768239021 1.8801968768239021 3.5
      vertex 2.5010728389024734 1.403781995177269 3.5
    endloop
  endfacet
  facet normal 0 0 1
    outer loop
      vertex 1 4.032736651599407 3.5
      vertex 1.1014817876306837 4.881597161960975 3.5
      vertex 1.1014817876306837 64.56840283803903 3.5
    endloop
  endfacet
  facet normal 0 0 1
    outer loop
      vertex 1.1760874372607824 5.256665090682075 3.5
      vertex 1.1014817876306837 64.56840283803903 3.5
      vertex 1.1014817876306837 4.881597161960975 3.5
    endloop
  endfacet
  facet normal 0 0 1
    outer loop
      vertex 1.2990110137758264 5.618786269914409 3.5
      vertex 1.1760874372607824 64.19333490931793 3.5
      vertex 1.1760874372607824 5.256665090682075 3.5
    endloop
  endfacet
  facet normal 0 0 1
    outer loop
      vertex 1.468149260700788 5.961764705882353 3.5
      vertex 1.2990110137758264 63.831213730085594 3.5
      vertex 1.2990110137758264 5.618786269914409 3.5
    endloop
  endfacet
  facet normal 0 0 1
    outer loop
      vertex 1.468149260700788 5.961764705882353 3.5
      vertex 1.6806081757368003 6.279731942454907 3.5
      vertex 1.468149260700788 63.48823529411765 3.5
    endloop
  endfacet
  facet normal 0 0 1
    outer loop
      vertex 1.6806081757368003 6.279731942454907 3.5
      vertex 1.9327525279428577 6.567247472057142 3.5
      vertex 1.6806081757368003 63.170268057545094 3.5
    endloop
  endfacet
  facet normal -0.7071067811865475 0 0.7071067811865475
    outer loop
      vertex 0 4 2.5
      vertex 1 4.032736651599407 3.5
      vertex 0 125.89999999850988 2.5
    endloop
  endfacet
  facet normal 0 0 1
    outer loop
      vertex 1 4.032736651599407 3.5
      vertex 1.1014817876306837 64.56840283803903 3.5
      vertex 1.0764705882352938 64.95 3.5
    endloop
  endfacet
  facet normal 0 0 1
    outer loop
      vertex 1.1760874372607824 5.256665090682075 3.5
      vertex 1.1760874372607824 64.19333490931793 3.5
      vertex 1.1014817876306837 64.56840283803903 3.5
    endloop
  endfacet
  facet normal 0 0 1
    outer loop
      vertex 1.2990110137758264 5.618786269914409 3.5
      vertex 1.2990110137758264 63.831213730085594 3.5
      vertex 1.1760874372607824 64.19333490931793 3.5
    endloop
  endfacet
  facet normal 0 0 1
    outer loop
      vertex 1.468149260700788 5.961764705882353 3.5
      vertex 1.468149260700788 63.48823529411765 3.5
      vertex 1.2990110137758264 63.831213730085594 3.5
    endloop
  endfacet
  facet normal 0 0 1
    outer loop
      vertex 1.6806081757368003 6.279731942454907 3.5
      vertex 1.6806081757368003 63.170268057545094 3.5
      vertex 1.468149260700788 63.48823529411765 3.5
    endloop
  endfacet
  facet normal 0 0 1
    outer loop
      vertex 1.9327525279428577 6.567247472057142 3.5
      vertex 1.9327525279428577 62.882752527942856 3.5
      vertex 1.6806081757368003 63.170268057545094 3.5
    endloop
  endfacet
  facet normal -0.4422886899810064 -0.8968727416500545 0
    outer loop
      vertex 2.4692662730813026 0.3044818714261055 1
      vertex 2.4692662730813026 0.3044818714261055 2.5
      vertex 2 0.5358983874320984 2.5
    endloop
  endfacet
  facet normal -0.3214394665972703 -0.9469301290558151 0
    outer loop
      vertex 2.9647238180041313 0.13629669696092606 1
      vertex 2.9647238180041313 0.13629669696092606 2.5
      vertex 2.4692662730813026 0.3044818714261055 2.5
    endloop
  endfacet
  facet normal -0.1950903267663619 -0.9807852794583503 0
    outer loop
      vertex 2.9647238180041313 0.13629669696092606 1
      vertex 3.4778952300548553 0.03422055393457413 2.5
      vertex 2.9647238180041313 0.13629669696092606 2.5
    endloop
  endfacet
  facet normal -0.06540312801222277 -0.9978589233184303 0
    outer loop
      vertex 3.4778952300548553 0.03422055393457413 1
      vertex 4 0 2.5
      vertex 3.4778952300548553 0.03422055393457413 2.5
    endloop
  endfacet
  facet normal -0.31274533196252297 -0.6341847975527699 0.7071067811077784
    outer loop
      vertex 2 0.5358983874320984 2.5
      vertex 2.4692662730813026 0.3044818714261055 2.5
      vertex 2.8527708500623703 1.2303437292575836 3.5
    endloop
  endfacet
  facet normal -0.2272920275665653 -0.6695807184953602 0.7071067780921897
    outer loop
      vertex 2.4692662730813026 0.3044818714261055 2.5
      vertex 2.9647238180041313 0.13629669696092606 2.5
      vertex 3.224098175764084 1.1042950823903084 3.5
    endloop
  endfacet
  facet normal -0.39284747009018467 -0.5879378065686264 0.7071067817883051
    outer loop
      vertex 2 0.5358983874320984 2.5
      vertex 2.5010728389024734 1.403781995177269 3.5
      vertex 2.1750218868255615 1.6216422691941261 3.5
    endloop
  endfacet
  facet normal -0.31274533259034076 -0.6341847970418341 0.707106781288346
    outer loop
      vertex 2 0.5358983874320984 2.5
      vertex 2.8527708500623703 1.2303437292575836 3.5
      vertex 2.5010728389024734 1.403781995177269 3.5
    endloop
  endfacet
  facet normal 0 0 1
    outer loop
      vertex 2.5010728389024734 1.403781995177269 3.5
      vertex 1.9327525279428577 2.4327525279428577 3.5
      vertex 1.6806081757368003 2.7202680575450926 3.5
    endloop
  endfacet
  facet normal 0 0 1
    outer loop
      vertex 1.8801968768239021 1.8801968768239021 3.5
      vertex 2.1750218868255615 1.6216422691941261 3.5
      vertex 2.5010728389024734 1.403781995177269 3.5
    endloop
  endfacet
  facet normal 0 0 1
    outer loop
      vertex 2.5010728389024734 1.403781995177269 3.5
      vertex 2.2202680575450926 2.1806081757368 3.5
      vertex 1.9327525279428577 2.4327525279428577 3.5
    endloop
  endfacet
  facet normal 0 0 1
    outer loop
      vertex 2.5010728389024734 1.403781995177269 3.5
      vertex 2.538235294117647 1.968149260700788 3.5
      vertex 2.2202680575450926 2.1806081757368 3.5
    endloop
  endfacet
  facet normal -0.22729203376965368 -0.6695807146732723 0.7071067797175223
    outer loop
      vertex 2.4692662730813026 0.3044818714261055 2.5
      vertex 3.224098175764084 1.1042950823903084 3.5
      vertex 2.8527708500623703 1.2303437292575836 3.5
    endloop
  endfacet
  facet normal 0 0 1
    outer loop
      vertex 2.5010728389024734 1.403781995177269 3.5
      vertex 2.8812137300855905 1.7990110137758264 3.5
      vertex 2.538235294117647 1.968149260700788 3.5
    endloop
  endfacet
  facet normal 0 0 1
    outer loop
      vertex 2.5010728389024734 1.403781995177269 3.5
      vertex 2.8527708500623703 1.2303437292575836 3.5
      vertex 3.224098175764084 1.1042950823903084 3.5
    endloop
  endfacet
  facet normal 0 0 1
    outer loop
      vertex 2.5010728389024734 1.403781995177269 3.5
      vertex 3.2433349093179245 1.6760874372607824 3.5
      vertex 2.8812137300855905 1.7990110137758264 3.5
    endloop
  endfacet
  facet normal 0 0 1
    outer loop
      vertex 1.9327525279428577 6.567247472057142 3.5
      vertex 2.2202680575450926 6.8193918242631995 3.5
      vertex 1.9327525279428577 62.882752527942856 3.5
    endloop
  endfacet
  facet normal 0 0 1
    outer loop
      vertex 2.2202680575450926 6.8193918242631995 3.5
      vertex 2.538235294117647 7.0318507392992124 3.5
      vertex 2.2202680575450926 62.6306081757368 3.5
    endloop
  endfacet
  facet normal 0 0 1
    outer loop
      vertex 2.538235294117647 7.0318507392992124 3.5
      vertex 2.8812137300855905 7.200988986224174 3.5
      vertex 2.538235294117647 62.418149260700794 3.5
    endloop
  endfacet
  facet normal -0.13794969333293594 -0.693519923664744 0.7071067794819934
    outer loop
      vertex 2.9647238180041313 0.13629669696092606 2.5
      vertex 3.4778952300548553 0.03422055393457413 2.5
      vertex 3.224098175764084 1.1042950823903084 3.5
    endloop
  endfacet
  facet normal -0.04624699536572175 -0.705592811917608 0.7071067806136819
    outer loop
      vertex 3.4778952300548553 0.03422055393457413 2.5
      vertex 4 0 2.5
      vertex 3.608701467514038 1.0277927294373512 3.5
    endloop
  endfacet
  facet normal -0.13794969288411346 -0.6935199236518963 0.7071067795821552
    outer loop
      vertex 3.4778952300548553 0.03422055393457413 2.5
      vertex 3.608701467514038 1.0277927294373512 3.5
      vertex 3.224098175764084 1.1042950823903084 3.5
    endloop
  endfacet
  facet normal 0 0 1
    outer loop
      vertex 2.5010728389024734 1.403781995177269 3.5
      vertex 3.224098175764084 1.1042950823903084 3.5
      vertex 3.608701467514038 1.0277927294373512 3.5
    endloop
  endfacet
  facet normal 0 0 1
    outer loop
      vertex 2.5010728389024734 1.403781995177269 3.5
      vertex 3.618402838039026 1.6014817876306837 3.5
      vertex 3.2433349093179245 1.6760874372607824 3.5
    endloop
  endfacet
  facet normal -0.04624698720653301 -0.7055928106049233 0.7071067824571927
    outer loop
      vertex 3.608701467514038 1.0277927294373512 3.5
      vertex 4 0 2.5
      vertex 4.032736659049988 1 3.5
    endloop
  endfacet
  facet normal 0 0 1
    outer loop
      vertex 2.8812137300855905 7.200988986224174 3.5
      vertex 3.2433349093179245 7.323912562739218 3.5
      vertex 2.8812137300855905 62.24901101377583 3.5
    endloop
  endfacet
  facet normal 0 0 1
    outer loop
      vertex 3.2433349093179245 7.323912562739218 3.5
      vertex 3.618402838039026 7.398518212369316 3.5
      vertex 3.2433349093179245 62.126087437260786 3.5
    endloop
  endfacet
  facet normal 0 0 1
    outer loop
      vertex 4 7.423529411764706 3.5
      vertex 3.618402838039026 62.051481787630685 3.5
      vertex 3.618402838039026 7.398518212369316 3.5
    endloop
  endfacet
  facet normal 0 0 1
    outer loop
      vertex 2.2202680575450926 6.8193918242631995 3.5
      vertex 2.2202680575450926 62.6306081757368 3.5
      vertex 1.9327525279428577 62.882752527942856 3.5
    endloop
  endfacet
  facet normal 0 0 1
    outer loop
      vertex 2.538235294117647 7.0318507392992124 3.5
      vertex 2.538235294117647 62.418149260700794 3.5
      vertex 2.2202680575450926 62.6306081757368 3.5
    endloop
  endfacet
  facet normal 0 0 1
    outer loop
      vertex 2.8812137300855905 7.200988986224174 3.5
      vertex 2.8812137300855905 62.24901101377583 3.5
      vertex 2.538235294117647 62.418149260700794 3.5
    endloop
  endfacet
  facet normal 0 0 1
    outer loop
      vertex 3.2433349093179245 7.323912562739218 3.5
      vertex 3.2433349093179245 62.126087437260786 3.5
      vertex 2.8812137300855905 62.24901101377583 3.5
    endloop
  endfacet
  facet normal 0 0 1
    outer loop
      vertex 3.618402838039026 7.398518212369316 3.5
      vertex 3.618402838039026 62.051481787630685 3.5
      vertex 3.2433349093179245 62.126087437260786 3.5
    endloop
  endfacet
  facet normal 0 0 1
    outer loop
      vertex 4 62.0264705882353 3.5
      vertex 3.618402838039026 62.051481787630685 3.5
      vertex 4 7.423529411764706 3.5
    endloop
  endfacet
  facet normal -0.7071067811865475 0 -0.7071067811865475
    outer loop
      vertex 1 4.032736651599407 0
      vertex 0 125.89999999850988 1
      vertex 1 125.8672633394599 0
    endloop
  endfacet
  facet normal 0 0 -1
    outer loop
      vertex 1 4.032736651599407 0
      vertex 1 125.8672633394599 0
      vertex 1.4037819728255272 127.39892712980509 0
    endloop
  endfacet
  facet normal -0.7055928105651349 0.04624698801651551 -0.7071067824439204
    outer loop
      vertex 1 125.8672633394599 0
      vertex 0 125.89999999850988 1
      vertex 1.0277927294373512 126.29129852354527 0
    endloop
  endfacet
  facet normal -0.6935199235866368 0.13794969012569333 -0.7071067801843018
    outer loop
      vertex 1.0277927294373512 126.29129852354527 0
      vertex 0.03422055393457413 126.42210476845503 1
      vertex 1.1042950749397278 126.6759017854929 0
    endloop
  endfacet
  facet normal -0.6695807127273777 0.2272920321222975 -0.7071067820896737
    outer loop
      vertex 1.1042950749397278 126.6759017854929 0
      vertex 0.3044818714261055 127.43073373287916 1
      vertex 1.2303437516093254 127.04722920060158 0
    endloop
  endfacet
  facet normal -0.6341848000025447 0.31274532631992596 -0.7071067814062989
    outer loop
      vertex 1.2303437516093254 127.04722920060158 0
      vertex 0.3044818714261055 127.43073373287916 1
      vertex 1.4037819728255272 127.39892712980509 0
    endloop
  endfacet
  facet normal -0.7055928117456935 0.04624699535445388 -0.7071067807859656
    outer loop
      vertex 1.0277927294373512 126.29129852354527 0
      vertex 0 125.89999999850988 1
      vertex 0.03422055393457413 126.42210476845503 1
    endloop
  endfacet
  facet normal -0.6935199236785238 0.13794969333567692 -0.7071067794679436
    outer loop
      vertex 1.1042950749397278 126.6759017854929 0
      vertex 0.03422055393457413 126.42210476845503 1
      vertex 0.13629669696092606 126.93527618050575 1
    endloop
  endfacet
  facet normal -0.6695807177883252 0.22729202390859227 -0.707106779937519
    outer loop
      vertex 1.1042950749397278 126.6759017854929 0
      vertex 0.13629669696092606 126.93527618050575 1
      vertex 0.3044818714261055 127.43073373287916 1
    endloop
  endfacet
  facet normal -0.6341847974904069 0.3127453368972533 -0.7071067789811345
    outer loop
      vertex 1.4037819728255272 127.39892712980509 0
      vertex 0.3044818714261055 127.43073373287916 1
      vertex 0.5358983874320984 127.89999999850988 1
    endloop
  endfacet
  facet normal -0.5879378028471107 0.39284747743214987 -0.7071067808036552
    outer loop
      vertex 1.4037819728255272 127.39892712980509 0
      vertex 0.5358983874320984 127.89999999850988 1
      vertex 0.8265866413712502 128.3350457176566 1
    endloop
  endfacet
  facet normal 0 0 -1
    outer loop
      vertex 1 125.8672633394599 0
      vertex 1.0277927294373512 126.29129852354527 0
      vertex 1.1042950749397278 126.6759017854929 0
    endloop
  endfacet
  facet normal 0 0 -1
    outer loop
      vertex 1 125.8672633394599 0
      vertex 1.1042950749397278 126.6759017854929 0
      vertex 1.4037819728255272 127.39892712980509 0
    endloop
  endfacet
  facet normal 0 0 -1
    outer loop
      vertex 1.1042950749397278 126.6759017854929 0
      vertex 1.2303437516093254 127.04722920060158 0
      vertex 1.4037819728255272 127.39892712980509 0
    endloop
  endfacet
  facet normal -0.5879378006484373 0.3928474795084503 -0.7071067814782546
    outer loop
      vertex 1.4037819728255272 127.39892712980509 0
      vertex 0.8265866413712502 128.3350457176566 1
      vertex 1.6216422691941261 127.72497810423374 0
    endloop
  endfacet
  facet normal 0 0 -1
    outer loop
      vertex 1.4037819728255272 127.39892712980509 0
      vertex 1.6216422691941261 127.72497810423374 0
      vertex 2.1750218868255615 128.27835772931576 0
    endloop
  endfacet
  facet normal 0 0 -1
    outer loop
      vertex 1.6216422691941261 127.72497810423374 0
      vertex 1.8801968842744827 128.01980312913656 0
      vertex 2.1750218868255615 128.27835772931576 0
    endloop
  endfacet
  facet normal -0.5316310183909375 0.4662279037207055 -0.7071067826550748
    outer loop
      vertex 1.6216422691941261 127.72497810423374 0
      vertex 1.1715728789567947 128.72842712700367 1
      vertex 1.8801968842744827 128.01980312913656 0
    endloop
  endfacet
  facet normal -0.46622790853510204 0.531631014215101 -0.7071067826202826
    outer loop
      vertex 1.8801968842744827 128.01980312913656 0
      vertex 1.1715728789567947 128.72842712700367 1
      vertex 2.1750218868255615 128.27835772931576 0
    endloop
  endfacet
  facet normal -0.5316310263741865 0.466227897950216 -0.7071067804576987
    outer loop
      vertex 1.6216422691941261 127.72497810423374 0
      vertex 0.8265866413712502 128.3350457176566 1
      vertex 1.1715728789567947 128.72842712700367 1
    endloop
  endfacet
  facet normal -0.46622790292445543 0.5316310219772132 -0.707106780483774
    outer loop
      vertex 1.1715728789567947 128.72842712700367 1
      vertex 1.5649542808532715 129.07341336458921 1
      vertex 2.1750218868255615 128.27835772931576 0
    endloop
  endfacet
  facet normal -0.3928474767072642 0.5879378017622426 -0.707106782108415
    outer loop
      vertex 1.5649542808532715 129.07341336458921 1
      vertex 2 129.36410161852837 1
      vertex 2.1750218868255615 128.27835772931576 0
    endloop
  endfacet
  facet normal -0.9978589233184303 0.06540312801222277 0
    outer loop
      vertex 0 125.89999999850988 1
      vertex 0.03422055393457413 126.42210476845503 2.5
      vertex 0.03422055393457413 126.42210476845503 1
    endloop
  endfacet
  facet normal -0.9807852794583503 0.1950903267663619 0
    outer loop
      vertex 0.03422055393457413 126.42210476845503 1
      vertex 0.03422055393457413 126.42210476845503 2.5
      vertex 0.13629669696092606 126.93527618050575 1
    endloop
  endfacet
  facet normal -0.9469301305271107 0.3214394622629726 0
    outer loop
      vertex 0.13629669696092606 126.93527618050575 1
      vertex 0.3044818714261055 127.43073373287916 2.5
      vertex 0.3044818714261055 127.43073373287916 1
    endloop
  endfacet
  facet normal -0.8968727388644896 0.4422886956295731 0
    outer loop
      vertex 0.3044818714261055 127.43073373287916 1
      vertex 0.3044818714261055 127.43073373287916 2.5
      vertex 0.5358983874320984 127.89999999850988 1
    endloop
  endfacet
  facet normal -0.8314696141679891 0.5555702302277683 0
    outer loop
      vertex 0.5358983874320984 127.89999999850988 1
      vertex 0.8265866413712502 128.3350457176566 2.5
      vertex 0.8265866413712502 128.3350457176566 1
    endloop
  endfacet
  facet normal -0.7518398069017457 0.6593458157582754 0
    outer loop
      vertex 0.8265866413712502 128.3350457176566 1
      vertex 1.1715728789567947 128.72842712700367 2.5
      vertex 1.1715728789567947 128.72842712700367 1
    endloop
  endfacet
  facet normal -0.6593458228172266 0.7518398007112117 0
    outer loop
      vertex 1.1715728789567947 128.72842712700367 1
      vertex 1.1715728789567947 128.72842712700367 2.5
      vertex 1.5649542808532715 129.07341336458921 1
    endloop
  endfacet
  facet normal -0.5555702302277683 0.8314696141679891 0
    outer loop
      vertex 1.5649542808532715 129.07341336458921 1
      vertex 2 129.36410161852837 2.5
      vertex 2 129.36410161852837 1
    endloop
  endfacet
  facet normal 0 0 -1
    outer loop
      vertex 1.4037819728255272 127.39892712980509 0
      vertex 2.3145437356645227 65.1718945267741 0
      vertex 2.3 64.95 0
    endloop
  endfacet
  facet normal 0 0 -1
    outer loop
      vertex 1.4037819728255272 127.39892712980509 0
      vertex 2.357926095308584 65.38999237667429 0
      vertex 2.3145437356645227 65.1718945267741 0
    endloop
  endfacet
  facet normal 0 0 -1
    outer loop
      vertex 1.4037819728255272 127.39892712980509 0
      vertex 2.4294047947308126 65.60056183502066 0
      vertex 2.357926095308584 65.38999237667429 0
    endloop
  endfacet
  facet normal 0 0 -1
    outer loop
      vertex 1.4037819728255272 127.39892712980509 0
      vertex 2.5277568135664543 65.8 0
      vertex 2.4294047947308126 65.60056183502066 0
    endloop
  endfacet
  facet normal 0 0 -1
    outer loop
      vertex 1.4037819728255272 127.39892712980509 0
      vertex 2.6512993215049003 65.98489442931483 0
      vertex 2.5277568135664543 65.8 0
    endloop
  endfacet
  facet normal 0 0 -1
    outer loop
      vertex 1.4037819728255272 127.39892712980509 0
      vertex 2.797918471982869 66.15208152801713 0
      vertex 2.6512993215049003 65.98489442931483 0
    endloop
  endfacet
  facet normal 0 0 -1
    outer loop
      vertex 1.4037819728255272 127.39892712980509 0
      vertex 2.965105570685175 66.29870067849511 0
      vertex 2.797918471982869 66.15208152801713 0
    endloop
  endfacet
  facet normal 0 0 -1
    outer loop
      vertex 1.4037819728255272 127.39892712980509 0
      vertex 3.15 66.42224318643355 0
      vertex 2.965105570685175 66.29870067849511 0
    endloop
  endfacet
  facet normal 0 0 -1
    outer loop
      vertex 1.4037819728255272 127.39892712980509 0
      vertex 3.3494381649793477 66.52059520526919 0
      vertex 3.15 66.42224318643355 0
    endloop
  endfacet
  facet normal 0 0 -1
    outer loop
      vertex 1.4037819728255272 127.39892712980509 0
      vertex 3.5600076233257147 66.59207390469142 0
      vertex 3.3494381649793477 66.52059520526919 0
    endloop
  endfacet
  facet normal 0 0 -1
    outer loop
      vertex 1.4037819728255272 127.39892712980509 0
      vertex 3.7781054732259123 66.63545626433547 0
      vertex 3.5600076233257147 66.59207390469142 0
    endloop
  endfacet
  facet normal 0 0 -1
    outer loop
      vertex 1.4037819728255272 127.39892712980509 0
      vertex 4 66.65 0
      vertex 3.7781054732259123 66.63545626433547 0
    endloop
  endfacet
  facet normal 0 0 -1
    outer loop
      vertex 4 66.65 0
      vertex 2.357926095308584 124.96000762332572 0
      vertex 2.4294047947308126 124.74943816497935 0
    endloop
  endfacet
  facet normal 0 0 -1
    outer loop
      vertex 4 66.65 0
      vertex 2.4294047947308126 124.74943816497935 0
      vertex 2.5277568135664543 124.55000000000001 0
    endloop
  endfacet
  facet normal 0 0 -1
    outer loop
      vertex 1.4037819728255272 127.39892712980509 0
      vertex 2.3 125.4 0
      vertex 4 66.65 0
    endloop
  endfacet
  facet normal 0 0 -1
    outer loop
      vertex 4 66.65 0
      vertex 2.3 125.4 0
      vertex 2.3145437356645227 125.17810547322591 0
    endloop
  endfacet
  facet normal 0 0 -1
    outer loop
      vertex 4 66.65 0
      vertex 2.3145437356645227 125.17810547322591 0
      vertex 2.357926095308584 124.96000762332572 0
    endloop
  endfacet
  facet normal 0 0 -1
    outer loop
      vertex 1.4037819728255272 127.39892712980509 0
      vertex 2.3145437356645227 125.6218945267741 0
      vertex 2.3 125.4 0
    endloop
  endfacet
  facet normal 0 0 -1
    outer loop
      vertex 1.4037819728255272 127.39892712980509 0
      vertex 2.357926095308584 125.83999237667429 0
      vertex 2.3145437356645227 125.6218945267741 0
    endloop
  endfacet
  facet normal 0 0 -1
    outer loop
      vertex 1.4037819728255272 127.39892712980509 0
      vertex 2.4294047947308126 126.05056183502066 0
      vertex 2.357926095308584 125.83999237667429 0
    endloop
  endfacet
  facet normal 0 0 -1
    outer loop
      vertex 1.4037819728255272 127.39892712980509 0
      vertex 2.5277568135664543 126.25 0
      vertex 2.4294047947308126 126.05056183502066 0
    endloop
  endfacet
  facet normal 0 0 -1
    outer loop
      vertex 1.4037819728255272 127.39892712980509 0
      vertex 2.6512993215049003 126.43489442931482 0
      vertex 2.5277568135664543 126.25 0
    endloop
  endfacet
  facet normal 0 0 -1
    outer loop
      vertex 1.4037819728255272 127.39892712980509 0
      vertex 2.797918471982869 126.60208152801714 0
      vertex 2.6512993215049003 126.43489442931482 0
    endloop
  endfacet
  facet normal 0 0 -1
    outer loop
      vertex 1.4037819728255272 127.39892712980509 0
      vertex 2.1750218868255615 128.27835772931576 0
      vertex 3.224098175764084 128.795704908669 0
    endloop
  endfacet
  facet normal 0 0 -1
    outer loop
      vertex 1.4037819728255272 127.39892712980509 0
      vertex 2.965105570685175 126.74870067849511 0
      vertex 2.797918471982869 126.60208152801714 0
    endloop
  endfacet
  facet normal -0.3928474759798774 0.5879378020394277 -0.7071067822820584
    outer loop
      vertex 2.1750218868255615 128.27835772931576 0
      vertex 2 129.36410161852837 1
      vertex 2.5010728538036346 128.49621801823378 0
    endloop
  endfacet
  facet normal 0 0 -1
    outer loop
      vertex 1.4037819728255272 127.39892712980509 0
      vertex 3.15 126.87224318643355 0
      vertex 2.965105570685175 126.74870067849511 0
    endloop
  endfacet
  facet normal 0 0 -1
    outer loop
      vertex 1.4037819728255272 127.39892712980509 0
      vertex 3.3494381649793477 126.97059520526919 0
      vertex 3.15 126.87224318643355 0
    endloop
  endfacet
  facet normal 0 0 -1
    outer loop
      vertex 2.1750218868255615 128.27835772931576 0
      vertex 2.5010728538036346 128.49621801823378 0
      vertex 3.224098175764084 128.795704908669 0
    endloop
  endfacet
  facet normal 0 0 -1
    outer loop
      vertex 2.5010728538036346 128.49621801823378 0
      vertex 2.852770820260048 128.66965625435114 0
      vertex 3.224098175764084 128.795704908669 0
    endloop
  endfacet
  facet normal -0.31274532121988435 0.6341848023486658 -0.7071067815578175
    outer loop
      vertex 2.5010728538036346 128.49621801823378 0
      vertex 2.4692662730813026 129.59551812708378 1
      vertex 2.852770820260048 128.66965625435114 0
    endloop
  endfacet
  facet normal -0.22729202899215506 0.6695807147609325 -0.7071067811701909
    outer loop
      vertex 2.852770820260048 128.66965625435114 0
      vertex 2.4692662730813026 129.59551812708378 1
      vertex 3.224098175764084 128.795704908669 0
    endloop
  endfacet
  facet normal -0.3127453239400024 0.634184801702632 -0.70710678093415
    outer loop
      vertex 2.5010728538036346 128.49621801823378 0
      vertex 2 129.36410161852837 1
      vertex 2.4692662730813026 129.59551812708378 1
    endloop
  endfacet
  facet normal -0.2272920267647723 0.6695807161333541 -0.7071067805865722
    outer loop
      vertex 3.224098175764084 128.795704908669 0
      vertex 2.4692662730813026 129.59551812708378 1
      vertex 2.9647238180041313 129.76370330154896 1
    endloop
  endfacet
  facet normal 0 0 -1
    outer loop
      vertex 4 66.65 0
      vertex 2.5277568135664543 124.55000000000001 0
      vertex 2.6512993215049003 124.36510557068519 0
    endloop
  endfacet
  facet normal 0 0 -1
    outer loop
      vertex 4 66.65 0
      vertex 2.6512993215049003 124.36510557068519 0
      vertex 2.797918471982869 124.19791847198287 0
    endloop
  endfacet
  facet normal 0 0 -1
    outer loop
      vertex 4 66.65 0
      vertex 2.797918471982869 124.19791847198287 0
      vertex 2.965105570685175 124.0512993215049 0
    endloop
  endfacet
  facet normal 0 0 -1
    outer loop
      vertex 4 66.65 0
      vertex 2.965105570685175 124.0512993215049 0
      vertex 3.15 123.92775681356646 0
    endloop
  endfacet
  facet normal 0 0 -1
    outer loop
      vertex 4 66.65 0
      vertex 3.15 123.92775681356646 0
      vertex 3.3494381649793477 123.82940479473082 0
    endloop
  endfacet
  facet normal 0 0 -1
    outer loop
      vertex 4 66.65 0
      vertex 3.3494381649793477 123.82940479473082 0
      vertex 3.5600076233257147 123.75792609530859 0
    endloop
  endfacet
  facet normal 0 0 -1
    outer loop
      vertex 4 66.65 0
      vertex 3.5600076233257147 123.75792609530859 0
      vertex 3.7781054732259123 123.71454373566453 0
    endloop
  endfacet
  facet normal 0 0 -1
    outer loop
      vertex 4 66.65 0
      vertex 3.7781054732259123 123.71454373566453 0
      vertex 4 123.7 0
    endloop
  endfacet
  facet normal -0.1379496923800853 0.6935199211179758 -0.7071067821657182
    outer loop
      vertex 3.224098175764084 128.795704908669 0
      vertex 3.4778952300548553 129.8657794445753 1
      vertex 3.608701467514038 128.87220726162195 0
    endloop
  endfacet
  facet normal 0 0 -1
    outer loop
      vertex 3.224098175764084 128.795704908669 0
      vertex 3.608701467514038 128.87220726162195 0
      vertex 4.032736659049988 128.89999999850988 0
    endloop
  endfacet
  facet normal 0 0 -1
    outer loop
      vertex 1.4037819728255272 127.39892712980509 0
      vertex 7 128.89999999850988 0
      vertex 3.3494381649793477 126.97059520526919 0
    endloop
  endfacet
  facet normal 0 0 -1
    outer loop
      vertex 1.4037819728255272 127.39892712980509 0
      vertex 3.224098175764084 128.795704908669 0
      vertex 7 128.89999999850988 0
    endloop
  endfacet
  facet normal -0.046246999490643634 0.7055928088713443 -0.7071067833836407
    outer loop
      vertex 3.608701467514038 128.87220726162195 0
      vertex 3.4778952300548553 129.8657794445753 1
      vertex 4.032736659049988 128.89999999850988 0
    endloop
  endfacet
  facet normal -0.1379496928289078 0.6935199211308235 -0.7071067820655563
    outer loop
      vertex 3.224098175764084 128.795704908669 0
      vertex 2.9647238180041313 129.76370330154896 1
      vertex 3.4778952300548553 129.8657794445753 1
    endloop
  endfacet
  facet normal -0.04624699525377449 0.7055928102096228 -0.7071067823253321
    outer loop
      vertex 3.4778952300548553 129.8657794445753 1
      vertex 4 129.89999999850988 1
      vertex 4.032736659049988 128.89999999850988 0
    endloop
  endfacet
  facet normal -0.44228867852684617 0.8968727472986211 0
    outer loop
      vertex 2 129.36410161852837 1
      vertex 2 129.36410161852837 2.5
      vertex 2.4692662730813026 129.59551812708378 1
    endloop
  endfacet
  facet normal -0.3214394665972703 0.9469301290558151 0
    outer loop
      vertex 2.4692662730813026 129.59551812708378 1
      vertex 2.9647238180041313 129.76370330154896 2.5
      vertex 2.9647238180041313 129.76370330154896 1
    endloop
  endfacet
  facet normal -0.1950903267663619 0.9807852794583503 0
    outer loop
      vertex 2.9647238180041313 129.76370330154896 1
      vertex 2.9647238180041313 129.76370330154896 2.5
      vertex 3.4778952300548553 129.8657794445753 1
    endloop
  endfacet
  facet normal -0.06540312801222277 0.9978589233184303 0
    outer loop
      vertex 3.4778952300548553 129.8657794445753 1
      vertex 4 129.89999999850988 2.5
      vertex 4 129.89999999850988 1
    endloop
  endfacet
  facet normal -1 0 0
    outer loop
      vertex 0 4 2.5
      vertex 0 125.89999999850988 2.5
      vertex 0 125.89999999850988 1
    endloop
  endfacet
  facet normal -0.7071067811865475 0 0.7071067811865475
    outer loop
      vertex 1 4.032736651599407 3.5
      vertex 1 125.8672633394599 3.5
      vertex 0 125.89999999850988 2.5
    endloop
  endfacet
  facet normal 0 0 1
    outer loop
      vertex 1 4.032736651599407 3.5
      vertex 1.0764705882352938 64.95 3.5
      vertex 1.0277927294373512 126.29129852354527 3.5
    endloop
  endfacet
  facet normal 0 0 1
    outer loop
      vertex 1 4.032736651599407 3.5
      vertex 1.0277927294373512 126.29129852354527 3.5
      vertex 1 125.8672633394599 3.5
    endloop
  endfacet
  facet normal 0 0 1
    outer loop
      vertex 1.0277927294373512 126.29129852354527 3.5
      vertex 1.0764705882352938 64.95 3.5
      vertex 1.1014817876306837 65.33159716196097 3.5
    endloop
  endfacet
  facet normal 0 0 1
    outer loop
      vertex 1.0277927294373512 126.29129852354527 3.5
      vertex 1.1014817876306837 65.33159716196097 3.5
      vertex 1.1760874372607824 65.70666509068208 3.5
    endloop
  endfacet
  facet normal 0 0 1
    outer loop
      vertex 1.0277927294373512 126.29129852354527 3.5
      vertex 1.1760874372607824 65.70666509068208 3.5
      vertex 1.2990110137758264 66.06878626991441 3.5
    endloop
  endfacet
  facet normal 0 0 1
    outer loop
      vertex 1.0277927294373512 126.29129852354527 3.5
      vertex 1.2990110137758264 66.06878626991441 3.5
      vertex 1.468149260700788 66.41176470588236 3.5
    endloop
  endfacet
  facet normal 0 0 1
    outer loop
      vertex 1.0277927294373512 126.29129852354527 3.5
      vertex 1.468149260700788 66.41176470588236 3.5
      vertex 1.6806081757368003 66.7297319424549 3.5
    endloop
  endfacet
  facet normal 0 0 1
    outer loop
      vertex 1.0277927294373512 126.29129852354527 3.5
      vertex 1.6806081757368003 66.7297319424549 3.5
      vertex 1.9327525279428577 67.01724747205715 3.5
    endloop
  endfacet
  facet normal 0 0 1
    outer loop
      vertex 1.0277927294373512 126.29129852354527 3.5
      vertex 1.9327525279428577 67.01724747205715 3.5
      vertex 2.2202680575450926 67.2693918242632 3.5
    endloop
  endfacet
  facet normal 0 0 1
    outer loop
      vertex 1.0277927294373512 126.29129852354527 3.5
      vertex 2.2202680575450926 67.2693918242632 3.5
      vertex 2.538235294117647 67.48185073929922 3.5
    endloop
  endfacet
  facet normal -0.9978589233184303 0.06540312801222277 0
    outer loop
      vertex 0 125.89999999850988 1
      vertex 0 125.89999999850988 2.5
      vertex 0.03422055393457413 126.42210476845503 2.5
    endloop
  endfacet
  facet normal -0.9807852794583503 0.1950903267663619 0
    outer loop
      vertex 0.13629669696092606 126.93527618050575 1
      vertex 0.03422055393457413 126.42210476845503 2.5
      vertex 0.13629669696092606 126.93527618050575 2.5
    endloop
  endfacet
  facet normal -0.9469301305271107 0.3214394622629726 0
    outer loop
      vertex 0.13629669696092606 126.93527618050575 1
      vertex 0.13629669696092606 126.93527618050575 2.5
      vertex 0.3044818714261055 127.43073373287916 2.5
    endloop
  endfacet
  facet normal -0.8968727388644896 0.4422886956295731 0
    outer loop
      vertex 0.5358983874320984 127.89999999850988 1
      vertex 0.3044818714261055 127.43073373287916 2.5
      vertex 0.5358983874320984 127.89999999850988 2.5
    endloop
  endfacet
  facet normal -0.8314696141679891 0.5555702302277683 0
    outer loop
      vertex 0.5358983874320984 127.89999999850988 1
      vertex 0.5358983874320984 127.89999999850988 2.5
      vertex 0.8265866413712502 128.3350457176566 2.5
    endloop
  endfacet
  facet normal -0.7518398069017457 0.6593458157582754 0
    outer loop
      vertex 0.8265866413712502 128.3350457176566 1
      vertex 0.8265866413712502 128.3350457176566 2.5
      vertex 1.1715728789567947 128.72842712700367 2.5
    endloop
  endfacet
  facet normal -0.6593458228172266 0.7518398007112117 0
    outer loop
      vertex 1.5649542808532715 129.07341336458921 1
      vertex 1.1715728789567947 128.72842712700367 2.5
      vertex 1.5649542808532715 129.07341336458921 2.5
    endloop
  endfacet
  facet normal -0.5555702302277683 0.8314696141679891 0
    outer loop
      vertex 1.5649542808532715 129.07341336458921 1
      vertex 1.5649542808532715 129.07341336458921 2.5
      vertex 2 129.36410161852837 2.5
    endloop
  endfacet
  facet normal -0.7055928117456935 0.04624699535445388 0.7071067807859656
    outer loop
      vertex 0 125.89999999850988 2.5
      vertex 1.0277927294373512 126.29129852354527 3.5
      vertex 0.03422055393457413 126.42210476845503 2.5
    endloop
  endfacet
  facet normal -0.6935199236785238 0.13794969333567692 0.7071067794679436
    outer loop
      vertex 0.03422055393457413 126.42210476845503 2.5
      vertex 1.1042950749397278 126.6759017854929 3.5
      vertex 0.13629669696092606 126.93527618050575 2.5
    endloop
  endfacet
  facet normal -0.6695807177883252 0.22729202390859227 0.707106779937519
    outer loop
      vertex 0.13629669696092606 126.93527618050575 2.5
      vertex 1.1042950749397278 126.6759017854929 3.5
      vertex 0.3044818714261055 127.43073373287916 2.5
    endloop
  endfacet
  facet normal -0.6341847974904069 0.3127453368972533 0.7071067789811345
    outer loop
      vertex 0.3044818714261055 127.43073373287916 2.5
      vertex 1.4037819728255272 127.39892712980509 3.5
      vertex 0.5358983874320984 127.89999999850988 2.5
    endloop
  endfacet
  facet normal -0.5879378028471107 0.39284747743214987 0.7071067808036552
    outer loop
      vertex 0.5358983874320984 127.89999999850988 2.5
      vertex 1.4037819728255272 127.39892712980509 3.5
      vertex 0.8265866413712502 128.3350457176566 2.5
    endloop
  endfacet
  facet normal -0.7055928105651349 0.04624698801651551 0.7071067824439204
    outer loop
      vertex 0 125.89999999850988 2.5
      vertex 1 125.8672633394599 3.5
      vertex 1.0277927294373512 126.29129852354527 3.5
    endloop
  endfacet
  facet normal -0.6935199235866368 0.13794969012569333 0.7071067801843018
    outer loop
      vertex 0.03422055393457413 126.42210476845503 2.5
      vertex 1.0277927294373512 126.29129852354527 3.5
      vertex 1.1042950749397278 126.6759017854929 3.5
    endloop
  endfacet
  facet normal -0.6695807127273777 0.2272920321222975 0.7071067820896737
    outer loop
      vertex 0.3044818714261055 127.43073373287916 2.5
      vertex 1.1042950749397278 126.6759017854929 3.5
      vertex 1.2303437516093254 127.04722920060158 3.5
    endloop
  endfacet
  facet normal -0.6341848000025447 0.31274532631992596 0.7071067814062989
    outer loop
      vertex 0.3044818714261055 127.43073373287916 2.5
      vertex 1.2303437516093254 127.04722920060158 3.5
      vertex 1.4037819728255272 127.39892712980509 3.5
    endloop
  endfacet
  facet normal -0.5316310263741865 0.466227897950216 0.7071067804576987
    outer loop
      vertex 0.8265866413712502 128.3350457176566 2.5
      vertex 1.6216422691941261 127.72497810423374 3.5
      vertex 1.1715728789567947 128.72842712700367 2.5
    endloop
  endfacet
  facet normal -0.46622790292445543 0.5316310219772132 0.707106780483774
    outer loop
      vertex 1.1715728789567947 128.72842712700367 2.5
      vertex 2.1750218868255615 128.27835772931576 3.5
      vertex 1.5649542808532715 129.07341336458921 2.5
    endloop
  endfacet
  facet normal -0.3928474767072642 0.5879378017622426 0.707106782108415
    outer loop
      vertex 1.5649542808532715 129.07341336458921 2.5
      vertex 2.1750218868255615 128.27835772931576 3.5
      vertex 2 129.36410161852837 2.5
    endloop
  endfacet
  facet normal -0.5879378006484373 0.3928474795084503 0.7071067814782546
    outer loop
      vertex 0.8265866413712502 128.3350457176566 2.5
      vertex 1.4037819728255272 127.39892712980509 3.5
      vertex 1.6216422691941261 127.72497810423374 3.5
    endloop
  endfacet
  facet normal 0 0 1
    outer loop
      vertex 1.0277927294373512 126.29129852354527 3.5
      vertex 1.0764705882352934 125.4 3.5
      vertex 1.1014817876306835 125.78159716196099 3.5
    endloop
  endfacet
  facet normal 0 0 1
    outer loop
      vertex 1.0277927294373512 126.29129852354527 3.5
      vertex 1.1014817876306835 125.78159716196099 3.5
      vertex 1.1760874372607824 126.15666509068208 3.5
    endloop
  endfacet
  facet normal 0 0 1
    outer loop
      vertex 1.0277927294373512 126.29129852354527 3.5
      vertex 1.2303437516093254 127.04722920060158 3.5
      vertex 1.1042950749397278 126.6759017854929 3.5
    endloop
  endfacet
  facet normal 0 0 1
    outer loop
      vertex 1.0277927294373512 126.29129852354527 3.5
      vertex 1.1760874372607824 126.15666509068208 3.5
      vertex 1.2990110137758264 126.51878626991441 3.5
    endloop
  endfacet
  facet normal 0 0 1
    outer loop
      vertex 1.0277927294373512 126.29129852354527 3.5
      vertex 1.2990110137758264 126.51878626991441 3.5
      vertex 1.4681492607007878 126.86176470588236 3.5
    endloop
  endfacet
  facet normal 0 0 1
    outer loop
      vertex 1.0277927294373512 126.29129852354527 3.5
      vertex 1.6216422691941261 127.72497810423374 3.5
      vertex 1.2303437516093254 127.04722920060158 3.5
    endloop
  endfacet
  facet normal 0 0 1
    outer loop
      vertex 1.0277927294373512 126.29129852354527 3.5
      vertex 1.4681492607007878 126.86176470588236 3.5
      vertex 1.6806081757368003 127.17973194245491 3.5
    endloop
  endfacet
  facet normal 0 0 1
    outer loop
      vertex 1.2303437516093254 127.04722920060158 3.5
      vertex 1.6216422691941261 127.72497810423374 3.5
      vertex 1.4037819728255272 127.39892712980509 3.5
    endloop
  endfacet
  facet normal 0 0 1
    outer loop
      vertex 1.0277927294373512 126.29129852354527 3.5
      vertex 1.6806081757368003 127.17973194245491 3.5
      vertex 1.6216422691941261 127.72497810423374 3.5
    endloop
  endfacet
  facet normal -0.5316310183909375 0.4662279037207055 0.7071067826550748
    outer loop
      vertex 1.1715728789567947 128.72842712700367 2.5
      vertex 1.6216422691941261 127.72497810423374 3.5
      vertex 1.8801968842744827 128.01980312913656 3.5
    endloop
  endfacet
  facet normal -0.46622790853510204 0.531631014215101 0.7071067826202826
    outer loop
      vertex 1.1715728789567947 128.72842712700367 2.5
      vertex 1.8801968842744827 128.01980312913656 3.5
      vertex 2.1750218868255615 128.27835772931576 3.5
    endloop
  endfacet
  facet normal 0 0 1
    outer loop
      vertex 1.6216422691941261 127.72497810423374 3.5
      vertex 1.6806081757368003 127.17973194245491 3.5
      vertex 1.9327525279428577 127.46724747205714 3.5
    endloop
  endfacet
  facet normal 0 0 1
    outer loop
      vertex 1.6216422691941261 127.72497810423374 3.5
      vertex 2.1750218868255615 128.27835772931576 3.5
      vertex 1.8801968842744827 128.01980312913656 3.5
    endloop
  endfacet
  facet normal 0 0 1
    outer loop
      vertex 1.0277927294373512 126.29129852354527 3.5
      vertex 2.538235294117647 67.48185073929922 3.5
      vertex 2.8812137300855905 67.65098898622418 3.5
    endloop
  endfacet
  facet normal 0 0 1
    outer loop
      vertex 1.0277927294373512 126.29129852354527 3.5
      vertex 2.8812137300855905 67.65098898622418 3.5
      vertex 3.2433349093179245 67.77391256273923 3.5
    endloop
  endfacet
  facet normal 0 0 1
    outer loop
      vertex 1.0277927294373512 126.29129852354527 3.5
      vertex 3.2433349093179245 67.77391256273923 3.5
      vertex 3.618402838039026 67.84851821236933 3.5
    endloop
  endfacet
  facet normal 0 0 1
    outer loop
      vertex 1.0277927294373512 126.29129852354527 3.5
      vertex 3.618402838039026 67.84851821236933 3.5
      vertex 4 67.87352941176471 3.5
    endloop
  endfacet
  facet normal -0.44228867852684617 0.8968727472986211 0
    outer loop
      vertex 2.4692662730813026 129.59551812708378 1
      vertex 2 129.36410161852837 2.5
      vertex 2.4692662730813026 129.59551812708378 2.5
    endloop
  endfacet
  facet normal -0.3214394665972703 0.9469301290558151 0
    outer loop
      vertex 2.4692662730813026 129.59551812708378 1
      vertex 2.4692662730813026 129.59551812708378 2.5
      vertex 2.9647238180041313 129.76370330154896 2.5
    endloop
  endfacet
  facet normal -0.1950903267663619 0.9807852794583503 0
    outer loop
      vertex 3.4778952300548553 129.8657794445753 1
      vertex 2.9647238180041313 129.76370330154896 2.5
      vertex 3.4778952300548553 129.8657794445753 2.5
    endloop
  endfacet
  facet normal -0.06540312801222277 0.9978589233184303 0
    outer loop
      vertex 3.4778952300548553 129.8657794445753 1
      vertex 3.4778952300548553 129.8657794445753 2.5
      vertex 4 129.89999999850988 2.5
    endloop
  endfacet
  facet normal 0 0 1
    outer loop
      vertex 1.2990110137758264 124.2812137300856 3.5
      vertex 4 67.87352941176471 3.5
      vertex 1.468149260700788 123.93823529411765 3.5
    endloop
  endfacet
  facet normal 0 0 1
    outer loop
      vertex 1.468149260700788 123.93823529411765 3.5
      vertex 4 67.87352941176471 3.5
      vertex 1.6806081757368003 123.6202680575451 3.5
    endloop
  endfacet
  facet normal 0 0 1
    outer loop
      vertex 1.0277927294373512 126.29129852354527 3.5
      vertex 4 67.87352941176471 3.5
      vertex 1.0764705882352934 125.4 3.5
    endloop
  endfacet
  facet normal 0 0 1
    outer loop
      vertex 1.1014817876306837 125.01840283803904 3.5
      vertex 1.0764705882352934 125.4 3.5
      vertex 4 67.87352941176471 3.5
    endloop
  endfacet
  facet normal 0 0 1
    outer loop
      vertex 1.1760874372607824 124.64333490931793 3.5
      vertex 1.1014817876306837 125.01840283803904 3.5
      vertex 4 67.87352941176471 3.5
    endloop
  endfacet
  facet normal 0 0 1
    outer loop
      vertex 1.2990110137758264 124.2812137300856 3.5
      vertex 1.1760874372607824 124.64333490931793 3.5
      vertex 4 67.87352941176471 3.5
    endloop
  endfacet
  facet normal 0 0 1
    outer loop
      vertex 1.6806081757368003 123.6202680575451 3.5
      vertex 4 67.87352941176471 3.5
      vertex 1.9327525279428577 123.33275252794286 3.5
    endloop
  endfacet
  facet normal 0 0 1
    outer loop
      vertex 1.9327525279428577 123.33275252794286 3.5
      vertex 4 67.87352941176471 3.5
      vertex 2.2202680575450926 123.08060817573681 3.5
    endloop
  endfacet
  facet normal 0 0 1
    outer loop
      vertex 2.538235294117647 122.86814926070079 3.5
      vertex 2.2202680575450926 123.08060817573681 3.5
      vertex 4 67.87352941176471 3.5
    endloop
  endfacet
  facet normal -0.3127453239400024 0.634184801702632 0.70710678093415
    outer loop
      vertex 2 129.36410161852837 2.5
      vertex 2.5010728538036346 128.49621801823378 3.5
      vertex 2.4692662730813026 129.59551812708378 2.5
    endloop
  endfacet
  facet normal -0.2272920267647723 0.6695807161333541 0.7071067805865722
    outer loop
      vertex 2.4692662730813026 129.59551812708378 2.5
      vertex 3.224098175764084 128.795704908669 3.5
      vertex 2.9647238180041313 129.76370330154896 2.5
    endloop
  endfacet
  facet normal -0.3928474759798774 0.5879378020394277 0.7071067822820584
    outer loop
      vertex 2 129.36410161852837 2.5
      vertex 2.1750218868255615 128.27835772931576 3.5
      vertex 2.5010728538036346 128.49621801823378 3.5
    endloop
  endfacet
  facet normal 0 0 1
    outer loop
      vertex 1.6216422691941261 127.72497810423374 3.5
      vertex 1.9327525279428577 127.46724747205714 3.5
      vertex 2.852770820260048 128.66965625435114 3.5
    endloop
  endfacet
  facet normal 0 0 1
    outer loop
      vertex 1.6216422691941261 127.72497810423374 3.5
      vertex 2.852770820260048 128.66965625435114 3.5
      vertex 2.1750218868255615 128.27835772931576 3.5
    endloop
  endfacet
  facet normal 0 0 1
    outer loop
      vertex 2.852770820260048 128.66965625435114 3.5
      vertex 1.9327525279428577 127.46724747205714 3.5
      vertex 2.2202680575450926 127.7193918242632 3.5
    endloop
  endfacet
  facet normal -0.31274532121988435 0.6341848023486658 0.7071067815578175
    outer loop
      vertex 2.4692662730813026 129.59551812708378 2.5
      vertex 2.5010728538036346 128.49621801823378 3.5
      vertex 2.852770820260048 128.66965625435114 3.5
    endloop
  endfacet
  facet normal -0.22729202899215503 0.6695807147609324 0.7071067811701908
    outer loop
      vertex 2.4692662730813026 129.59551812708378 2.5
      vertex 2.852770820260048 128.66965625435114 3.5
      vertex 3.224098175764084 128.795704908669 3.5
    endloop
  endfacet
  facet normal 0 0 1
    outer loop
      vertex 2.1750218868255615 128.27835772931576 3.5
      vertex 2.852770820260048 128.66965625435114 3.5
      vertex 2.5010728538036346 128.49621801823378 3.5
    endloop
  endfacet
  facet normal 0 0 1
    outer loop
      vertex 2.852770820260048 128.66965625435114 3.5
      vertex 2.2202680575450926 127.7193918242632 3.5
      vertex 2.538235294117647 127.93185073929922 3.5
    endloop
  endfacet
  facet normal 0 0 1
    outer loop
      vertex 2.852770820260048 128.66965625435114 3.5
      vertex 2.538235294117647 127.93185073929922 3.5
      vertex 2.8812137300855905 128.1009889862242 3.5
    endloop
  endfacet
  facet normal 0 0 1
    outer loop
      vertex 2.852770820260048 128.66965625435114 3.5
      vertex 2.8812137300855905 128.1009889862242 3.5
      vertex 3.2433349093179245 128.22391256273923 3.5
    endloop
  endfacet
  facet normal 0 0 1
    outer loop
      vertex 2.538235294117647 122.86814926070079 3.5
      vertex 4 67.87352941176471 3.5
      vertex 2.8812137300855905 122.69901101377583 3.5
    endloop
  endfacet
  facet normal 0 0 1
    outer loop
      vertex 2.8812137300855905 122.69901101377583 3.5
      vertex 4 67.87352941176471 3.5
      vertex 3.2433349093179245 122.5760874372608 3.5
    endloop
  endfacet
  facet normal 0 0 1
    outer loop
      vertex 3.2433349093179245 122.5760874372608 3.5
      vertex 4 67.87352941176471 3.5
      vertex 3.618402838039026 122.50148178763068 3.5
    endloop
  endfacet
  facet normal 0 0 1
    outer loop
      vertex 4 122.4764705882353 3.5
      vertex 3.618402838039026 122.50148178763068 3.5
      vertex 4 67.87352941176471 3.5
    endloop
  endfacet
  facet normal -0.1379496928289078 0.6935199211308235 0.7071067820655563
    outer loop
      vertex 2.9647238180041313 129.76370330154896 2.5
      vertex 3.224098175764084 128.795704908669 3.5
      vertex 3.4778952300548553 129.8657794445753 2.5
    endloop
  endfacet
  facet normal -0.04624699525377449 0.7055928102096228 0.7071067823253321
    outer loop
      vertex 3.4778952300548553 129.8657794445753 2.5
      vertex 4.032736659049988 128.89999999850988 3.5
      vertex 4 129.89999999850988 2.5
    endloop
  endfacet
  facet normal -0.1379496923800853 0.6935199211179758 0.7071067821657182
    outer loop
      vertex 3.4778952300548553 129.8657794445753 2.5
      vertex 3.224098175764084 128.795704908669 3.5
      vertex 3.608701467514038 128.87220726162195 3.5
    endloop
  endfacet
  facet normal 0 0 1
    outer loop
      vertex 2.852770820260048 128.66965625435114 3.5
      vertex 3.608701467514038 128.87220726162195 3.5
      vertex 3.224098175764084 128.795704908669 3.5
    endloop
  endfacet
  facet normal 0 0 1
    outer loop
      vertex 2.852770820260048 128.66965625435114 3.5
      vertex 3.2433349093179245 128.22391256273923 3.5
      vertex 3.618402838039026 128.29851821236932 3.5
    endloop
  endfacet
  facet normal 0 0 1
    outer loop
      vertex 2.852770820260048 128.66965625435114 3.5
      vertex 4.032736659049988 128.89999999850988 3.5
      vertex 3.608701467514038 128.87220726162195 3.5
    endloop
  endfacet
  facet normal -0.046246999490643634 0.7055928088713443 0.7071067833836407
    outer loop
      vertex 3.4778952300548553 129.8657794445753 2.5
      vertex 3.608701467514038 128.87220726162195 3.5
      vertex 4.032736659049988 128.89999999850988 3.5
    endloop
  endfacet
  facet normal 0 0 -1
    outer loop
      vertex 4.032736659049988 1 0
      vertex 4 2.8 0
      vertex 4.221894526774087 2.8145437356645227 0
    endloop
  endfacet
  facet normal 0 0 -1
    outer loop
      vertex 4.032736659049988 1 0
      vertex 4.221894526774087 2.8145437356645227 0
      vertex 4.439992376674285 2.857926095308584 0
    endloop
  endfacet
  facet normal 0 0 -1
    outer loop
      vertex 4 6.2 0
      vertex 4.221894526774087 63.264543735664525 0
      vertex 4.221894526774087 6.185456264335477 0
    endloop
  endfacet
  facet normal 0 0 -1
    outer loop
      vertex 4.439992376674285 63.30792609530859 0
      vertex 4.439992376674285 6.142073904691416 0
      vertex 4.221894526774087 6.185456264335477 0
    endloop
  endfacet
  facet normal 0 0 -1
    outer loop
      vertex 4.439992376674285 63.30792609530859 0
      vertex 4.650561835020652 6.070595205269187 0
      vertex 4.439992376674285 6.142073904691416 0
    endloop
  endfacet
  facet normal 0 0 -1
    outer loop
      vertex 4.439992376674285 63.30792609530859 0
      vertex 4.85 5.972243186433546 0
      vertex 4.650561835020652 6.070595205269187 0
    endloop
  endfacet
  facet normal 0 0 -1
    outer loop
      vertex 4.439992376674285 63.30792609530859 0
      vertex 5.034894429314825 5.848700678495099 0
      vertex 4.85 5.972243186433546 0
    endloop
  endfacet
  facet normal 0 0 -1
    outer loop
      vertex 4.439992376674285 63.30792609530859 0
      vertex 5.202081528017131 5.702081528017131 0
      vertex 5.034894429314825 5.848700678495099 0
    endloop
  endfacet
  facet normal 0 0 -1
    outer loop
      vertex 4.439992376674285 63.30792609530859 0
      vertex 5.348700678495099 5.534894429314825 0
      vertex 5.202081528017131 5.702081528017131 0
    endloop
  endfacet
  facet normal 0 0 -1
    outer loop
      vertex 4.032736659049988 1 0
      vertex 4.439992376674285 2.857926095308584 0
      vertex 7 1 0
    endloop
  endfacet
  facet normal 0 0 -1
    outer loop
      vertex 7 1 0
      vertex 4.439992376674285 2.857926095308584 0
      vertex 4.650561835020652 2.9294047947308126 0
    endloop
  endfacet
  facet normal 0 -0.7071067811865475 -0.7071067811865475
    outer loop
      vertex 4.032736659049988 1 0
      vertex 7 1 0
      vertex 4 0 1
    endloop
  endfacet
  facet normal 0 0 -1
    outer loop
      vertex 7 1 0
      vertex 4.650561835020652 2.9294047947308126 0
      vertex 4.85 3.0277568135664543 0
    endloop
  endfacet
  facet normal 0 0 -1
    outer loop
      vertex 7 1 0
      vertex 4.85 3.0277568135664543 0
      vertex 5.034894429314825 3.1512993215049003 0
    endloop
  endfacet
  facet normal 0 0 -1
    outer loop
      vertex 7 1 0
      vertex 5.034894429314825 3.1512993215049003 0
      vertex 5.202081528017131 3.297918471982869 0
    endloop
  endfacet
  facet normal 0 0 -1
    outer loop
      vertex 7 1 0
      vertex 5.202081528017131 3.297918471982869 0
      vertex 5.348700678495099 3.465105570685175 0
    endloop
  endfacet
  facet normal 0 0 -1
    outer loop
      vertex 7 1 0
      vertex 5.348700678495099 3.465105570685175 0
      vertex 5.472243186433546 3.65 0
    endloop
  endfacet
  facet normal 0 0 -1
    outer loop
      vertex 4.439992376674285 63.30792609530859 0
      vertex 5.472243186433546 5.35 0
      vertex 5.348700678495099 5.534894429314825 0
    endloop
  endfacet
  facet normal 0 0 -1
    outer loop
      vertex 4.439992376674285 63.30792609530859 0
      vertex 5.570595205269187 5.150561835020652 0
      vertex 5.472243186433546 5.35 0
    endloop
  endfacet
  facet normal 0 0 -1
    outer loop
      vertex 7 1 0
      vertex 5.570595205269187 5.150561835020652 0
      vertex 4.439992376674285 63.30792609530859 0
    endloop
  endfacet
  facet normal 0 0 -1
    outer loop
      vertex 4 63.25 0
      vertex 4.221894526774087 63.264543735664525 0
      vertex 4 6.2 0
    endloop
  endfacet
  facet normal 0 0 -1
    outer loop
      vertex 4.439992376674285 63.30792609530859 0
      vertex 4.221894526774087 6.185456264335477 0
      vertex 4.221894526774087 63.264543735664525 0
    endloop
  endfacet
  facet normal 0 0 -1
    outer loop
      vertex 7 1 0
      vertex 4.439992376674285 63.30792609530859 0
      vertex 4.650561835020652 63.37940479473082 0
    endloop
  endfacet
  facet normal 0 0 -1
    outer loop
      vertex 7 1 0
      vertex 4.650561835020652 63.37940479473082 0
      vertex 4.85 63.47775681356646 0
    endloop
  endfacet
  facet normal 0 0 -1
    outer loop
      vertex 7 1 0
      vertex 4.85 63.47775681356646 0
      vertex 5.034894429314825 63.601299321504904 0
    endloop
  endfacet
  facet normal 0 0 -1
    outer loop
      vertex 7 1 0
      vertex 5.034894429314825 63.601299321504904 0
      vertex 5.202081528017131 63.74791847198287 0
    endloop
  endfacet
  facet normal 0 0 -1
    outer loop
      vertex 7 1 0
      vertex 5.202081528017131 63.74791847198287 0
      vertex 5.348700678495099 63.91510557068518 0
    endloop
  endfacet
  facet normal 0 0 -1
    outer loop
      vertex 7 1 0
      vertex 5.348700678495099 63.91510557068518 0
      vertex 5.472243186433546 64.10000000000001 0
    endloop
  endfacet
  facet normal 0 0 -1
    outer loop
      vertex 7 1 0
      vertex 5.472243186433546 3.65 0
      vertex 5.570595205269187 3.8494381649793477 0
    endloop
  endfacet
  facet normal 0 0 -1
    outer loop
      vertex 7 1 0
      vertex 5.570595205269187 3.8494381649793477 0
      vertex 5.642073904691416 4.060007623325715 0
    endloop
  endfacet
  facet normal 0 0 -1
    outer loop
      vertex 7 1 0
      vertex 5.642073904691416 4.939992376674285 0
      vertex 5.570595205269187 5.150561835020652 0
    endloop
  endfacet
  facet normal 0 0 -1
    outer loop
      vertex 7 1 0
      vertex 5.642073904691416 4.060007623325715 0
      vertex 5.685456264335477 4.278105473225913 0
    endloop
  endfacet
  facet normal 0 0 -1
    outer loop
      vertex 7 1 0
      vertex 5.685456264335477 4.721894526774087 0
      vertex 5.642073904691416 4.939992376674285 0
    endloop
  endfacet
  facet normal 0 0 -1
    outer loop
      vertex 7 1 0
      vertex 5.685456264335477 4.278105473225913 0
      vertex 5.7 4.5 0
    endloop
  endfacet
  facet normal 0 0 -1
    outer loop
      vertex 7 1 0
      vertex 5.7 4.5 0
      vertex 5.685456264335477 4.721894526774087 0
    endloop
  endfacet
  facet normal 0 -0.7071067811865475 -0.7071067811865475
    outer loop
      vertex 4 0 1
      vertex 7 1 0
      vertex 8 0 1
    endloop
  endfacet
  facet normal 0 -1 0
    outer loop
      vertex 4 0 1
      vertex 8 0 1
      vertex 8 0 2.5
    endloop
  endfacet
  facet normal 0 0 -1
    outer loop
      vertex 7 1 0
      vertex 5.472243186433546 64.10000000000001 0
      vertex 5.570595205269187 64.29943816497935 0
    endloop
  endfacet
  facet normal 0 0 -1
    outer loop
      vertex 7 1 0
      vertex 5.570595205269187 64.29943816497935 0
      vertex 5.642073904691416 64.51000762332572 0
    endloop
  endfacet
  facet normal 0 0 -1
    outer loop
      vertex 7 1 0
      vertex 5.642073904691416 64.51000762332572 0
      vertex 5.685456264335477 64.72810547322591 0
    endloop
  endfacet
  facet normal 0 0 -1
    outer loop
      vertex 7 1 0
      vertex 5.685456264335477 64.72810547322591 0
      vertex 5.7 64.95 0
    endloop
  endfacet
  facet normal 0.7071067811865476 0 -0.7071067811865476
    outer loop
      vertex 7 1 0
      vertex 8 129.89999999850988 1
      vertex 8 0 1
    endloop
  endfacet
  facet normal 1 0 0
    outer loop
      vertex 8 0 1
      vertex 8 129.89999999850988 1
      vertex 8 0 2.5
    endloop
  endfacet
  facet normal 0 -1 0
    outer loop
      vertex 4 0 1
      vertex 8 0 2.5
      vertex 4 0 2.5
    endloop
  endfacet
  facet normal 0 0 1
    outer loop
      vertex 2.5010728389024734 1.403781995177269 3.5
      vertex 3.608701467514038 1.0277927294373512 3.5
      vertex 7 1 3.5
    endloop
  endfacet
  facet normal 0 0 1
    outer loop
      vertex 2.5010728389024734 1.403781995177269 3.5
      vertex 7 1 3.5
      vertex 3.618402838039026 1.6014817876306837 3.5
    endloop
  endfacet
  facet normal 0 0 1
    outer loop
      vertex 7 1 3.5
      vertex 4 1.5764705882352938 3.5
      vertex 3.618402838039026 1.6014817876306837 3.5
    endloop
  endfacet
  facet normal 0 0 1
    outer loop
      vertex 3.608701467514038 1.0277927294373512 3.5
      vertex 4.032736659049988 1 3.5
      vertex 7 1 3.5
    endloop
  endfacet
  facet normal 0 0 1
    outer loop
      vertex 4 7.423529411764706 3.5
      vertex 4.381597161960975 7.398518212369316 3.5
      vertex 4 62.0264705882353 3.5
    endloop
  endfacet
  facet normal 0 0 1
    outer loop
      vertex 4 62.0264705882353 3.5
      vertex 4.381597161960975 7.398518212369316 3.5
      vertex 4.756665090682075 7.323912562739218 3.5
    endloop
  endfacet
  facet normal 0 0 1
    outer loop
      vertex 4 62.0264705882353 3.5
      vertex 4.756665090682075 7.323912562739218 3.5
      vertex 5.118786269914409 7.200988986224174 3.5
    endloop
  endfacet
  facet normal 0 0 1
    outer loop
      vertex 4 62.0264705882353 3.5
      vertex 5.118786269914409 7.200988986224174 3.5
      vertex 5.461764705882353 7.0318507392992124 3.5
    endloop
  endfacet
  facet normal 0 -0.7071067811865475 0.7071067811865475
    outer loop
      vertex 4 0 2.5
      vertex 7 1 3.5
      vertex 4.032736659049988 1 3.5
    endloop
  endfacet
  facet normal 0 0 1
    outer loop
      vertex 7 1 3.5
      vertex 4.381597161960975 1.6014817876306837 3.5
      vertex 4 1.5764705882352938 3.5
    endloop
  endfacet
  facet normal 0 0 1
    outer loop
      vertex 7 1 3.5
      vertex 4.756665090682075 1.6760874372607824 3.5
      vertex 4.381597161960975 1.6014817876306837 3.5
    endloop
  endfacet
  facet normal 0 0 1
    outer loop
      vertex 7 1 3.5
      vertex 5.118786269914409 1.7990110137758264 3.5
      vertex 4.756665090682075 1.6760874372607824 3.5
    endloop
  endfacet
  facet normal 0 0 1
    outer loop
      vertex 7 1 3.5
      vertex 5.461764705882353 1.968149260700788 3.5
      vertex 5.118786269914409 1.7990110137758264 3.5
    endloop
  endfacet
  facet normal 0 0 1
    outer loop
      vertex 4 62.0264705882353 3.5
      vertex 5.461764705882353 7.0318507392992124 3.5
      vertex 5.779731942454907 6.8193918242631995 3.5
    endloop
  endfacet
  facet normal 0 0 1
    outer loop
      vertex 4 62.0264705882353 3.5
      vertex 5.779731942454907 6.8193918242631995 3.5
      vertex 6.067247472057142 6.567247472057142 3.5
    endloop
  endfacet
  facet normal 0 0 1
    outer loop
      vertex 4 62.0264705882353 3.5
      vertex 6.067247472057142 6.567247472057142 3.5
      vertex 6.3193918242631995 6.279731942454907 3.5
    endloop
  endfacet
  facet normal 0 0 1
    outer loop
      vertex 4 62.0264705882353 3.5
      vertex 6.700988986224174 5.618786269914409 3.5
      vertex 6.823912562739218 5.256665090682076 3.5
    endloop
  endfacet
  facet normal 0 0 1
    outer loop
      vertex 4 62.0264705882353 3.5
      vertex 6.3193918242631995 6.279731942454907 3.5
      vertex 6.5318507392992124 5.961764705882353 3.5
    endloop
  endfacet
  facet normal 0 0 1
    outer loop
      vertex 4 62.0264705882353 3.5
      vertex 6.5318507392992124 5.961764705882353 3.5
      vertex 6.700988986224174 5.618786269914409 3.5
    endloop
  endfacet
  facet normal 0 0 1
    outer loop
      vertex 4 62.0264705882353 3.5
      vertex 6.823912562739218 5.256665090682076 3.5
      vertex 4.381597161960975 62.051481787630685 3.5
    endloop
  endfacet
  facet normal 0 0 1
    outer loop
      vertex 6.823912562739218 5.256665090682076 3.5
      vertex 4.756665090682075 62.126087437260786 3.5
      vertex 4.381597161960975 62.051481787630685 3.5
    endloop
  endfacet
  facet normal 0 0 1
    outer loop
      vertex 6.823912562739218 5.256665090682076 3.5
      vertex 5.118786269914409 62.24901101377583 3.5
      vertex 4.756665090682075 62.126087437260786 3.5
    endloop
  endfacet
  facet normal 0 0 1
    outer loop
      vertex 6.823912562739218 5.256665090682076 3.5
      vertex 5.461764705882353 62.418149260700794 3.5
      vertex 5.118786269914409 62.24901101377583 3.5
    endloop
  endfacet
  facet normal 0 -0.7071067811865475 0.7071067811865475
    outer loop
      vertex 4 0 2.5
      vertex 8 0 2.5
      vertex 7 1 3.5
    endloop
  endfacet
  facet normal 0 0 1
    outer loop
      vertex 7 1 3.5
      vertex 5.779731942454907 2.1806081757368 3.5
      vertex 5.461764705882353 1.968149260700788 3.5
    endloop
  endfacet
  facet normal 0 0 1
    outer loop
      vertex 7 1 3.5
      vertex 6.067247472057142 2.4327525279428577 3.5
      vertex 5.779731942454907 2.1806081757368 3.5
    endloop
  endfacet
  facet normal 0 0 1
    outer loop
      vertex 7 1 3.5
      vertex 6.3193918242631995 2.7202680575450926 3.5
      vertex 6.067247472057142 2.4327525279428577 3.5
    endloop
  endfacet
  facet normal 0 0 1
    outer loop
      vertex 7 1 3.5
      vertex 6.5318507392992124 3.038235294117647 3.5
      vertex 6.3193918242631995 2.7202680575450926 3.5
    endloop
  endfacet
  facet normal 0 0 1
    outer loop
      vertex 7 1 3.5
      vertex 6.700988986224174 3.3812137300855905 3.5
      vertex 6.5318507392992124 3.038235294117647 3.5
    endloop
  endfacet
  facet normal 0 0 1
    outer loop
      vertex 7 1 3.5
      vertex 6.823912562739218 3.7433349093179245 3.5
      vertex 6.700988986224174 3.3812137300855905 3.5
    endloop
  endfacet
  facet normal 0 0 1
    outer loop
      vertex 7 1 3.5
      vertex 6.898518212369316 4.118402838039025 3.5
      vertex 6.823912562739218 3.7433349093179245 3.5
    endloop
  endfacet
  facet normal 0 0 1
    outer loop
      vertex 7 1 3.5
      vertex 6.923529411764706 4.5 3.5
      vertex 6.898518212369316 4.118402838039025 3.5
    endloop
  endfacet
  facet normal 0 0 1
    outer loop
      vertex 7 1 3.5
      vertex 6.923529411764706 64.95 3.5
      vertex 6.923529411764706 4.5 3.5
    endloop
  endfacet
  facet normal 0 0 1
    outer loop
      vertex 6.898518212369316 4.881597161960975 3.5
      vertex 6.823912562739218 64.19333490931793 3.5
      vertex 6.823912562739218 5.256665090682076 3.5
    endloop
  endfacet
  facet normal 0 0 1
    outer loop
      vertex 6.923529411764706 4.5 3.5
      vertex 6.898518212369316 64.56840283803903 3.5
      vertex 6.898518212369316 4.881597161960975 3.5
    endloop
  endfacet
  facet normal 0 0 1
    outer loop
      vertex 6.823912562739218 5.256665090682076 3.5
      vertex 5.779731942454907 62.6306081757368 3.5
      vertex 5.461764705882353 62.418149260700794 3.5
    endloop
  endfacet
  facet normal 0 0 1
    outer loop
      vertex 6.823912562739218 5.256665090682076 3.5
      vertex 6.067247472057142 62.882752527942856 3.5
      vertex 5.779731942454907 62.6306081757368 3.5
    endloop
  endfacet
  facet normal 0 0 1
    outer loop
      vertex 6.823912562739218 5.256665090682076 3.5
      vertex 6.3193918242631995 63.170268057545094 3.5
      vertex 6.067247472057142 62.882752527942856 3.5
    endloop
  endfacet
  facet normal 0 0 1
    outer loop
      vertex 6.823912562739218 5.256665090682076 3.5
      vertex 6.5318507392992124 63.48823529411765 3.5
      vertex 6.3193918242631995 63.170268057545094 3.5
    endloop
  endfacet
  facet normal 0 0 1
    outer loop
      vertex 6.823912562739218 5.256665090682076 3.5
      vertex 6.700988986224174 63.831213730085594 3.5
      vertex 6.5318507392992124 63.48823529411765 3.5
    endloop
  endfacet
  facet normal 0 0 1
    outer loop
      vertex 6.823912562739218 5.256665090682076 3.5
      vertex 6.823912562739218 64.19333490931793 3.5
      vertex 6.700988986224174 63.831213730085594 3.5
    endloop
  endfacet
  facet normal 0 0 1
    outer loop
      vertex 6.898518212369316 4.881597161960975 3.5
      vertex 6.898518212369316 64.56840283803903 3.5
      vertex 6.823912562739218 64.19333490931793 3.5
    endloop
  endfacet
  facet normal 0 0 1
    outer loop
      vertex 6.923529411764706 4.5 3.5
      vertex 6.923529411764706 64.95 3.5
      vertex 6.898518212369316 64.56840283803903 3.5
    endloop
  endfacet
  facet normal 0 0 1
    outer loop
      vertex 7 1 3.5
      vertex 6.923529411764706 125.4 3.5
      vertex 6.923529411764706 64.95 3.5
    endloop
  endfacet
  facet normal 0.7071067811865476 0 0.7071067811865476
    outer loop
      vertex 8 0 2.5
      vertex 7 128.89999999850988 3.5
      vertex 7 1 3.5
    endloop
  endfacet
  facet normal 0 0 -1
    outer loop
      vertex 4 66.65 0
      vertex 4.221894526774087 123.71454373566453 0
      vertex 4.221894526774087 66.63545626433547 0
    endloop
  endfacet
  facet normal 0 0 -1
    outer loop
      vertex 4.221894526774087 66.63545626433547 0
      vertex 4.439992376674285 123.75792609530859 0
      vertex 4.439992376674285 66.59207390469142 0
    endloop
  endfacet
  facet normal 0 0 -1
    outer loop
      vertex 4.439992376674285 66.59207390469142 0
      vertex 4.650561835020652 123.82940479473082 0
      vertex 4.650561835020652 66.52059520526919 0
    endloop
  endfacet
  facet normal 0 0 -1
    outer loop
      vertex 4.650561835020652 66.52059520526919 0
      vertex 4.85 123.92775681356646 0
      vertex 4.85 66.42224318643355 0
    endloop
  endfacet
  facet normal 0 0 -1
    outer loop
      vertex 4.85 66.42224318643355 0
      vertex 5.034894429314825 124.0512993215049 0
      vertex 5.034894429314825 66.29870067849511 0
    endloop
  endfacet
  facet normal 0 0 -1
    outer loop
      vertex 5.034894429314825 66.29870067849511 0
      vertex 5.202081528017131 124.19791847198287 0
      vertex 5.202081528017131 66.15208152801713 0
    endloop
  endfacet
  facet normal 0 0 -1
    outer loop
      vertex 5.202081528017131 66.15208152801713 0
      vertex 5.348700678495099 124.36510557068519 0
      vertex 5.348700678495099 65.98489442931483 0
    endloop
  endfacet
  facet normal 0 0 -1
    outer loop
      vertex 5.348700678495099 65.98489442931483 0
      vertex 5.472243186433546 124.55000000000001 0
      vertex 5.472243186433546 65.8 0
    endloop
  endfacet
  facet normal 0 0 -1
    outer loop
      vertex 5.642073904691416 65.38999237667429 0
      vertex 5.685456264335477 125.17810547322591 0
      vertex 5.685456264335477 65.1718945267741 0
    endloop
  endfacet
  facet normal 0 0 -1
    outer loop
      vertex 5.472243186433546 65.8 0
      vertex 5.570595205269187 124.74943816497935 0
      vertex 5.570595205269187 65.60056183502066 0
    endloop
  endfacet
  facet normal 0 0 -1
    outer loop
      vertex 5.570595205269187 65.60056183502066 0
      vertex 5.642073904691416 124.96000762332572 0
      vertex 5.642073904691416 65.38999237667429 0
    endloop
  endfacet
  facet normal 0 0 -1
    outer loop
      vertex 4 66.65 0
      vertex 4 123.7 0
      vertex 4.221894526774087 123.71454373566453 0
    endloop
  endfacet
  facet normal 0 0 -1
    outer loop
      vertex 4.221894526774087 66.63545626433547 0
      vertex 4.221894526774087 123.71454373566453 0
      vertex 4.439992376674285 123.75792609530859 0
    endloop
  endfacet
  facet normal 0 0 -1
    outer loop
      vertex 4.439992376674285 66.59207390469142 0
      vertex 4.439992376674285 123.75792609530859 0
      vertex 4.650561835020652 123.82940479473082 0
    endloop
  endfacet
  facet normal 0 0 -1
    outer loop
      vertex 4.650561835020652 66.52059520526919 0
      vertex 4.650561835020652 123.82940479473082 0
      vertex 4.85 123.92775681356646 0
    endloop
  endfacet
  facet normal 0 0 -1
    outer loop
      vertex 4.85 66.42224318643355 0
      vertex 4.85 123.92775681356646 0
      vertex 5.034894429314825 124.0512993215049 0
    endloop
  endfacet
  facet normal 0 0 -1
    outer loop
      vertex 7 128.89999999850988 0
      vertex 3.5600076233257147 127.04207390469142 0
      vertex 3.3494381649793477 126.97059520526919 0
    endloop
  endfacet
  facet normal 0 0 -1
    outer loop
      vertex 7 128.89999999850988 0
      vertex 3.7781054732259123 127.08545626433548 0
      vertex 3.5600076233257147 127.04207390469142 0
    endloop
  endfacet
  facet normal 0 0 -1
    outer loop
      vertex 3.224098175764084 128.795704908669 0
      vertex 4.032736659049988 128.89999999850988 0
      vertex 7 128.89999999850988 0
    endloop
  endfacet
  facet normal 0 0 -1
    outer loop
      vertex 7 128.89999999850988 0
      vertex 4 127.10000000000001 0
      vertex 3.7781054732259123 127.08545626433548 0
    endloop
  endfacet
  facet normal 0 0 -1
    outer loop
      vertex 5.034894429314825 66.29870067849511 0
      vertex 5.034894429314825 124.0512993215049 0
      vertex 5.202081528017131 124.19791847198287 0
    endloop
  endfacet
  facet normal 0 0 -1
    outer loop
      vertex 5.202081528017131 66.15208152801713 0
      vertex 5.202081528017131 124.19791847198287 0
      vertex 5.348700678495099 124.36510557068519 0
    endloop
  endfacet
  facet normal 0 0 -1
    outer loop
      vertex 5.348700678495099 65.98489442931483 0
      vertex 5.348700678495099 124.36510557068519 0
      vertex 5.472243186433546 124.55000000000001 0
    endloop
  endfacet
  facet normal 0 0 -1
    outer loop
      vertex 5.472243186433546 124.55000000000001 0
      vertex 5.570595205269187 124.74943816497935 0
      vertex 5.472243186433546 65.8 0
    endloop
  endfacet
  facet normal 0 0 -1
    outer loop
      vertex 5.570595205269187 65.60056183502066 0
      vertex 5.570595205269187 124.74943816497935 0
      vertex 5.642073904691416 124.96000762332572 0
    endloop
  endfacet
  facet normal 0 0 -1
    outer loop
      vertex 5.642073904691416 65.38999237667429 0
      vertex 5.642073904691416 124.96000762332572 0
      vertex 5.685456264335477 125.17810547322591 0
    endloop
  endfacet
  facet normal 0 0 -1
    outer loop
      vertex 7 128.89999999850988 0
      vertex 4.221894526774087 127.08545626433548 0
      vertex 4 127.10000000000001 0
    endloop
  endfacet
  facet normal 0 0 -1
    outer loop
      vertex 7 128.89999999850988 0
      vertex 4.439992376674285 127.04207390469142 0
      vertex 4.221894526774087 127.08545626433548 0
    endloop
  endfacet
  facet normal 0 0 -1
    outer loop
      vertex 7 128.89999999850988 0
      vertex 4.650561835020652 126.97059520526919 0
      vertex 4.439992376674285 127.04207390469142 0
    endloop
  endfacet
  facet normal 0 0.7071067811865475 -0.7071067811865475
    outer loop
      vertex 4.032736659049988 128.89999999850988 0
      vertex 4 129.89999999850988 1
      vertex 7 128.89999999850988 0
    endloop
  endfacet
  facet normal 0 0 -1
    outer loop
      vertex 7 128.89999999850988 0
      vertex 4.85 126.87224318643355 0
      vertex 4.650561835020652 126.97059520526919 0
    endloop
  endfacet
  facet normal 0 0 -1
    outer loop
      vertex 7 128.89999999850988 0
      vertex 5.034894429314825 126.74870067849511 0
      vertex 4.85 126.87224318643355 0
    endloop
  endfacet
  facet normal 0 0 -1
    outer loop
      vertex 7 128.89999999850988 0
      vertex 5.202081528017131 126.60208152801714 0
      vertex 5.034894429314825 126.74870067849511 0
    endloop
  endfacet
  facet normal 0 0 -1
    outer loop
      vertex 7 128.89999999850988 0
      vertex 5.348700678495099 126.43489442931482 0
      vertex 5.202081528017131 126.60208152801714 0
    endloop
  endfacet
  facet normal 0 0 -1
    outer loop
      vertex 7 128.89999999850988 0
      vertex 5.472243186433546 126.25 0
      vertex 5.348700678495099 126.43489442931482 0
    endloop
  endfacet
  facet normal 0 0 -1
    outer loop
      vertex 7 1 0
      vertex 5.7 64.95 0
      vertex 7 128.89999999850988 0
    endloop
  endfacet
  facet normal 0 0 -1
    outer loop
      vertex 7 128.89999999850988 0
      vertex 5.7 64.95 0
      vertex 5.685456264335477 65.1718945267741 0
    endloop
  endfacet
  facet normal 0.7071067811865476 0 -0.7071067811865476
    outer loop
      vertex 7 1 0
      vertex 7 128.89999999850988 0
      vertex 8 129.89999999850988 1
    endloop
  endfacet
  facet normal 0 0 -1
    outer loop
      vertex 7 128.89999999850988 0
      vertex 5.685456264335477 65.1718945267741 0
      vertex 5.685456264335477 125.17810547322591 0
    endloop
  endfacet
  facet normal 0 0 -1
    outer loop
      vertex 7 128.89999999850988 0
      vertex 5.570595205269187 126.05056183502066 0
      vertex 5.472243186433546 126.25 0
    endloop
  endfacet
  facet normal 0 0 -1
    outer loop
      vertex 7 128.89999999850988 0
      vertex 5.685456264335477 125.6218945267741 0
      vertex 5.642073904691416 125.83999237667429 0
    endloop
  endfacet
  facet normal 0 0 -1
    outer loop
      vertex 7 128.89999999850988 0
      vertex 5.642073904691416 125.83999237667429 0
      vertex 5.570595205269187 126.05056183502066 0
    endloop
  endfacet
  facet normal 0 0 -1
    outer loop
      vertex 7 128.89999999850988 0
      vertex 5.685456264335477 125.17810547322591 0
      vertex 5.7 125.4 0
    endloop
  endfacet
  facet normal 0 0 -1
    outer loop
      vertex 7 128.89999999850988 0
      vertex 5.7 125.4 0
      vertex 5.685456264335477 125.6218945267741 0
    endloop
  endfacet
  facet normal 0 0.7071067811865475 -0.7071067811865475
    outer loop
      vertex 4 129.89999999850988 1
      vertex 8 129.89999999850988 1
      vertex 7 128.89999999850988 0
    endloop
  endfacet
  facet normal 0 1 0
    outer loop
      vertex 4 129.89999999850988 1
      vertex 8 129.89999999850988 2.5
      vertex 8 129.89999999850988 1
    endloop
  endfacet
  facet normal 0 0 1
    outer loop
      vertex 4.381597161960975 67.84851821236933 3.5
      vertex 4.381597161960975 122.50148178763068 3.5
      vertex 4 67.87352941176471 3.5
    endloop
  endfacet
  facet normal 0 0 1
    outer loop
      vertex 4.381597161960975 67.84851821236933 3.5
      vertex 4.756665090682075 67.77391256273923 3.5
      vertex 4.381597161960975 122.50148178763068 3.5
    endloop
  endfacet
  facet normal 0 0 1
    outer loop
      vertex 4.756665090682075 67.77391256273923 3.5
      vertex 5.118786269914409 67.65098898622418 3.5
      vertex 4.756665090682075 122.5760874372608 3.5
    endloop
  endfacet
  facet normal 0 0 1
    outer loop
      vertex 5.118786269914409 67.65098898622418 3.5
      vertex 5.461764705882353 67.48185073929922 3.5
      vertex 5.118786269914409 122.69901101377583 3.5
    endloop
  endfacet
  facet normal 0 0 1
    outer loop
      vertex 5.461764705882353 67.48185073929922 3.5
      vertex 5.779731942454907 67.2693918242632 3.5
      vertex 5.461764705882353 122.86814926070079 3.5
    endloop
  endfacet
  facet normal 0 0 1
    outer loop
      vertex 5.779731942454907 67.2693918242632 3.5
      vertex 6.067247472057142 67.01724747205715 3.5
      vertex 5.779731942454907 123.08060817573681 3.5
    endloop
  endfacet
  facet normal 0 1 0
    outer loop
      vertex 4 129.89999999850988 1
      vertex 4 129.89999999850988 2.5
      vertex 8 129.89999999850988 2.5
    endloop
  endfacet
  facet normal 0 0 1
    outer loop
      vertex 4 67.87352941176471 3.5
      vertex 4.381597161960975 122.50148178763068 3.5
      vertex 4 122.4764705882353 3.5
    endloop
  endfacet
  facet normal 0 0 1
    outer loop
      vertex 4.756665090682075 67.77391256273923 3.5
      vertex 4.756665090682075 122.5760874372608 3.5
      vertex 4.381597161960975 122.50148178763068 3.5
    endloop
  endfacet
  facet normal 0 0 1
    outer loop
      vertex 5.118786269914409 67.65098898622418 3.5
      vertex 5.118786269914409 122.69901101377583 3.5
      vertex 4.756665090682075 122.5760874372608 3.5
    endloop
  endfacet
  facet normal 0 0 1
    outer loop
      vertex 2.852770820260048 128.66965625435114 3.5
      vertex 3.618402838039026 128.29851821236932 3.5
      vertex 7 128.89999999850988 3.5
    endloop
  endfacet
  facet normal 0 0 1
    outer loop
      vertex 2.852770820260048 128.66965625435114 3.5
      vertex 7 128.89999999850988 3.5
      vertex 4.032736659049988 128.89999999850988 3.5
    endloop
  endfacet
  facet normal 0 0 1
    outer loop
      vertex 7 128.89999999850988 3.5
      vertex 3.618402838039026 128.29851821236932 3.5
      vertex 4 128.32352941176472 3.5
    endloop
  endfacet
  facet normal 0 0 1
    outer loop
      vertex 5.461764705882353 67.48185073929922 3.5
      vertex 5.461764705882353 122.86814926070079 3.5
      vertex 5.118786269914409 122.69901101377583 3.5
    endloop
  endfacet
  facet normal 0 0 1
    outer loop
      vertex 5.779731942454907 67.2693918242632 3.5
      vertex 5.779731942454907 123.08060817573681 3.5
      vertex 5.461764705882353 122.86814926070079 3.5
    endloop
  endfacet
  facet normal 0 0 1
    outer loop
      vertex 5.779731942454907 123.08060817573681 3.5
      vertex 6.067247472057142 67.01724747205715 3.5
      vertex 6.067247472057142 123.33275252794286 3.5
    endloop
  endfacet
  facet normal 0 0.7071067811865475 0.7071067811865475
    outer loop
      vertex 4 129.89999999850988 2.5
      vertex 4.032736659049988 128.89999999850988 3.5
      vertex 7 128.89999999850988 3.5
    endloop
  endfacet
  facet normal 0 0 1
    outer loop
      vertex 7 128.89999999850988 3.5
      vertex 4 128.32352941176472 3.5
      vertex 4.381597161960975 128.29851821236932 3.5
    endloop
  endfacet
  facet normal 0 0 1
    outer loop
      vertex 7 128.89999999850988 3.5
      vertex 4.381597161960975 128.29851821236932 3.5
      vertex 4.756665090682075 128.2239125627392 3.5
    endloop
  endfacet
  facet normal 0 0 1
    outer loop
      vertex 7 128.89999999850988 3.5
      vertex 4.756665090682075 128.2239125627392 3.5
      vertex 5.118786269914409 128.1009889862242 3.5
    endloop
  endfacet
  facet normal 0 0 1
    outer loop
      vertex 7 128.89999999850988 3.5
      vertex 5.118786269914409 128.1009889862242 3.5
      vertex 5.461764705882353 127.93185073929922 3.5
    endloop
  endfacet
  facet normal 1 0 0
    outer loop
      vertex 8 0 2.5
      vertex 8 129.89999999850988 1
      vertex 8 129.89999999850988 2.5
    endloop
  endfacet
  facet normal 0 0 1
    outer loop
      vertex 6.067247472057142 67.01724747205715 3.5
      vertex 6.3193918242631995 66.7297319424549 3.5
      vertex 6.067247472057142 123.33275252794286 3.5
    endloop
  endfacet
  facet normal 0 0 1
    outer loop
      vertex 6.5318507392992124 66.41176470588236 3.5
      vertex 6.3193918242631995 123.6202680575451 3.5
      vertex 6.3193918242631995 66.7297319424549 3.5
    endloop
  endfacet
  facet normal 0 0 1
    outer loop
      vertex 6.700988986224174 66.06878626991441 3.5
      vertex 6.5318507392992124 123.93823529411765 3.5
      vertex 6.5318507392992124 66.41176470588236 3.5
    endloop
  endfacet
  facet normal 0 0 1
    outer loop
      vertex 6.823912562739218 65.70666509068208 3.5
      vertex 6.700988986224174 124.2812137300856 3.5
      vertex 6.700988986224174 66.06878626991441 3.5
    endloop
  endfacet
  facet normal 0 0 1
    outer loop
      vertex 6.898518212369316 65.33159716196097 3.5
      vertex 6.823912562739218 124.64333490931793 3.5
      vertex 6.823912562739218 65.70666509068208 3.5
    endloop
  endfacet
  facet normal 0 0 1
    outer loop
      vertex 6.923529411764706 64.95 3.5
      vertex 6.898518212369316 125.01840283803904 3.5
      vertex 6.898518212369316 65.33159716196097 3.5
    endloop
  endfacet
  facet normal 0 0 1
    outer loop
      vertex 7 1 3.5
      vertex 7 128.89999999850988 3.5
      vertex 6.923529411764706 125.4 3.5
    endloop
  endfacet
  facet normal 0.7071067811865476 0 0.7071067811865476
    outer loop
      vertex 8 0 2.5
      vertex 8 129.89999999850988 2.5
      vertex 7 128.89999999850988 3.5
    endloop
  endfacet
  facet normal 0 0 1
    outer loop
      vertex 6.3193918242631995 66.7297319424549 3.5
      vertex 6.3193918242631995 123.6202680575451 3.5
      vertex 6.067247472057142 123.33275252794286 3.5
    endloop
  endfacet
  facet normal 0 0 1
    outer loop
      vertex 6.5318507392992124 66.41176470588236 3.5
      vertex 6.5318507392992124 123.93823529411765 3.5
      vertex 6.3193918242631995 123.6202680575451 3.5
    endloop
  endfacet
  facet normal 0 0 1
    outer loop
      vertex 6.700988986224174 66.06878626991441 3.5
      vertex 6.700988986224174 124.2812137300856 3.5
      vertex 6.5318507392992124 123.93823529411765 3.5
    endloop
  endfacet
  facet normal 0 0 1
    outer loop
      vertex 6.823912562739218 65.70666509068208 3.5
      vertex 6.823912562739218 124.64333490931793 3.5
      vertex 6.700988986224174 124.2812137300856 3.5
    endloop
  endfacet
  facet normal 0 0 1
    outer loop
      vertex 6.898518212369316 65.33159716196097 3.5
      vertex 6.898518212369316 125.01840283803904 3.5
      vertex 6.823912562739218 124.64333490931793 3.5
    endloop
  endfacet
  facet normal 0 0 1
    outer loop
      vertex 6.923529411764706 64.95 3.5
      vertex 6.923529411764706 125.4 3.5
      vertex 6.898518212369316 125.01840283803904 3.5
    endloop
  endfacet
  facet normal 0 0.7071067811865475 0.7071067811865475
    outer loop
      vertex 4 129.89999999850988 2.5
      vertex 7 128.89999999850988 3.5
      vertex 8 129.89999999850988 2.5
    endloop
  endfacet
  facet normal 0 0 1
    outer loop
      vertex 7 128.89999999850988 3.5
      vertex 5.461764705882353 127.93185073929922 3.5
      vertex 5.779731942454907 127.7193918242632 3.5
    endloop
  endfacet
  facet normal 0 0 1
    outer loop
      vertex 7 128.89999999850988 3.5
      vertex 5.779731942454907 127.7193918242632 3.5
      vertex 6.067247472057142 127.46724747205715 3.5
    endloop
  endfacet
  facet normal 0 0 1
    outer loop
      vertex 7 128.89999999850988 3.5
      vertex 6.067247472057142 127.46724747205715 3.5
      vertex 6.3193918242631995 127.17973194245491 3.5
    endloop
  endfacet
  facet normal 0 0 1
    outer loop
      vertex 7 128.89999999850988 3.5
      vertex 6.3193918242631995 127.17973194245491 3.5
      vertex 6.5318507392992124 126.86176470588236 3.5
    endloop
  endfacet
  facet normal 0 0 1
    outer loop
      vertex 7 128.89999999850988 3.5
      vertex 6.5318507392992124 126.86176470588236 3.5
      vertex 6.700988986224174 126.51878626991441 3.5
    endloop
  endfacet
  facet normal 0 0 1
    outer loop
      vertex 7 128.89999999850988 3.5
      vertex 6.700988986224174 126.51878626991441 3.5
      vertex 6.823912562739218 126.15666509068208 3.5
    endloop
  endfacet
  facet normal 0 0 1
    outer loop
      vertex 7 128.89999999850988 3.5
      vertex 6.823912562739218 126.15666509068208 3.5
      vertex 6.898518212369316 125.78159716196097 3.5
    endloop
  endfacet
  facet normal 0 0 1
    outer loop
      vertex 7 128.89999999850988 3.5
      vertex 6.898518212369316 125.78159716196097 3.5
      vertex 6.923529411764706 125.4 3.5
    endloop
  endfacet
  facet normal 0.9469301294951059 0.3214394653031609 0
    outer loop
      vertex 2.357926095308584 4.060007623325715 1.9
      vertex 2.4294047947308126 3.8494381649793477 0
      vertex 2.357926095308584 4.060007623325715 0
    endloop
  endfacet
  facet normal 0.8968727415326887 0.44228869021900036 0
    outer loop
      vertex 2.4294047947308126 3.8494381649793477 1.9
      vertex 2.5277568135664543 3.65 0
      vertex 2.4294047947308126 3.8494381649793477 0
    endloop
  endfacet
  facet normal 0.9978589232386034 0.06540312923014555 0
    outer loop
      vertex 2.3 4.5 1.9
      vertex 2.3145437356645227 4.278105473225913 0
      vertex 2.3 4.5 0
    endloop
  endfacet
  facet normal 0.9978589232386034 -0.06540312923014555 0
    outer loop
      vertex 2.3145437356645227 4.721894526774087 1.9
      vertex 2.3 4.5 0
      vertex 2.3145437356645227 4.721894526774087 0
    endloop
  endfacet
  facet normal 0.9807852804032307 0.19509032201612764 0
    outer loop
      vertex 2.3145437356645227 4.278105473225913 1.9
      vertex 2.357926095308584 4.060007623325715 0
      vertex 2.3145437356645227 4.278105473225913 0
    endloop
  endfacet
  facet normal 0.9807852804032307 -0.19509032201612764 0
    outer loop
      vertex 2.357926095308584 4.939992376674285 1.9
      vertex 2.3145437356645227 4.721894526774087 0
      vertex 2.357926095308584 4.939992376674285 0
    endloop
  endfacet
  facet normal 0.9469301294951059 -0.3214394653031609 0
    outer loop
      vertex 2.4294047947308126 5.150561835020652 1.9
      vertex 2.357926095308584 4.939992376674285 0
      vertex 2.4294047947308126 5.150561835020652 0
    endloop
  endfacet
  facet normal 0.8968727415326884 -0.4422886902190012 0
    outer loop
      vertex 2.5277568135664543 5.35 1.9
      vertex 2.4294047947308126 5.150561835020652 0
      vertex 2.5277568135664543 5.35 0
    endloop
  endfacet
  facet normal 0.8314696123025448 0.5555702330196028 0
    outer loop
      vertex 2.5277568135664543 3.65 1.9
      vertex 2.6512993215049003 3.465105570685175 0
      vertex 2.5277568135664543 3.65 0
    endloop
  endfacet
  facet normal 0.751839807478979 0.6593458151000671 0
    outer loop
      vertex 2.6512993215049003 3.465105570685175 1.9
      vertex 2.797918471982869 3.297918471982869 0
      vertex 2.6512993215049003 3.465105570685175 0
    endloop
  endfacet
  facet normal 0.8314696123025455 -0.555570233019602 0
    outer loop
      vertex 2.6512993215049003 5.534894429314825 1.9
      vertex 2.5277568135664543 5.35 0
      vertex 2.6512993215049003 5.534894429314825 0
    endloop
  endfacet
  facet normal 0.751839807478979 -0.6593458151000671 0
    outer loop
      vertex 2.797918471982869 5.702081528017131 1.9
      vertex 2.6512993215049003 5.534894429314825 0
      vertex 2.797918471982869 5.702081528017131 0
    endloop
  endfacet
  facet normal 0.6593458151000671 0.751839807478979 0
    outer loop
      vertex 2.797918471982869 3.297918471982869 1.9
      vertex 2.965105570685175 3.1512993215049003 0
      vertex 2.797918471982869 3.297918471982869 0
    endloop
  endfacet
  facet normal 0.6593458151000658 -0.75183980747898 0
    outer loop
      vertex 2.965105570685175 5.848700678495099 1.9
      vertex 2.797918471982869 5.702081528017131 0
      vertex 2.965105570685175 5.848700678495099 0
    endloop
  endfacet
  facet normal 0.5555702330196028 0.8314696123025448 0
    outer loop
      vertex 2.965105570685175 3.1512993215049003 1.9
      vertex 3.15 3.0277568135664543 0
      vertex 2.965105570685175 3.1512993215049003 0
    endloop
  endfacet
  facet normal 0.44228869021900036 0.8968727415326887 0
    outer loop
      vertex 3.15 3.0277568135664543 1.9
      vertex 3.3494381649793477 2.9294047947308126 0
      vertex 3.15 3.0277568135664543 0
    endloop
  endfacet
  facet normal 0.5555702330196043 -0.8314696123025439 0
    outer loop
      vertex 3.15 5.972243186433546 1.9
      vertex 2.965105570685175 5.848700678495099 0
      vertex 3.15 5.972243186433546 0
    endloop
  endfacet
  facet normal 0.32143946530316153 0.9469301294951058 0
    outer loop
      vertex 3.3494381649793477 2.9294047947308126 1.9
      vertex 3.5600076233257147 2.857926095308584 0
      vertex 3.3494381649793477 2.9294047947308126 0
    endloop
  endfacet
  facet normal 0.44228869021900036 -0.8968727415326887 0
    outer loop
      vertex 3.3494381649793477 6.070595205269187 1.9
      vertex 3.15 5.972243186433546 0
      vertex 3.3494381649793477 6.070595205269187 0
    endloop
  endfacet
  facet normal 0.32143946530316153 -0.9469301294951058 0
    outer loop
      vertex 3.5600076233257147 6.142073904691416 1.9
      vertex 3.3494381649793477 6.070595205269187 0
      vertex 3.5600076233257147 6.142073904691416 0
    endloop
  endfacet
  facet normal 0.19509032201612764 0.9807852804032307 0
    outer loop
      vertex 3.5600076233257147 2.857926095308584 1.9
      vertex 3.7781054732259123 2.8145437356645227 0
      vertex 3.5600076233257147 2.857926095308584 0
    endloop
  endfacet
  facet normal 0.19509032201612764 -0.9807852804032307 0
    outer loop
      vertex 3.7781054732259123 6.185456264335477 1.9
      vertex 3.5600076233257147 6.142073904691416 0
      vertex 3.7781054732259123 6.185456264335477 0
    endloop
  endfacet
  facet normal 0.06540312923014543 0.9978589232386035 0
    outer loop
      vertex 3.7781054732259123 2.8145437356645227 1.9
      vertex 4 2.8 0
      vertex 3.7781054732259123 2.8145437356645227 0
    endloop
  endfacet
  facet normal 0.06540312923014543 -0.9978589232386035 0
    outer loop
      vertex 4 6.2 1.9
      vertex 3.7781054732259123 6.185456264335477 0
      vertex 4 6.2 0
    endloop
  endfacet
  facet normal 0.9469301294951059 0.3214394653031609 3.089926935406182e-19
    outer loop
      vertex 2.357926095308584 4.060007623325715 1.9
      vertex 2.4294047947308126 3.8494381649793477 1.9
      vertex 2.4294047947308126 3.8494381649793477 0
    endloop
  endfacet
  facet normal 0.8968727415326887 0.44228869021900036 -1.5990123392121803e-18
    outer loop
      vertex 2.4294047947308126 3.8494381649793477 1.9
      vertex 2.5277568135664543 3.65 1.9
      vertex 2.5277568135664543 3.65 0
    endloop
  endfacet
  facet normal 0.9978589232386034 0.06540312923014555 -2.92409514737105e-19
    outer loop
      vertex 2.3 4.5 1.9
      vertex 2.3145437356645227 4.278105473225913 1.9
      vertex 2.3145437356645227 4.278105473225913 0
    endloop
  endfacet
  facet normal 0.9978589232386034 -0.06540312923014555 0
    outer loop
      vertex 2.3 4.5 1.9
      vertex 2.3 4.5 0
      vertex 2.3145437356645227 4.721894526774087 1.9
    endloop
  endfacet
  facet normal 0.9807852804032307 0.19509032201612764 6.639908276725285e-19
    outer loop
      vertex 2.3145437356645227 4.278105473225913 1.9
      vertex 2.357926095308584 4.060007623325715 1.9
      vertex 2.357926095308584 4.060007623325715 0
    endloop
  endfacet
  facet normal 0.9807852804032307 -0.19509032201612764 0
    outer loop
      vertex 2.3145437356645227 4.721894526774087 1.9
      vertex 2.3145437356645227 4.721894526774087 0
      vertex 2.357926095308584 4.939992376674285 1.9
    endloop
  endfacet
  facet normal 0.9469301294951059 -0.3214394653031609 0
    outer loop
      vertex 2.357926095308584 4.939992376674285 1.9
      vertex 2.357926095308584 4.939992376674285 0
      vertex 2.4294047947308126 5.150561835020652 1.9
    endloop
  endfacet
  facet normal 0.8968727415326884 -0.4422886902190012 0
    outer loop
      vertex 2.4294047947308126 5.150561835020652 1.9
      vertex 2.4294047947308126 5.150561835020652 0
      vertex 2.5277568135664543 5.35 1.9
    endloop
  endfacet
  facet normal 0.8314696123025448 0.5555702330196028 -3.302940205953364e-18
    outer loop
      vertex 2.5277568135664543 3.65 1.9
      vertex 2.6512993215049003 3.465105570685175 1.9
      vertex 2.6512993215049003 3.465105570685175 0
    endloop
  endfacet
  facet normal 0.751839807478979 0.6593458151000671 2.497893021263775e-18
    outer loop
      vertex 2.6512993215049003 3.465105570685175 1.9
      vertex 2.797918471982869 3.297918471982869 1.9
      vertex 2.797918471982869 3.297918471982869 0
    endloop
  endfacet
  facet normal 0.8314696123025455 -0.555570233019602 0
    outer loop
      vertex 2.5277568135664543 5.35 1.9
      vertex 2.5277568135664543 5.35 0
      vertex 2.6512993215049003 5.534894429314825 1.9
    endloop
  endfacet
  facet normal 0.751839807478979 -0.6593458151000671 0
    outer loop
      vertex 2.6512993215049003 5.534894429314825 1.9
      vertex 2.6512993215049003 5.534894429314825 0
      vertex 2.797918471982869 5.702081528017131 1.9
    endloop
  endfacet
  facet normal 0.6593458151000671 0.751839807478979 2.497893021263775e-18
    outer loop
      vertex 2.797918471982869 3.297918471982869 1.9
      vertex 2.965105570685175 3.1512993215049003 1.9
      vertex 2.965105570685175 3.1512993215049003 0
    endloop
  endfacet
  facet normal 0.6593458151000658 -0.75183980747898 0
    outer loop
      vertex 2.797918471982869 5.702081528017131 1.9
      vertex 2.797918471982869 5.702081528017131 0
      vertex 2.965105570685175 5.848700678495099 1.9
    endloop
  endfacet
  facet normal 0.5555702330196028 0.8314696123025448 -3.302940205953364e-18
    outer loop
      vertex 2.965105570685175 3.1512993215049003 1.9
      vertex 3.15 3.0277568135664543 1.9
      vertex 3.15 3.0277568135664543 0
    endloop
  endfacet
  facet normal 0.5555702330196043 -0.8314696123025439 0
    outer loop
      vertex 2.965105570685175 5.848700678495099 1.9
      vertex 2.965105570685175 5.848700678495099 0
      vertex 3.15 5.972243186433546 1.9
    endloop
  endfacet
  facet normal 0.44228869021900036 -0.8968727415326887 0
    outer loop
      vertex 3.15 5.972243186433546 1.9
      vertex 3.15 5.972243186433546 0
      vertex 3.3494381649793477 6.070595205269187 1.9
    endloop
  endfacet
  facet normal 0.44228869021900036 0.8968727415326887 -1.5990123392121803e-18
    outer loop
      vertex 3.15 3.0277568135664543 1.9
      vertex 3.3494381649793477 2.9294047947308126 1.9
      vertex 3.3494381649793477 2.9294047947308126 0
    endloop
  endfacet
  facet normal 0.32143946530316153 0.9469301294951058 1.5347711870343616e-18
    outer loop
      vertex 3.3494381649793477 2.9294047947308126 1.9
      vertex 3.5600076233257147 2.857926095308584 1.9
      vertex 3.5600076233257147 2.857926095308584 0
    endloop
  endfacet
  facet normal 0.32143946530316153 -0.9469301294951058 0
    outer loop
      vertex 3.3494381649793477 6.070595205269187 1.9
      vertex 3.3494381649793477 6.070595205269187 0
      vertex 3.5600076233257147 6.142073904691416 1.9
    endloop
  endfacet
  facet normal 0.19509032201612764 0.9807852804032307 6.639908276725285e-19
    outer loop
      vertex 3.5600076233257147 2.857926095308584 1.9
      vertex 3.7781054732259123 2.8145437356645227 1.9
      vertex 3.7781054732259123 2.8145437356645227 0
    endloop
  endfacet
  facet normal 0.19509032201612764 -0.9807852804032307 0
    outer loop
      vertex 3.5600076233257147 6.142073904691416 1.9
      vertex 3.5600076233257147 6.142073904691416 0
      vertex 3.7781054732259123 6.185456264335477 1.9
    endloop
  endfacet
  facet normal 0.06540312923014543 0.9978589232386035 -1.8235864718309003e-19
    outer loop
      vertex 3.7781054732259123 2.8145437356645227 1.9
      vertex 4 2.8 1.9
      vertex 4 2.8 0
    endloop
  endfacet
  facet normal 0.06540312923014543 -0.9978589232386035 0
    outer loop
      vertex 3.7781054732259123 6.185456264335477 1.9
      vertex 3.7781054732259123 6.185456264335477 0
      vertex 4 6.2 1.9
    endloop
  endfacet
  facet normal -0.06540312923014555 0.9978589232386034 0
    outer loop
      vertex 4 2.8 1.9
      vertex 4.221894526774087 2.8145437356645227 0
      vertex 4 2.8 0
    endloop
  endfacet
  facet normal -0.06540312923014555 -0.9978589232386034 0
    outer loop
      vertex 4.221894526774087 6.185456264335477 1.9
      vertex 4 6.2 0
      vertex 4.221894526774087 6.185456264335477 0
    endloop
  endfacet
  facet normal -0.19509032201612764 0.9807852804032307 0
    outer loop
      vertex 4.221894526774087 2.8145437356645227 1.9
      vertex 4.439992376674285 2.857926095308584 0
      vertex 4.221894526774087 2.8145437356645227 0
    endloop
  endfacet
  facet normal -0.19509032201612764 -0.9807852804032307 0
    outer loop
      vertex 4.439992376674285 6.142073904691416 1.9
      vertex 4.221894526774087 6.185456264335477 0
      vertex 4.439992376674285 6.142073904691416 0
    endloop
  endfacet
  facet normal -0.3214394653031609 0.9469301294951059 0
    outer loop
      vertex 4.439992376674285 2.857926095308584 1.9
      vertex 4.650561835020652 2.9294047947308126 0
      vertex 4.439992376674285 2.857926095308584 0
    endloop
  endfacet
  facet normal -0.4422886902190012 0.8968727415326884 0
    outer loop
      vertex 4.650561835020652 2.9294047947308126 1.9
      vertex 4.85 3.0277568135664543 0
      vertex 4.650561835020652 2.9294047947308126 0
    endloop
  endfacet
  facet normal -0.3214394653031609 -0.9469301294951059 0
    outer loop
      vertex 4.650561835020652 6.070595205269187 1.9
      vertex 4.439992376674285 6.142073904691416 0
      vertex 4.650561835020652 6.070595205269187 0
    endloop
  endfacet
  facet normal -0.555570233019602 0.8314696123025455 0
    outer loop
      vertex 4.85 3.0277568135664543 1.9
      vertex 5.034894429314825 3.1512993215049003 0
      vertex 4.85 3.0277568135664543 0
    endloop
  endfacet
  facet normal -0.4422886902190012 -0.8968727415326884 0
    outer loop
      vertex 4.85 5.972243186433546 1.9
      vertex 4.650561835020652 6.070595205269187 0
      vertex 4.85 5.972243186433546 0
    endloop
  endfacet
  facet normal -0.5555702330196033 -0.8314696123025445 0
    outer loop
      vertex 5.034894429314825 5.848700678495099 1.9
      vertex 4.85 5.972243186433546 0
      vertex 5.034894429314825 5.848700678495099 0
    endloop
  endfacet
  facet normal -0.6593458151000671 0.751839807478979 0
    outer loop
      vertex 5.034894429314825 3.1512993215049003 1.9
      vertex 5.202081528017131 3.297918471982869 0
      vertex 5.034894429314825 3.1512993215049003 0
    endloop
  endfacet
  facet normal -0.6593458151000658 -0.75183980747898 0
    outer loop
      vertex 5.202081528017131 5.702081528017131 1.9
      vertex 5.034894429314825 5.848700678495099 0
      vertex 5.202081528017131 5.702081528017131 0
    endloop
  endfacet
  facet normal -0.75183980747898 0.6593458151000658 0
    outer loop
      vertex 5.202081528017131 3.297918471982869 1.9
      vertex 5.348700678495099 3.465105570685175 0
      vertex 5.202081528017131 3.297918471982869 0
    endloop
  endfacet
  facet normal -0.8314696123025439 0.5555702330196043 0
    outer loop
      vertex 5.348700678495099 3.465105570685175 1.9
      vertex 5.472243186433546 3.65 0
      vertex 5.348700678495099 3.465105570685175 0
    endloop
  endfacet
  facet normal -0.75183980747898 -0.6593458151000658 0
    outer loop
      vertex 5.348700678495099 5.534894429314825 1.9
      vertex 5.202081528017131 5.702081528017131 0
      vertex 5.348700678495099 5.534894429314825 0
    endloop
  endfacet
  facet normal -0.8314696123025445 -0.5555702330196033 0
    outer loop
      vertex 5.472243186433546 5.35 1.9
      vertex 5.348700678495099 5.534894429314825 0
      vertex 5.472243186433546 5.35 0
    endloop
  endfacet
  facet normal -0.8968727415326887 0.44228869021900036 0
    outer loop
      vertex 5.472243186433546 3.65 1.9
      vertex 5.570595205269187 3.8494381649793477 0
      vertex 5.472243186433546 3.65 0
    endloop
  endfacet
  facet normal -0.9469301294951059 0.3214394653031609 0
    outer loop
      vertex 5.570595205269187 3.8494381649793477 1.9
      vertex 5.642073904691416 4.060007623325715 0
      vertex 5.570595205269187 3.8494381649793477 0
    endloop
  endfacet
  facet normal -0.8968727415326884 -0.4422886902190012 0
    outer loop
      vertex 5.570595205269187 5.150561835020652 1.9
      vertex 5.472243186433546 5.35 0
      vertex 5.570595205269187 5.150561835020652 0
    endloop
  endfacet
  facet normal -0.9469301294951059 -0.3214394653031609 0
    outer loop
      vertex 5.642073904691416 4.939992376674285 1.9
      vertex 5.570595205269187 5.150561835020652 0
      vertex 5.642073904691416 4.939992376674285 0
    endloop
  endfacet
  facet normal -0.9807852804032307 0.19509032201612764 0
    outer loop
      vertex 5.642073904691416 4.060007623325715 1.9
      vertex 5.685456264335477 4.278105473225913 0
      vertex 5.642073904691416 4.060007623325715 0
    endloop
  endfacet
  facet normal -0.9807852804032307 -0.19509032201612764 0
    outer loop
      vertex 5.685456264335477 4.721894526774087 1.9
      vertex 5.642073904691416 4.939992376674285 0
      vertex 5.685456264335477 4.721894526774087 0
    endloop
  endfacet
  facet normal -0.9978589232386034 0.06540312923014555 0
    outer loop
      vertex 5.685456264335477 4.278105473225913 1.9
      vertex 5.7 4.5 0
      vertex 5.685456264335477 4.278105473225913 0
    endloop
  endfacet
  facet normal -0.9978589232386034 -0.06540312923014555 0
    outer loop
      vertex 5.7 4.5 1.9
      vertex 5.685456264335477 4.721894526774087 0
      vertex 5.7 4.5 0
    endloop
  endfacet
  facet normal -0.06540312923014555 0.9978589232386034 2.92409514737105e-19
    outer loop
      vertex 4 2.8 1.9
      vertex 4.221894526774087 2.8145437356645227 1.9
      vertex 4.221894526774087 2.8145437356645227 0
    endloop
  endfacet
  facet normal -0.06540312923014555 -0.9978589232386034 0
    outer loop
      vertex 4 6.2 1.9
      vertex 4 6.2 0
      vertex 4.221894526774087 6.185456264335477 1.9
    endloop
  endfacet
  facet normal -0.19509032201612764 0.9807852804032307 -6.639908276725285e-19
    outer loop
      vertex 4.221894526774087 2.8145437356645227 1.9
      vertex 4.439992376674285 2.857926095308584 1.9
      vertex 4.439992376674285 2.857926095308584 0
    endloop
  endfacet
  facet normal -0.19509032201612764 -0.9807852804032307 0
    outer loop
      vertex 4.221894526774087 6.185456264335477 1.9
      vertex 4.221894526774087 6.185456264335477 0
      vertex 4.439992376674285 6.142073904691416 1.9
    endloop
  endfacet
  facet normal -0.3214394653031609 0.9469301294951059 -3.089926935406182e-19
    outer loop
      vertex 4.439992376674285 2.857926095308584 1.9
      vertex 4.650561835020652 2.9294047947308126 1.9
      vertex 4.650561835020652 2.9294047947308126 0
    endloop
  endfacet
  facet normal -0.3214394653031609 -0.9469301294951059 0
    outer loop
      vertex 4.439992376674285 6.142073904691416 1.9
      vertex 4.439992376674285 6.142073904691416 0
      vertex 4.650561835020652 6.070595205269187 1.9
    endloop
  endfacet
  facet normal -0.4422886902190012 -0.8968727415326884 0
    outer loop
      vertex 4.650561835020652 6.070595205269187 1.9
      vertex 4.650561835020652 6.070595205269187 0
      vertex 4.85 5.972243186433546 1.9
    endloop
  endfacet
  facet normal -0.4422886902190012 0.8968727415326884 -3.2381155206208594e-18
    outer loop
      vertex 4.650561835020652 2.9294047947308126 1.9
      vertex 4.85 3.0277568135664543 1.9
      vertex 4.85 3.0277568135664543 0
    endloop
  endfacet
  facet normal -0.555570233019602 0.8314696123025455 1.770987446041367e-18
    outer loop
      vertex 4.85 3.0277568135664543 1.9
      vertex 5.034894429314825 3.1512993215049003 1.9
      vertex 5.034894429314825 3.1512993215049003 0
    endloop
  endfacet
  facet normal -0.5555702330196033 -0.8314696123025445 0
    outer loop
      vertex 4.85 5.972243186433546 1.9
      vertex 4.85 5.972243186433546 0
      vertex 5.034894429314825 5.848700678495099 1.9
    endloop
  endfacet
  facet normal -0.6593458151000671 0.751839807478979 -2.497893021263775e-18
    outer loop
      vertex 5.034894429314825 3.1512993215049003 1.9
      vertex 5.202081528017131 3.297918471982869 1.9
      vertex 5.202081528017131 3.297918471982869 0
    endloop
  endfacet
  facet normal -0.6593458151000658 -0.75183980747898 0
    outer loop
      vertex 5.034894429314825 5.848700678495099 1.9
      vertex 5.034894429314825 5.848700678495099 0
      vertex 5.202081528017131 5.702081528017131 1.9
    endloop
  endfacet
  facet normal -0.75183980747898 0.6593458151000658 2.4295048841080703e-18
    outer loop
      vertex 5.202081528017131 3.297918471982869 1.9
      vertex 5.348700678495099 3.465105570685175 1.9
      vertex 5.348700678495099 3.465105570685175 0
    endloop
  endfacet
  facet normal -0.8314696123025439 0.5555702330196043 5.642555107901729e-19
    outer loop
      vertex 5.348700678495099 3.465105570685175 1.9
      vertex 5.472243186433546 3.65 1.9
      vertex 5.472243186433546 3.65 0
    endloop
  endfacet
  facet normal -0.75183980747898 -0.6593458151000658 0
    outer loop
      vertex 5.202081528017131 5.702081528017131 1.9
      vertex 5.202081528017131 5.702081528017131 0
      vertex 5.348700678495099 5.534894429314825 1.9
    endloop
  endfacet
  facet normal -0.8314696123025445 -0.5555702330196033 9.676972491213506e-19
    outer loop
      vertex 5.472243186433546 5.35 1.9
      vertex 5.348700678495099 5.534894429314825 1.9
      vertex 5.348700678495099 5.534894429314825 0
    endloop
  endfacet
  facet normal -0.8968727415326887 0.44228869021900036 1.5990123392121803e-18
    outer loop
      vertex 5.472243186433546 3.65 1.9
      vertex 5.570595205269187 3.8494381649793477 1.9
      vertex 5.570595205269187 3.8494381649793477 0
    endloop
  endfacet
  facet normal -0.9469301294951059 0.3214394653031609 -3.089926935406182e-19
    outer loop
      vertex 5.570595205269187 3.8494381649793477 1.9
      vertex 5.642073904691416 4.060007623325715 1.9
      vertex 5.642073904691416 4.060007623325715 0
    endloop
  endfacet
  facet normal -0.8968727415326884 -0.4422886902190012 0
    outer loop
      vertex 5.472243186433546 5.35 1.9
      vertex 5.472243186433546 5.35 0
      vertex 5.570595205269187 5.150561835020652 1.9
    endloop
  endfacet
  facet normal -0.9469301294951059 -0.3214394653031609 0
    outer loop
      vertex 5.570595205269187 5.150561835020652 1.9
      vertex 5.570595205269187 5.150561835020652 0
      vertex 5.642073904691416 4.939992376674285 1.9
    endloop
  endfacet
  facet normal -0.9807852804032307 0.19509032201612764 -6.639908276725285e-19
    outer loop
      vertex 5.642073904691416 4.060007623325715 1.9
      vertex 5.685456264335477 4.278105473225913 1.9
      vertex 5.685456264335477 4.278105473225913 0
    endloop
  endfacet
  facet normal -0.9807852804032307 -0.19509032201612764 0
    outer loop
      vertex 5.642073904691416 4.939992376674285 1.9
      vertex 5.642073904691416 4.939992376674285 0
      vertex 5.685456264335477 4.721894526774087 1.9
    endloop
  endfacet
  facet normal -0.9978589232386034 0.06540312923014555 2.92409514737105e-19
    outer loop
      vertex 5.685456264335477 4.278105473225913 1.9
      vertex 5.7 4.5 1.9
      vertex 5.7 4.5 0
    endloop
  endfacet
  facet normal -0.9978589232386034 -0.06540312923014555 0
    outer loop
      vertex 5.685456264335477 4.721894526774087 1.9
      vertex 5.685456264335477 4.721894526774087 0
      vertex 5.7 4.5 1.9
    endloop
  endfacet
  facet normal 0.7527957082955083 0.25553970923498126 0.6066284518351944
    outer loop
      vertex 2.357926095308584 4.060007623325715 1.9
      vertex 1.1760874372607821 3.743334909317925 3.5
      vertex 2.4294047947308126 3.8494381649793477 1.9
    endloop
  endfacet
  facet normal 0.7932833600921773 0.05199453841415084 0.6066284518351942
    outer loop
      vertex 2.3 4.5 1.9
      vertex 1.076470588235294 4.5 3.5
      vertex 2.3145437356645227 4.278105473225913 1.9
    endloop
  endfacet
  facet normal 0.793283360092177 -0.051994538414150825 0.6066284518351945
    outer loop
      vertex 2.3 4.5 1.9
      vertex 2.3145437356645227 4.721894526774087 1.9
      vertex 1.1014817876306837 4.881597161960975 3.5
    endloop
  endfacet
  facet normal 0.7797100618613012 0.15509397427457047 0.6066284518351945
    outer loop
      vertex 2.3145437356645227 4.278105473225913 1.9
      vertex 1.1014817876306837 4.118402838039025 3.5
      vertex 2.357926095308584 4.060007623325715 1.9
    endloop
  endfacet
  facet normal 0.7797100618613011 -0.15509397427457047 0.6066284518351945
    outer loop
      vertex 2.3145437356645227 4.721894526774087 1.9
      vertex 2.357926095308584 4.939992376674285 1.9
      vertex 1.1760874372607824 5.256665090682075 3.5
    endloop
  endfacet
  facet normal 0.7932833600921771 0.05199453841414897 0.6066284518351945
    outer loop
      vertex 2.3145437356645227 4.278105473225913 1.9
      vertex 1.076470588235294 4.5 3.5
      vertex 1.1014817876306837 4.118402838039025 3.5
    endloop
  endfacet
  facet normal 0.7932833600921771 -0.051994538414149145 0.6066284518351943
    outer loop
      vertex 2.3 4.5 1.9
      vertex 1.1014817876306837 4.881597161960975 3.5
      vertex 1.076470588235294 4.5 3.5
    endloop
  endfacet
  facet normal 0.7797100618613011 0.15509397427457014 0.6066284518351945
    outer loop
      vertex 2.357926095308584 4.060007623325715 1.9
      vertex 1.1014817876306837 4.118402838039025 3.5
      vertex 1.1760874372607821 3.743334909317925 3.5
    endloop
  endfacet
  facet normal 0.7527957082955082 0.25553970923498254 0.6066284518351944
    outer loop
      vertex 2.4294047947308126 3.8494381649793477 1.9
      vertex 1.1760874372607821 3.743334909317925 3.5
      vertex 1.2990110137758264 3.3812137300855905 3.5
    endloop
  endfacet
  facet normal 0.7797100618613011 -0.15509397427457036 0.6066284518351945
    outer loop
      vertex 2.3145437356645227 4.721894526774087 1.9
      vertex 1.1760874372607824 5.256665090682075 3.5
      vertex 1.1014817876306837 4.881597161960975 3.5
    endloop
  endfacet
  facet normal 0.7527957082955079 -0.2555397092349826 0.6066284518351944
    outer loop
      vertex 2.357926095308584 4.939992376674285 1.9
      vertex 1.2990110137758264 5.618786269914409 3.5
      vertex 1.1760874372607824 5.256665090682075 3.5
    endloop
  endfacet
  facet normal 0.7130008114463788 -0.35161308892138904 0.6066284518351943
    outer loop
      vertex 2.4294047947308126 5.150561835020652 1.9
      vertex 1.468149260700788 5.961764705882353 3.5
      vertex 1.2990110137758264 5.618786269914409 3.5
    endloop
  endfacet
  facet normal 0.7130008114463788 0.351613088921389 0.6066284518351943
    outer loop
      vertex 2.5277568135664543 3.65 1.9
      vertex 1.2990110137758264 3.3812137300855905 3.5
      vertex 1.4681492607007878 3.038235294117647 3.5
    endloop
  endfacet
  facet normal 0.6610062730322297 0.4416702711707869 0.6066284518351946
    outer loop
      vertex 2.6512993215049003 3.465105570685175 1.9
      vertex 1.4681492607007878 3.038235294117647 3.5
      vertex 1.6806081757368003 2.7202680575450926 3.5
    endloop
  endfacet
  facet normal 0.6610062730322296 -0.44167027117078705 0.6066284518351944
    outer loop
      vertex 2.5277568135664543 5.35 1.9
      vertex 1.6806081757368003 6.279731942454907 3.5
      vertex 1.468149260700788 5.961764705882353 3.5
    endloop
  endfacet
  facet normal 0.7130008114463787 0.3516130889213891 0.6066284518351944
    outer loop
      vertex 2.4294047947308126 3.8494381649793477 1.9
      vertex 1.2990110137758264 3.3812137300855905 3.5
      vertex 2.5277568135664543 3.65 1.9
    endloop
  endfacet
  facet normal 0.6610062730322293 0.44167027117078783 0.6066284518351943
    outer loop
      vertex 2.5277568135664543 3.65 1.9
      vertex 1.4681492607007878 3.038235294117647 3.5
      vertex 2.6512993215049003 3.465105570685175 1.9
    endloop
  endfacet
  facet normal 0.7527957082955087 -0.2555397092349813 0.6066284518351943
    outer loop
      vertex 2.357926095308584 4.939992376674285 1.9
      vertex 2.4294047947308126 5.150561835020652 1.9
      vertex 1.2990110137758264 5.618786269914409 3.5
    endloop
  endfacet
  facet normal 0.7130008114463785 -0.3516130889213897 0.6066284518351944
    outer loop
      vertex 2.4294047947308126 5.150561835020652 1.9
      vertex 2.5277568135664543 5.35 1.9
      vertex 1.468149260700788 5.961764705882353 3.5
    endloop
  endfacet
  facet normal 0.5977017340209385 0.5241703526263176 0.6066284518351946
    outer loop
      vertex 2.6512993215049003 3.465105570685175 1.9
      vertex 1.6806081757368003 2.7202680575450926 3.5
      vertex 2.797918471982869 3.297918471982869 1.9
    endloop
  endfacet
  facet normal 0.6610062730322297 -0.44167027117078717 0.6066284518351945
    outer loop
      vertex 2.5277568135664543 5.35 1.9
      vertex 2.6512993215049003 5.534894429314825 1.9
      vertex 1.6806081757368003 6.279731942454907 3.5
    endloop
  endfacet
  facet normal 0.5977017340209388 -0.5241703526263178 0.6066284518351942
    outer loop
      vertex 2.6512993215049003 5.534894429314825 1.9
      vertex 2.797918471982869 5.702081528017131 1.9
      vertex 1.9327525279428577 6.567247472057142 3.5
    endloop
  endfacet
  facet normal 0.5241703526263177 0.5977017340209386 0.6066284518351943
    outer loop
      vertex 2.797918471982869 3.297918471982869 1.9
      vertex 1.9327525279428577 2.4327525279428577 3.5
      vertex 2.965105570685175 3.1512993215049003 1.9
    endloop
  endfacet
  facet normal 0.5241703526263167 -0.5977017340209393 0.6066284518351948
    outer loop
      vertex 2.797918471982869 5.702081528017131 1.9
      vertex 2.965105570685175 5.848700678495099 1.9
      vertex 2.2202680575450926 6.8193918242631995 3.5
    endloop
  endfacet
  facet normal 0.4416702711707878 0.6610062730322291 0.6066284518351946
    outer loop
      vertex 2.965105570685175 3.1512993215049003 1.9
      vertex 2.2202680575450926 2.1806081757368 3.5
      vertex 3.15 3.0277568135664543 1.9
    endloop
  endfacet
  facet normal 0.441670271170789 -0.6610062730322285 0.6066284518351944
    outer loop
      vertex 2.965105570685175 5.848700678495099 1.9
      vertex 3.15 5.972243186433546 1.9
      vertex 2.538235294117647 7.0318507392992124 3.5
    endloop
  endfacet
  facet normal 0.3516130889213891 0.7130008114463787 0.6066284518351943
    outer loop
      vertex 3.15 3.0277568135664543 1.9
      vertex 2.538235294117647 1.968149260700788 3.5
      vertex 3.3494381649793477 2.9294047947308126 1.9
    endloop
  endfacet
  facet normal 0.35161308892138904 -0.7130008114463786 0.6066284518351944
    outer loop
      vertex 3.15 5.972243186433546 1.9
      vertex 3.3494381649793477 6.070595205269187 1.9
      vertex 2.8812137300855905 7.200988986224174 3.5
    endloop
  endfacet
  facet normal 0.2555397092349818 0.7527957082955085 0.6066284518351943
    outer loop
      vertex 3.3494381649793477 2.9294047947308126 1.9
      vertex 2.8812137300855905 1.7990110137758264 3.5
      vertex 3.5600076233257147 2.857926095308584 1.9
    endloop
  endfacet
  facet normal 0.25553970923498176 -0.7527957082955082 0.6066284518351945
    outer loop
      vertex 3.3494381649793477 6.070595205269187 1.9
      vertex 3.5600076233257147 6.142073904691416 1.9
      vertex 3.2433349093179245 7.323912562739218 3.5
    endloop
  endfacet
  facet normal 0.15509397427457047 0.7797100618613011 0.6066284518351945
    outer loop
      vertex 3.5600076233257147 2.857926095308584 1.9
      vertex 3.2433349093179245 1.6760874372607824 3.5
      vertex 3.7781054732259123 2.8145437356645227 1.9
    endloop
  endfacet
  facet normal 0.15509397427457047 -0.7797100618613012 0.6066284518351943
    outer loop
      vertex 3.5600076233257147 6.142073904691416 1.9
      vertex 3.7781054732259123 6.185456264335477 1.9
      vertex 3.618402838039026 7.398518212369316 3.5
    endloop
  endfacet
  facet normal 0.051994538414150714 0.7932833600921769 0.6066284518351944
    outer loop
      vertex 3.7781054732259123 2.8145437356645227 1.9
      vertex 3.618402838039026 1.6014817876306837 3.5
      vertex 4 2.8 1.9
    endloop
  endfacet
  facet normal 0.05199453841415072 -0.793283360092177 0.6066284518351942
    outer loop
      vertex 3.7781054732259123 6.185456264335477 1.9
      vertex 4 6.2 1.9
      vertex 4 7.423529411764706 3.5
    endloop
  endfacet
  facet normal 0.5977017340209374 0.5241703526263194 0.6066284518351944
    outer loop
      vertex 2.797918471982869 3.297918471982869 1.9
      vertex 1.6806081757368003 2.7202680575450926 3.5
      vertex 1.9327525279428577 2.4327525279428577 3.5
    endloop
  endfacet
  facet normal 0.5977017340209373 -0.5241703526263193 0.6066284518351944
    outer loop
      vertex 2.6512993215049003 5.534894429314825 1.9
      vertex 1.9327525279428577 6.567247472057142 3.5
      vertex 1.6806081757368003 6.279731942454907 3.5
    endloop
  endfacet
  facet normal 0.5241703526263195 0.5977017340209368 0.6066284518351946
    outer loop
      vertex 2.965105570685175 3.1512993215049003 1.9
      vertex 1.9327525279428577 2.4327525279428577 3.5
      vertex 2.2202680575450926 2.1806081757368 3.5
    endloop
  endfacet
  facet normal 0.5241703526263196 -0.5977017340209371 0.6066284518351943
    outer loop
      vertex 2.797918471982869 5.702081528017131 1.9
      vertex 2.2202680575450926 6.8193918242631995 3.5
      vertex 1.9327525279428577 6.567247472057142 3.5
    endloop
  endfacet
  facet normal 0.4416702711707863 0.6610062730322303 0.6066284518351944
    outer loop
      vertex 3.15 3.0277568135664543 1.9
      vertex 2.2202680575450926 2.1806081757368 3.5
      vertex 2.538235294117647 1.968149260700788 3.5
    endloop
  endfacet
  facet normal 0.44167027117078744 -0.6610062730322294 0.6066284518351946
    outer loop
      vertex 2.965105570685175 5.848700678495099 1.9
      vertex 2.538235294117647 7.0318507392992124 3.5
      vertex 2.2202680575450926 6.8193918242631995 3.5
    endloop
  endfacet
  facet normal 0.3516130889213894 0.7130008114463787 0.6066284518351944
    outer loop
      vertex 3.3494381649793477 2.9294047947308126 1.9
      vertex 2.538235294117647 1.968149260700788 3.5
      vertex 2.8812137300855905 1.7990110137758264 3.5
    endloop
  endfacet
  facet normal 0.35161308892138937 -0.7130008114463786 0.6066284518351944
    outer loop
      vertex 3.15 5.972243186433546 1.9
      vertex 2.8812137300855905 7.200988986224174 3.5
      vertex 2.538235294117647 7.0318507392992124 3.5
    endloop
  endfacet
  facet normal 0.25553970923498276 0.752795708295508 0.6066284518351945
    outer loop
      vertex 3.5600076233257147 2.857926095308584 1.9
      vertex 2.8812137300855905 1.7990110137758264 3.5
      vertex 3.2433349093179245 1.6760874372607824 3.5
    endloop
  endfacet
  facet normal 0.25553970923498215 -0.7527957082955081 0.6066284518351945
    outer loop
      vertex 3.3494381649793477 6.070595205269187 1.9
      vertex 3.2433349093179245 7.323912562739218 3.5
      vertex 2.8812137300855905 7.200988986224174 3.5
    endloop
  endfacet
  facet normal 0.15509397427456922 -0.7797100618613013 0.6066284518351945
    outer loop
      vertex 3.5600076233257147 6.142073904691416 1.9
      vertex 3.618402838039026 7.398518212369316 3.5
      vertex 3.2433349093179245 7.323912562739218 3.5
    endloop
  endfacet
  facet normal 0.15509397427456992 0.7797100618613012 0.6066284518351944
    outer loop
      vertex 3.7781054732259123 2.8145437356645227 1.9
      vertex 3.2433349093179245 1.6760874372607824 3.5
      vertex 3.618402838039026 1.6014817876306837 3.5
    endloop
  endfacet
  facet normal 0.05199453841414962 0.7932833600921773 0.6066284518351943
    outer loop
      vertex 4 2.8 1.9
      vertex 3.618402838039026 1.6014817876306837 3.5
      vertex 4 1.5764705882352938 3.5
    endloop
  endfacet
  facet normal 0.05199453841414994 -0.7932833600921771 0.6066284518351944
    outer loop
      vertex 3.7781054732259123 6.185456264335477 1.9
      vertex 4 7.423529411764706 3.5
      vertex 3.618402838039026 7.398518212369316 3.5
    endloop
  endfacet
  facet normal -0.05199453841415083 0.7932833600921771 0.6066284518351943
    outer loop
      vertex 4 2.8 1.9
      vertex 4 1.5764705882352938 3.5
      vertex 4.221894526774087 2.8145437356645227 1.9
    endloop
  endfacet
  facet normal -0.051994538414150825 -0.793283360092177 0.6066284518351944
    outer loop
      vertex 4 6.2 1.9
      vertex 4.221894526774087 6.185456264335477 1.9
      vertex 4.381597161960975 7.398518212369316 3.5
    endloop
  endfacet
  facet normal -0.15509397427457047 0.7797100618613012 0.6066284518351945
    outer loop
      vertex 4.221894526774087 2.8145437356645227 1.9
      vertex 4.381597161960975 1.6014817876306837 3.5
      vertex 4.439992376674285 2.857926095308584 1.9
    endloop
  endfacet
  facet normal -0.15509397427457047 -0.7797100618613011 0.6066284518351945
    outer loop
      vertex 4.221894526774087 6.185456264335477 1.9
      vertex 4.439992376674285 6.142073904691416 1.9
      vertex 4.756665090682075 7.323912562739218 3.5
    endloop
  endfacet
  facet normal -0.2555397092349813 0.7527957082955086 0.6066284518351945
    outer loop
      vertex 4.439992376674285 2.857926095308584 1.9
      vertex 4.756665090682075 1.6760874372607824 3.5
      vertex 4.650561835020652 2.9294047947308126 1.9
    endloop
  endfacet
  facet normal -0.2555397092349813 -0.7527957082955086 0.6066284518351945
    outer loop
      vertex 4.439992376674285 6.142073904691416 1.9
      vertex 4.650561835020652 6.070595205269187 1.9
      vertex 5.118786269914409 7.200988986224174 3.5
    endloop
  endfacet
  facet normal -0.3516130889213897 0.7130008114463785 0.6066284518351943
    outer loop
      vertex 4.650561835020652 2.9294047947308126 1.9
      vertex 5.118786269914409 1.7990110137758264 3.5
      vertex 4.85 3.0277568135664543 1.9
    endloop
  endfacet
  facet normal -0.3516130889213897 -0.7130008114463784 0.6066284518351946
    outer loop
      vertex 4.650561835020652 6.070595205269187 1.9
      vertex 4.85 5.972243186433546 1.9
      vertex 5.461764705882353 7.0318507392992124 3.5
    endloop
  endfacet
  facet normal -0.44167027117078717 0.6610062730322297 0.6066284518351945
    outer loop
      vertex 4.85 3.0277568135664543 1.9
      vertex 5.461764705882353 1.968149260700788 3.5
      vertex 5.034894429314825 3.1512993215049003 1.9
    endloop
  endfacet
  facet normal -0.4416702711707882 -0.6610062730322288 0.6066284518351946
    outer loop
      vertex 4.85 5.972243186433546 1.9
      vertex 5.034894429314825 5.848700678495099 1.9
      vertex 5.779731942454907 6.8193918242631995 3.5
    endloop
  endfacet
  facet normal -0.5241703526263176 0.5977017340209386 0.6066284518351946
    outer loop
      vertex 5.034894429314825 3.1512993215049003 1.9
      vertex 5.779731942454907 2.1806081757368 3.5
      vertex 5.202081528017131 3.297918471982869 1.9
    endloop
  endfacet
  facet normal -0.5241703526263171 -0.5977017340209397 0.6066284518351941
    outer loop
      vertex 5.034894429314825 5.848700678495099 1.9
      vertex 5.202081528017131 5.702081528017131 1.9
      vertex 6.067247472057142 6.567247472057142 3.5
    endloop
  endfacet
  facet normal -0.5977017340209396 0.524170352626317 0.6066284518351942
    outer loop
      vertex 5.202081528017131 3.297918471982869 1.9
      vertex 6.067247472057142 2.4327525279428577 3.5
      vertex 5.348700678495099 3.465105570685175 1.9
    endloop
  endfacet
  facet normal -0.6610062730322284 0.4416702711707889 0.6066284518351946
    outer loop
      vertex 5.348700678495099 3.465105570685175 1.9
      vertex 6.3193918242631995 2.7202680575450926 3.5
      vertex 5.472243186433546 3.65 1.9
    endloop
  endfacet
  facet normal -0.5977017340209393 -0.5241703526263167 0.6066284518351946
    outer loop
      vertex 5.202081528017131 5.702081528017131 1.9
      vertex 5.348700678495099 5.534894429314825 1.9
      vertex 6.3193918242631995 6.279731942454907 3.5
    endloop
  endfacet
  facet normal -0.7130008114463786 0.35161308892138904 0.6066284518351944
    outer loop
      vertex 5.472243186433546 3.65 1.9
      vertex 6.5318507392992124 3.038235294117647 3.5
      vertex 5.570595205269187 3.8494381649793477 1.9
    endloop
  endfacet
  facet normal -0.7527957082955086 0.2555397092349813 0.6066284518351945
    outer loop
      vertex 5.570595205269187 3.8494381649793477 1.9
      vertex 6.700988986224174 3.3812137300855905 3.5
      vertex 5.642073904691416 4.060007623325715 1.9
    endloop
  endfacet
  facet normal -0.6610062730322288 -0.4416702711707882 0.6066284518351946
    outer loop
      vertex 5.472243186433546 5.35 1.9
      vertex 6.5318507392992124 5.961764705882353 3.5
      vertex 5.348700678495099 5.534894429314825 1.9
    endloop
  endfacet
  facet normal -0.7130008114463785 -0.3516130889213897 0.6066284518351944
    outer loop
      vertex 5.472243186433546 5.35 1.9
      vertex 5.570595205269187 5.150561835020652 1.9
      vertex 6.700988986224174 5.618786269914409 3.5
    endloop
  endfacet
  facet normal -0.05199453841414959 0.7932833600921769 0.6066284518351944
    outer loop
      vertex 4.221894526774087 2.8145437356645227 1.9
      vertex 4 1.5764705882352938 3.5
      vertex 4.381597161960975 1.6014817876306837 3.5
    endloop
  endfacet
  facet normal -0.05199453841415002 -0.7932833600921771 0.6066284518351943
    outer loop
      vertex 4 6.2 1.9
      vertex 4.381597161960975 7.398518212369316 3.5
      vertex 4 7.423529411764706 3.5
    endloop
  endfacet
  facet normal -0.15509397427456956 -0.7797100618613013 0.6066284518351944
    outer loop
      vertex 4.221894526774087 6.185456264335477 1.9
      vertex 4.756665090682075 7.323912562739218 3.5
      vertex 4.381597161960975 7.398518212369316 3.5
    endloop
  endfacet
  facet normal -0.1550939742745703 0.7797100618613011 0.6066284518351944
    outer loop
      vertex 4.439992376674285 2.857926095308584 1.9
      vertex 4.381597161960975 1.6014817876306837 3.5
      vertex 4.756665090682075 1.6760874372607824 3.5
    endloop
  endfacet
  facet normal -0.25553970923498254 0.7527957082955081 0.6066284518351943
    outer loop
      vertex 4.650561835020652 2.9294047947308126 1.9
      vertex 4.756665090682075 1.6760874372607824 3.5
      vertex 5.118786269914409 1.7990110137758264 3.5
    endloop
  endfacet
  facet normal -0.25553970923498215 -0.7527957082955081 0.6066284518351946
    outer loop
      vertex 4.439992376674285 6.142073904691416 1.9
      vertex 5.118786269914409 7.200988986224174 3.5
      vertex 4.756665090682075 7.323912562739218 3.5
    endloop
  endfacet
  facet normal -0.35161308892138904 0.7130008114463787 0.6066284518351943
    outer loop
      vertex 4.85 3.0277568135664543 1.9
      vertex 5.118786269914409 1.7990110137758264 3.5
      vertex 5.461764705882353 1.968149260700788 3.5
    endloop
  endfacet
  facet normal -0.351613088921389 -0.7130008114463788 0.6066284518351944
    outer loop
      vertex 4.650561835020652 6.070595205269187 1.9
      vertex 5.461764705882353 7.0318507392992124 3.5
      vertex 5.118786269914409 7.200988986224174 3.5
    endloop
  endfacet
  facet normal -0.44167027117078667 0.6610062730322299 0.6066284518351944
    outer loop
      vertex 5.034894429314825 3.1512993215049003 1.9
      vertex 5.461764705882353 1.968149260700788 3.5
      vertex 5.779731942454907 2.1806081757368 3.5
    endloop
  endfacet
  facet normal -0.44167027117078783 -0.6610062730322289 0.6066284518351945
    outer loop
      vertex 4.85 5.972243186433546 1.9
      vertex 5.779731942454907 6.8193918242631995 3.5
      vertex 5.461764705882353 7.0318507392992124 3.5
    endloop
  endfacet
  facet normal -0.5241703526263196 0.5977017340209372 0.6066284518351943
    outer loop
      vertex 5.202081528017131 3.297918471982869 1.9
      vertex 5.779731942454907 2.1806081757368 3.5
      vertex 6.067247472057142 2.4327525279428577 3.5
    endloop
  endfacet
  facet normal -0.5241703526263195 -0.597701734020937 0.6066284518351944
    outer loop
      vertex 5.034894429314825 5.848700678495099 1.9
      vertex 6.067247472057142 6.567247472057142 3.5
      vertex 5.779731942454907 6.8193918242631995 3.5
    endloop
  endfacet
  facet normal -0.597701734020937 0.5241703526263195 0.6066284518351945
    outer loop
      vertex 5.348700678495099 3.465105570685175 1.9
      vertex 6.067247472057142 2.4327525279428577 3.5
      vertex 6.3193918242631995 2.7202680575450926 3.5
    endloop
  endfacet
  facet normal -0.5977017340209372 -0.5241703526263197 0.6066284518351942
    outer loop
      vertex 5.202081528017131 5.702081528017131 1.9
      vertex 6.3193918242631995 6.279731942454907 3.5
      vertex 6.067247472057142 6.567247472057142 3.5
    endloop
  endfacet
  facet normal -0.7797100618613011 0.15509397427457047 0.6066284518351946
    outer loop
      vertex 5.642073904691416 4.060007623325715 1.9
      vertex 6.823912562739218 3.7433349093179245 3.5
      vertex 5.685456264335477 4.278105473225913 1.9
    endloop
  endfacet
  facet normal -0.7527957082955083 -0.2555397092349812 0.6066284518351946
    outer loop
      vertex 5.570595205269187 5.150561835020652 1.9
      vertex 5.642073904691416 4.939992376674285 1.9
      vertex 6.823912562739218 5.256665090682076 3.5
    endloop
  endfacet
  facet normal -0.7797100618613012 -0.15509397427457047 0.6066284518351943
    outer loop
      vertex 5.642073904691416 4.939992376674285 1.9
      vertex 5.685456264335477 4.721894526774087 1.9
      vertex 6.898518212369316 4.881597161960975 3.5
    endloop
  endfacet
  facet normal -0.793283360092177 0.051994538414150825 0.6066284518351944
    outer loop
      vertex 5.685456264335477 4.278105473225913 1.9
      vertex 6.898518212369316 4.118402838039025 3.5
      vertex 5.7 4.5 1.9
    endloop
  endfacet
  facet normal -0.7932833600921771 -0.05199453841415083 0.6066284518351943
    outer loop
      vertex 5.685456264335477 4.721894526774087 1.9
      vertex 5.7 4.5 1.9
      vertex 6.923529411764706 4.5 3.5
    endloop
  endfacet
  facet normal -0.6610062730322294 0.4416702711707875 0.6066284518351946
    outer loop
      vertex 5.472243186433546 3.65 1.9
      vertex 6.3193918242631995 2.7202680575450926 3.5
      vertex 6.5318507392992124 3.038235294117647 3.5
    endloop
  endfacet
  facet normal -0.6610062730322289 -0.44167027117078794 0.6066284518351946
    outer loop
      vertex 5.348700678495099 5.534894429314825 1.9
      vertex 6.5318507392992124 5.961764705882353 3.5
      vertex 6.3193918242631995 6.279731942454907 3.5
    endloop
  endfacet
  facet normal -0.7130008114463788 -0.3516130889213889 0.6066284518351945
    outer loop
      vertex 5.472243186433546 5.35 1.9
      vertex 6.700988986224174 5.618786269914409 3.5
      vertex 6.5318507392992124 5.961764705882353 3.5
    endloop
  endfacet
  facet normal -0.7130008114463785 0.35161308892138937 0.6066284518351946
    outer loop
      vertex 5.570595205269187 3.8494381649793477 1.9
      vertex 6.5318507392992124 3.038235294117647 3.5
      vertex 6.700988986224174 3.3812137300855905 3.5
    endloop
  endfacet
  facet normal -0.7527957082955081 0.25553970923498226 0.6066284518351946
    outer loop
      vertex 5.642073904691416 4.060007623325715 1.9
      vertex 6.700988986224174 3.3812137300855905 3.5
      vertex 6.823912562739218 3.7433349093179245 3.5
    endloop
  endfacet
  facet normal -0.7797100618613013 0.15509397427456945 0.6066284518351944
    outer loop
      vertex 5.685456264335477 4.278105473225913 1.9
      vertex 6.823912562739218 3.7433349093179245 3.5
      vertex 6.898518212369316 4.118402838039025 3.5
    endloop
  endfacet
  facet normal -0.752795708295508 -0.25553970923498254 0.6066284518351945
    outer loop
      vertex 5.570595205269187 5.150561835020652 1.9
      vertex 6.823912562739218 5.256665090682076 3.5
      vertex 6.700988986224174 5.618786269914409 3.5
    endloop
  endfacet
  facet normal -0.7797100618613013 -0.15509397427456922 0.6066284518351944
    outer loop
      vertex 5.642073904691416 4.939992376674285 1.9
      vertex 6.898518212369316 4.881597161960975 3.5
      vertex 6.823912562739218 5.256665090682076 3.5
    endloop
  endfacet
  facet normal -0.7932833600921771 0.05199453841414989 0.6066284518351943
    outer loop
      vertex 5.7 4.5 1.9
      vertex 6.898518212369316 4.118402838039025 3.5
      vertex 6.923529411764706 4.5 3.5
    endloop
  endfacet
  facet normal -0.7932833600921771 -0.05199453841415002 0.6066284518351944
    outer loop
      vertex 5.685456264335477 4.721894526774087 1.9
      vertex 6.923529411764706 4.5 3.5
      vertex 6.898518212369316 4.881597161960975 3.5
    endloop
  endfacet
  facet normal 0.9978589232386035 0.06540312923014373 0
    outer loop
      vertex 2.3 64.95 1.9
      vertex 2.3145437356645227 64.72810547322591 0
      vertex 2.3 64.95 0
    endloop
  endfacet
  facet normal 0.9807852804032293 0.19509032201613452 0
    outer loop
      vertex 2.3145437356645227 64.72810547322591 1.9
      vertex 2.357926095308584 64.51000762332572 0
      vertex 2.3145437356645227 64.72810547322591 0
    endloop
  endfacet
  facet normal 0.9469301294951071 0.32143946530315726 0
    outer loop
      vertex 2.357926095308584 64.51000762332572 1.9
      vertex 2.4294047947308126 64.29943816497935 0
      vertex 2.357926095308584 64.51000762332572 0
    endloop
  endfacet
  facet normal 0.8968727415326828 0.44228869021901224 0
    outer loop
      vertex 2.4294047947308126 64.29943816497935 1.9
      vertex 2.5277568135664543 64.10000000000001 0
      vertex 2.4294047947308126 64.29943816497935 0
    endloop
  endfacet
  facet normal 0.8314696123025529 0.5555702330195909 0
    outer loop
      vertex 2.5277568135664543 64.10000000000001 1.9
      vertex 2.6512993215049003 63.91510557068518 0
      vertex 2.5277568135664543 64.10000000000001 0
    endloop
  endfacet
  facet normal 0.7518398074789807 0.6593458151000651 0
    outer loop
      vertex 2.6512993215049003 63.91510557068518 1.9
      vertex 2.797918471982869 63.74791847198287 0
      vertex 2.6512993215049003 63.91510557068518 0
    endloop
  endfacet
  facet normal 0.6593458151000636 0.751839807478982 0
    outer loop
      vertex 2.797918471982869 63.74791847198287 1.9
      vertex 2.965105570685175 63.601299321504904 0
      vertex 2.797918471982869 63.74791847198287 0
    endloop
  endfacet
  facet normal 0.5555702330196015 0.8314696123025458 0
    outer loop
      vertex 2.965105570685175 63.601299321504904 1.9
      vertex 3.15 63.47775681356646 0
      vertex 2.965105570685175 63.601299321504904 0
    endloop
  endfacet
  facet normal 0.44228869021899714 0.8968727415326904 0
    outer loop
      vertex 3.15 63.47775681356646 1.9
      vertex 3.3494381649793477 63.37940479473082 0
      vertex 3.15 63.47775681356646 0
    endloop
  endfacet
  facet normal 0.32143946530316514 0.9469301294951045 0
    outer loop
      vertex 3.3494381649793477 63.37940479473082 1.9
      vertex 3.5600076233257147 63.30792609530859 0
      vertex 3.3494381649793477 63.37940479473082 0
    endloop
  endfacet
  facet normal 0.19509032201613533 0.9807852804032291 0
    outer loop
      vertex 3.5600076233257147 63.30792609530859 1.9
      vertex 3.7781054732259123 63.264543735664525 0
      vertex 3.5600076233257147 63.30792609530859 0
    endloop
  endfacet
  facet normal 0.06540312923015337 0.9978589232386028 0
    outer loop
      vertex 3.7781054732259123 63.264543735664525 1.9
      vertex 4 63.25 0
      vertex 3.7781054732259123 63.264543735664525 0
    endloop
  endfacet
  facet normal 0.9978589232386035 0.06540312923014373 0
    outer loop
      vertex 2.3145437356645227 64.72810547322591 1.9
      vertex 2.3145437356645227 64.72810547322591 0
      vertex 2.3 64.95 1.9
    endloop
  endfacet
  facet normal 0.9807852804032293 0.19509032201613452 2.7768814497986186e-19
    outer loop
      vertex 2.3145437356645227 64.72810547322591 1.9
      vertex 2.357926095308584 64.51000762332572 1.9
      vertex 2.357926095308584 64.51000762332572 0
    endloop
  endfacet
  facet normal 0.9469301294951071 0.32143946530315726 1.1659485760558963e-18
    outer loop
      vertex 2.357926095308584 64.51000762332572 1.9
      vertex 2.4294047947308126 64.29943816497935 1.9
      vertex 2.4294047947308126 64.29943816497935 0
    endloop
  endfacet
  facet normal 0.8968727415326828 0.44228869021901224 -2.9467360330163215e-18
    outer loop
      vertex 2.4294047947308126 64.29943816497935 1.9
      vertex 2.5277568135664543 64.10000000000001 1.9
      vertex 2.5277568135664543 64.10000000000001 0
    endloop
  endfacet
  facet normal 0.8314696123025529 0.5555702330195909 1.8919198594706226e-19
    outer loop
      vertex 2.5277568135664543 64.10000000000001 1.9
      vertex 2.6512993215049003 63.91510557068518 1.9
      vertex 2.6512993215049003 63.91510557068518 0
    endloop
  endfacet
  facet normal 0.7518398074789807 0.6593458151000651 -1.891242239253809e-18
    outer loop
      vertex 2.6512993215049003 63.91510557068518 1.9
      vertex 2.797918471982869 63.74791847198287 1.9
      vertex 2.797918471982869 63.74791847198287 0
    endloop
  endfacet
  facet normal 0.6593458151000636 0.751839807478982 -4.072673851374028e-18
    outer loop
      vertex 2.797918471982869 63.74791847198287 1.9
      vertex 2.965105570685175 63.601299321504904 1.9
      vertex 2.965105570685175 63.601299321504904 0
    endloop
  endfacet
  facet normal 0.5555702330196015 0.8314696123025458 2.170001942361192e-18
    outer loop
      vertex 2.965105570685175 63.601299321504904 1.9
      vertex 3.15 63.47775681356646 1.9
      vertex 3.15 63.47775681356646 0
    endloop
  endfacet
  facet normal 0.44228869021899714 0.8968727415326904 -1.1377633320382848e-18
    outer loop
      vertex 3.15 63.47775681356646 1.9
      vertex 3.3494381649793477 63.37940479473082 1.9
      vertex 3.3494381649793477 63.37940479473082 0
    endloop
  endfacet
  facet normal 0.32143946530316514 0.9469301294951045 -1.797353729747083e-18
    outer loop
      vertex 3.3494381649793477 63.37940479473082 1.9
      vertex 3.5600076233257147 63.30792609530859 1.9
      vertex 3.5600076233257147 63.30792609530859 0
    endloop
  endfacet
  facet normal 0.19509032201613533 0.9807852804032291 -6.999534021228735e-19
    outer loop
      vertex 3.5600076233257147 63.30792609530859 1.9
      vertex 3.7781054732259123 63.264543735664525 1.9
      vertex 3.7781054732259123 63.264543735664525 0
    endloop
  endfacet
  facet normal 0.06540312923015337 0.9978589232386028 -5.916542621594963e-20
    outer loop
      vertex 3.7781054732259123 63.264543735664525 1.9
      vertex 4 63.25 1.9
      vertex 4 63.25 0
    endloop
  endfacet
  facet normal 0.9978589232386035 -0.06540312923014373 0
    outer loop
      vertex 2.3145437356645227 65.1718945267741 1.9
      vertex 2.3 64.95 0
      vertex 2.3145437356645227 65.1718945267741 0
    endloop
  endfacet
  facet normal 0.9807852804032293 -0.19509032201613452 0
    outer loop
      vertex 2.357926095308584 65.38999237667429 1.9
      vertex 2.3145437356645227 65.1718945267741 0
      vertex 2.357926095308584 65.38999237667429 0
    endloop
  endfacet
  facet normal 0.9469301294951071 -0.32143946530315726 0
    outer loop
      vertex 2.4294047947308126 65.60056183502066 1.9
      vertex 2.357926095308584 65.38999237667429 0
      vertex 2.4294047947308126 65.60056183502066 0
    endloop
  endfacet
  facet normal 0.8968727415326828 -0.44228869021901224 0
    outer loop
      vertex 2.5277568135664543 65.8 1.9
      vertex 2.4294047947308126 65.60056183502066 0
      vertex 2.5277568135664543 65.8 0
    endloop
  endfacet
  facet normal 0.8314696123025627 -0.5555702330195761 0
    outer loop
      vertex 2.6512993215049003 65.98489442931483 1.9
      vertex 2.5277568135664543 65.8 0
      vertex 2.6512993215049003 65.98489442931483 0
    endloop
  endfacet
  facet normal 0.7518398074789668 -0.659345815100081 0
    outer loop
      vertex 2.797918471982869 66.15208152801713 1.9
      vertex 2.6512993215049003 65.98489442931483 0
      vertex 2.797918471982869 66.15208152801713 0
    endloop
  endfacet
  facet normal 0.6593458151000817 -0.7518398074789662 0
    outer loop
      vertex 2.965105570685175 66.29870067849511 1.9
      vertex 2.797918471982869 66.15208152801713 0
      vertex 2.965105570685175 66.29870067849511 0
    endloop
  endfacet
  facet normal 0.5555702330195793 -0.8314696123025604 0
    outer loop
      vertex 3.15 66.42224318643355 1.9
      vertex 2.965105570685175 66.29870067849511 0
      vertex 3.15 66.42224318643355 0
    endloop
  endfacet
  facet normal 0.44228869021899714 -0.8968727415326904 0
    outer loop
      vertex 3.3494381649793477 66.52059520526919 1.9
      vertex 3.15 66.42224318643355 0
      vertex 3.3494381649793477 66.52059520526919 0
    endloop
  endfacet
  facet normal 0.32143946530316514 -0.9469301294951045 0
    outer loop
      vertex 3.5600076233257147 66.59207390469142 1.9
      vertex 3.3494381649793477 66.52059520526919 0
      vertex 3.5600076233257147 66.59207390469142 0
    endloop
  endfacet
  facet normal 0.19509032201610457 -0.9807852804032352 0
    outer loop
      vertex 3.7781054732259123 66.63545626433547 1.9
      vertex 3.5600076233257147 66.59207390469142 0
      vertex 3.7781054732259123 66.63545626433547 0
    endloop
  endfacet
  facet normal 0.0654031292301852 -0.9978589232386007 0
    outer loop
      vertex 4 66.65 1.9
      vertex 3.7781054732259123 66.63545626433547 0
      vertex 4 66.65 0
    endloop
  endfacet
  facet normal 0.9978589232386035 -0.06540312923014373 0
    outer loop
      vertex 2.3 64.95 1.9
      vertex 2.3 64.95 0
      vertex 2.3145437356645227 65.1718945267741 1.9
    endloop
  endfacet
  facet normal 0.9807852804032293 -0.19509032201613452 0
    outer loop
      vertex 2.3145437356645227 65.1718945267741 1.9
      vertex 2.3145437356645227 65.1718945267741 0
      vertex 2.357926095308584 65.38999237667429 1.9
    endloop
  endfacet
  facet normal 0.9469301294951071 -0.32143946530315726 0
    outer loop
      vertex 2.357926095308584 65.38999237667429 1.9
      vertex 2.357926095308584 65.38999237667429 0
      vertex 2.4294047947308126 65.60056183502066 1.9
    endloop
  endfacet
  facet normal 0.8968727415326828 -0.44228869021901224 0
    outer loop
      vertex 2.4294047947308126 65.60056183502066 1.9
      vertex 2.4294047947308126 65.60056183502066 0
      vertex 2.5277568135664543 65.8 1.9
    endloop
  endfacet
  facet normal 0.8314696123025627 -0.5555702330195761 0
    outer loop
      vertex 2.5277568135664543 65.8 1.9
      vertex 2.5277568135664543 65.8 0
      vertex 2.6512993215049003 65.98489442931483 1.9
    endloop
  endfacet
  facet normal 0.7518398074789668 -0.659345815100081 0
    outer loop
      vertex 2.6512993215049003 65.98489442931483 1.9
      vertex 2.6512993215049003 65.98489442931483 0
      vertex 2.797918471982869 66.15208152801713 1.9
    endloop
  endfacet
  facet normal 0.6593458151000817 -0.7518398074789662 0
    outer loop
      vertex 2.797918471982869 66.15208152801713 1.9
      vertex 2.797918471982869 66.15208152801713 0
      vertex 2.965105570685175 66.29870067849511 1.9
    endloop
  endfacet
  facet normal 0.5555702330195793 -0.8314696123025604 0
    outer loop
      vertex 2.965105570685175 66.29870067849511 1.9
      vertex 2.965105570685175 66.29870067849511 0
      vertex 3.15 66.42224318643355 1.9
    endloop
  endfacet
  facet normal 0.44228869021899714 -0.8968727415326904 0
    outer loop
      vertex 3.15 66.42224318643355 1.9
      vertex 3.15 66.42224318643355 0
      vertex 3.3494381649793477 66.52059520526919 1.9
    endloop
  endfacet
  facet normal 0.32143946530316514 -0.9469301294951045 0
    outer loop
      vertex 3.3494381649793477 66.52059520526919 1.9
      vertex 3.3494381649793477 66.52059520526919 0
      vertex 3.5600076233257147 66.59207390469142 1.9
    endloop
  endfacet
  facet normal 0.19509032201610457 -0.9807852804032352 0
    outer loop
      vertex 3.5600076233257147 66.59207390469142 1.9
      vertex 3.5600076233257147 66.59207390469142 0
      vertex 3.7781054732259123 66.63545626433547 1.9
    endloop
  endfacet
  facet normal 0.0654031292301852 -0.9978589232386007 0
    outer loop
      vertex 3.7781054732259123 66.63545626433547 1.9
      vertex 3.7781054732259123 66.63545626433547 0
      vertex 4 66.65 1.9
    endloop
  endfacet
  facet normal -0.0654031292301535 0.9978589232386028 0
    outer loop
      vertex 4 63.25 1.9
      vertex 4.221894526774087 63.264543735664525 0
      vertex 4 63.25 0
    endloop
  endfacet
  facet normal -0.19509032201613533 0.9807852804032291 0
    outer loop
      vertex 4.221894526774087 63.264543735664525 1.9
      vertex 4.439992376674285 63.30792609530859 0
      vertex 4.221894526774087 63.264543735664525 0
    endloop
  endfacet
  facet normal -0.32143946530316453 0.9469301294951046 0
    outer loop
      vertex 4.439992376674285 63.30792609530859 1.9
      vertex 4.650561835020652 63.37940479473082 0
      vertex 4.439992376674285 63.30792609530859 0
    endloop
  endfacet
  facet normal -0.4422886902189979 0.8968727415326899 0
    outer loop
      vertex 4.650561835020652 63.37940479473082 1.9
      vertex 4.85 63.47775681356646 0
      vertex 4.650561835020652 63.37940479473082 0
    endloop
  endfacet
  facet normal -0.5555702330196005 0.8314696123025463 0
    outer loop
      vertex 4.85 63.47775681356646 1.9
      vertex 5.034894429314825 63.601299321504904 0
      vertex 4.85 63.47775681356646 0
    endloop
  endfacet
  facet normal -0.6593458151000636 0.751839807478982 0
    outer loop
      vertex 5.034894429314825 63.601299321504904 1.9
      vertex 5.202081528017131 63.74791847198287 0
      vertex 5.034894429314825 63.601299321504904 0
    endloop
  endfacet
  facet normal -0.7518398074789818 0.659345815100064 0
    outer loop
      vertex 5.202081528017131 63.74791847198287 1.9
      vertex 5.348700678495099 63.91510557068518 0
      vertex 5.202081528017131 63.74791847198287 0
    endloop
  endfacet
  facet normal -0.8314696123025519 0.5555702330195922 0
    outer loop
      vertex 5.348700678495099 63.91510557068518 1.9
      vertex 5.472243186433546 64.10000000000001 0
      vertex 5.348700678495099 63.91510557068518 0
    endloop
  endfacet
  facet normal -0.8968727415326828 0.44228869021901224 0
    outer loop
      vertex 5.472243186433546 64.10000000000001 1.9
      vertex 5.570595205269187 64.29943816497935 0
      vertex 5.472243186433546 64.10000000000001 0
    endloop
  endfacet
  facet normal -0.9469301294951071 0.32143946530315726 0
    outer loop
      vertex 5.570595205269187 64.29943816497935 1.9
      vertex 5.642073904691416 64.51000762332572 0
      vertex 5.570595205269187 64.29943816497935 0
    endloop
  endfacet
  facet normal -0.9807852804032293 0.19509032201613452 0
    outer loop
      vertex 5.642073904691416 64.51000762332572 1.9
      vertex 5.685456264335477 64.72810547322591 0
      vertex 5.642073904691416 64.51000762332572 0
    endloop
  endfacet
  facet normal -0.9978589232386035 0.06540312923014373 0
    outer loop
      vertex 5.685456264335477 64.72810547322591 1.9
      vertex 5.7 64.95 0
      vertex 5.685456264335477 64.72810547322591 0
    endloop
  endfacet
  facet normal -0.0654031292301535 0.9978589232386028 1.692162937680972e-19
    outer loop
      vertex 4 63.25 1.9
      vertex 4.221894526774087 63.264543735664525 1.9
      vertex 4.221894526774087 63.264543735664525 0
    endloop
  endfacet
  facet normal -0.19509032201613533 0.9807852804032291 6.999534021228735e-19
    outer loop
      vertex 4.221894526774087 63.264543735664525 1.9
      vertex 4.439992376674285 63.30792609530859 1.9
      vertex 4.439992376674285 63.30792609530859 0
    endloop
  endfacet
  facet normal -0.32143946530316453 0.9469301294951046 -1.08268119849711e-18
    outer loop
      vertex 4.439992376674285 63.30792609530859 1.9
      vertex 4.650561835020652 63.37940479473082 1.9
      vertex 4.650561835020652 63.37940479473082 0
    endloop
  endfacet
  facet normal -0.4422886902189979 0.8968727415326899 -3.69936452779383e-18
    outer loop
      vertex 4.650561835020652 63.37940479473082 1.9
      vertex 4.85 63.47775681356646 1.9
      vertex 4.85 63.47775681356646 0
    endloop
  endfacet
  facet normal -0.5555702330196005 0.8314696123025463 -3.701954702273647e-18
    outer loop
      vertex 4.85 63.47775681356646 1.9
      vertex 5.034894429314825 63.601299321504904 1.9
      vertex 5.034894429314825 63.601299321504904 0
    endloop
  endfacet
  facet normal -0.6593458151000636 0.751839807478982 4.072673851374028e-18
    outer loop
      vertex 5.034894429314825 63.601299321504904 1.9
      vertex 5.202081528017131 63.74791847198287 1.9
      vertex 5.202081528017131 63.74791847198287 0
    endloop
  endfacet
  facet normal -0.7518398074789818 0.659345815100064 -1.3929866988530137e-18
    outer loop
      vertex 5.202081528017131 63.74791847198287 1.9
      vertex 5.348700678495099 63.91510557068518 1.9
      vertex 5.348700678495099 63.91510557068518 0
    endloop
  endfacet
  facet normal -0.8314696123025519 0.5555702330195922 -2.927876681104122e-18
    outer loop
      vertex 5.348700678495099 63.91510557068518 1.9
      vertex 5.472243186433546 64.10000000000001 1.9
      vertex 5.472243186433546 64.10000000000001 0
    endloop
  endfacet
  facet normal -0.8968727415326828 0.44228869021901224 2.9467360330163215e-18
    outer loop
      vertex 5.472243186433546 64.10000000000001 1.9
      vertex 5.570595205269187 64.29943816497935 1.9
      vertex 5.570595205269187 64.29943816497935 0
    endloop
  endfacet
  facet normal -0.9469301294951071 0.32143946530315726 -1.1659485760558963e-18
    outer loop
      vertex 5.570595205269187 64.29943816497935 1.9
      vertex 5.642073904691416 64.51000762332572 1.9
      vertex 5.642073904691416 64.51000762332572 0
    endloop
  endfacet
  facet normal -0.9807852804032293 0.19509032201613452 -2.7768814497986186e-19
    outer loop
      vertex 5.642073904691416 64.51000762332572 1.9
      vertex 5.685456264335477 64.72810547322591 1.9
      vertex 5.685456264335477 64.72810547322591 0
    endloop
  endfacet
  facet normal -0.9978589232386035 0.06540312923014373 -2.2184927558437427e-19
    outer loop
      vertex 5.685456264335477 64.72810547322591 1.9
      vertex 5.7 64.95 1.9
      vertex 5.7 64.95 0
    endloop
  endfacet
  facet normal -0.06540312923018532 -0.9978589232386007 0
    outer loop
      vertex 4.221894526774087 66.63545626433547 1.9
      vertex 4 66.65 0
      vertex 4.221894526774087 66.63545626433547 0
    endloop
  endfacet
  facet normal -0.19509032201610457 -0.9807852804032352 0
    outer loop
      vertex 4.439992376674285 66.59207390469142 1.9
      vertex 4.221894526774087 66.63545626433547 0
      vertex 4.439992376674285 66.59207390469142 0
    endloop
  endfacet
  facet normal -0.32143946530316453 -0.9469301294951046 0
    outer loop
      vertex 4.650561835020652 66.52059520526919 1.9
      vertex 4.439992376674285 66.59207390469142 0
      vertex 4.650561835020652 66.52059520526919 0
    endloop
  endfacet
  facet normal -0.4422886902189979 -0.8968727415326899 0
    outer loop
      vertex 4.85 66.42224318643355 1.9
      vertex 4.650561835020652 66.52059520526919 0
      vertex 4.85 66.42224318643355 0
    endloop
  endfacet
  facet normal -0.5555702330195784 -0.8314696123025611 0
    outer loop
      vertex 5.034894429314825 66.29870067849511 1.9
      vertex 4.85 66.42224318643355 0
      vertex 5.034894429314825 66.29870067849511 0
    endloop
  endfacet
  facet normal -0.6593458151000817 -0.7518398074789662 0
    outer loop
      vertex 5.202081528017131 66.15208152801713 1.9
      vertex 5.034894429314825 66.29870067849511 0
      vertex 5.202081528017131 66.15208152801713 0
    endloop
  endfacet
  facet normal -0.751839807478968 -0.6593458151000797 0
    outer loop
      vertex 5.348700678495099 65.98489442931483 1.9
      vertex 5.202081528017131 66.15208152801713 0
      vertex 5.348700678495099 65.98489442931483 0
    endloop
  endfacet
  facet normal -0.8314696123025618 -0.5555702330195774 0
    outer loop
      vertex 5.472243186433546 65.8 1.9
      vertex 5.348700678495099 65.98489442931483 0
      vertex 5.472243186433546 65.8 0
    endloop
  endfacet
  facet normal -0.8968727415326828 -0.44228869021901224 0
    outer loop
      vertex 5.570595205269187 65.60056183502066 1.9
      vertex 5.472243186433546 65.8 0
      vertex 5.570595205269187 65.60056183502066 0
    endloop
  endfacet
  facet normal -0.9469301294951071 -0.32143946530315726 0
    outer loop
      vertex 5.642073904691416 65.38999237667429 1.9
      vertex 5.570595205269187 65.60056183502066 0
      vertex 5.642073904691416 65.38999237667429 0
    endloop
  endfacet
  facet normal -0.9807852804032293 -0.19509032201613452 0
    outer loop
      vertex 5.685456264335477 65.1718945267741 1.9
      vertex 5.642073904691416 65.38999237667429 0
      vertex 5.685456264335477 65.1718945267741 0
    endloop
  endfacet
  facet normal -0.9978589232386035 -0.06540312923014373 0
    outer loop
      vertex 5.7 64.95 1.9
      vertex 5.685456264335477 65.1718945267741 0
      vertex 5.7 64.95 0
    endloop
  endfacet
  facet normal -0.06540312923018532 -0.9978589232386007 0
    outer loop
      vertex 4 66.65 1.9
      vertex 4 66.65 0
      vertex 4.221894526774087 66.63545626433547 1.9
    endloop
  endfacet
  facet normal -0.19509032201610457 -0.9807852804032352 0
    outer loop
      vertex 4.221894526774087 66.63545626433547 1.9
      vertex 4.221894526774087 66.63545626433547 0
      vertex 4.439992376674285 66.59207390469142 1.9
    endloop
  endfacet
  facet normal -0.32143946530316453 -0.9469301294951046 0
    outer loop
      vertex 4.439992376674285 66.59207390469142 1.9
      vertex 4.439992376674285 66.59207390469142 0
      vertex 4.650561835020652 66.52059520526919 1.9
    endloop
  endfacet
  facet normal -0.4422886902189979 -0.8968727415326899 0
    outer loop
      vertex 4.650561835020652 66.52059520526919 1.9
      vertex 4.650561835020652 66.52059520526919 0
      vertex 4.85 66.42224318643355 1.9
    endloop
  endfacet
  facet normal -0.5555702330195784 -0.8314696123025611 0
    outer loop
      vertex 4.85 66.42224318643355 1.9
      vertex 4.85 66.42224318643355 0
      vertex 5.034894429314825 66.29870067849511 1.9
    endloop
  endfacet
  facet normal -0.6593458151000817 -0.7518398074789662 0
    outer loop
      vertex 5.034894429314825 66.29870067849511 1.9
      vertex 5.034894429314825 66.29870067849511 0
      vertex 5.202081528017131 66.15208152801713 1.9
    endloop
  endfacet
  facet normal -0.751839807478968 -0.6593458151000797 0
    outer loop
      vertex 5.202081528017131 66.15208152801713 1.9
      vertex 5.202081528017131 66.15208152801713 0
      vertex 5.348700678495099 65.98489442931483 1.9
    endloop
  endfacet
  facet normal -0.8314696123025618 -0.5555702330195774 0
    outer loop
      vertex 5.348700678495099 65.98489442931483 1.9
      vertex 5.348700678495099 65.98489442931483 0
      vertex 5.472243186433546 65.8 1.9
    endloop
  endfacet
  facet normal -0.8968727415326828 -0.44228869021901224 0
    outer loop
      vertex 5.472243186433546 65.8 1.9
      vertex 5.472243186433546 65.8 0
      vertex 5.570595205269187 65.60056183502066 1.9
    endloop
  endfacet
  facet normal -0.9469301294951071 -0.32143946530315726 0
    outer loop
      vertex 5.570595205269187 65.60056183502066 1.9
      vertex 5.570595205269187 65.60056183502066 0
      vertex 5.642073904691416 65.38999237667429 1.9
    endloop
  endfacet
  facet normal -0.9807852804032293 -0.19509032201613452 0
    outer loop
      vertex 5.642073904691416 65.38999237667429 1.9
      vertex 5.642073904691416 65.38999237667429 0
      vertex 5.685456264335477 65.1718945267741 1.9
    endloop
  endfacet
  facet normal -0.9978589232386035 -0.06540312923014373 0
    outer loop
      vertex 5.685456264335477 65.1718945267741 1.9
      vertex 5.685456264335477 65.1718945267741 0
      vertex 5.7 64.95 1.9
    endloop
  endfacet
  facet normal 0.7932833600921771 0.05199453841414938 0.6066284518351943
    outer loop
      vertex 2.3145437356645227 64.72810547322591 1.9
      vertex 2.3 64.95 1.9
      vertex 1.0764705882352938 64.95 3.5
    endloop
  endfacet
  facet normal 0.7797100618613008 0.15509397427457608 0.6066284518351935
    outer loop
      vertex 2.3145437356645227 64.72810547322591 1.9
      vertex 1.1014817876306837 64.56840283803903 3.5
      vertex 2.357926095308584 64.51000762332572 1.9
    endloop
  endfacet
  facet normal 0.7527957082955091 0.2555397092349783 0.606628451835195
    outer loop
      vertex 2.357926095308584 64.51000762332572 1.9
      vertex 1.1760874372607824 64.19333490931793 3.5
      vertex 2.4294047947308126 64.29943816497935 1.9
    endloop
  endfacet
  facet normal 0.7932833600921771 0.05199453841415039 0.6066284518351941
    outer loop
      vertex 2.3145437356645227 64.72810547322591 1.9
      vertex 1.0764705882352938 64.95 3.5
      vertex 1.1014817876306837 64.56840283803903 3.5
    endloop
  endfacet
  facet normal 0.7797100618613017 0.1550939742745674 0.6066284518351945
    outer loop
      vertex 2.357926095308584 64.51000762332572 1.9
      vertex 1.1014817876306837 64.56840283803903 3.5
      vertex 1.1760874372607824 64.19333490931793 3.5
    endloop
  endfacet
  facet normal 0.7527957082955078 0.25553970923498404 0.6066284518351943
    outer loop
      vertex 2.4294047947308126 64.29943816497935 1.9
      vertex 1.1760874372607824 64.19333490931793 3.5
      vertex 1.2990110137758264 63.831213730085594 3.5
    endloop
  endfacet
  facet normal 0.7130008114463778 0.3516130889213895 0.606628451835195
    outer loop
      vertex 2.5277568135664543 64.10000000000001 1.9
      vertex 1.2990110137758264 63.831213730085594 3.5
      vertex 1.468149260700788 63.48823529411765 3.5
    endloop
  endfacet
  facet normal 0.6610062730322313 0.4416702711707843 0.6066284518351949
    outer loop
      vertex 2.6512993215049003 63.91510557068518 1.9
      vertex 1.468149260700788 63.48823529411765 3.5
      vertex 1.6806081757368003 63.170268057545094 3.5
    endloop
  endfacet
  facet normal 0.7130008114463744 0.35161308892139864 0.6066284518351939
    outer loop
      vertex 2.4294047947308126 64.29943816497935 1.9
      vertex 1.2990110137758264 63.831213730085594 3.5
      vertex 2.5277568135664543 64.10000000000001 1.9
    endloop
  endfacet
  facet normal 0.6610062730322347 0.4416702711707778 0.6066284518351955
    outer loop
      vertex 2.5277568135664543 64.10000000000001 1.9
      vertex 1.468149260700788 63.48823529411765 3.5
      vertex 2.6512993215049003 63.91510557068518 1.9
    endloop
  endfacet
  facet normal 0.5977017340209397 0.5241703526263158 0.606628451835195
    outer loop
      vertex 2.6512993215049003 63.91510557068518 1.9
      vertex 1.6806081757368003 63.170268057545094 3.5
      vertex 2.797918471982869 63.74791847198287 1.9
    endloop
  endfacet
  facet normal 0.5241703526263146 0.5977017340209406 0.6066284518351952
    outer loop
      vertex 2.797918471982869 63.74791847198287 1.9
      vertex 1.9327525279428577 62.882752527942856 3.5
      vertex 2.965105570685175 63.601299321504904 1.9
    endloop
  endfacet
  facet normal 0.4416702711707866 0.6610062730322298 0.6066284518351945
    outer loop
      vertex 2.965105570685175 63.601299321504904 1.9
      vertex 2.2202680575450926 62.6306081757368 3.5
      vertex 3.15 63.47775681356646 1.9
    endloop
  endfacet
  facet normal 0.35161308892138676 0.7130008114463805 0.6066284518351935
    outer loop
      vertex 3.15 63.47775681356646 1.9
      vertex 2.538235294117647 62.418149260700794 3.5
      vertex 3.3494381649793477 63.37940479473082 1.9
    endloop
  endfacet
  facet normal 0.25553970923498437 0.7527957082955067 0.6066284518351954
    outer loop
      vertex 3.3494381649793477 63.37940479473082 1.9
      vertex 2.8812137300855905 62.24901101377583 3.5
      vertex 3.5600076233257147 63.30792609530859 1.9
    endloop
  endfacet
  facet normal 0.15509397427457655 0.7797100618612998 0.6066284518351948
    outer loop
      vertex 3.5600076233257147 63.30792609530859 1.9
      vertex 3.2433349093179245 62.126087437260786 3.5
      vertex 3.7781054732259123 63.264543735664525 1.9
    endloop
  endfacet
  facet normal 0.05199453841415703 0.7932833600921763 0.6066284518351949
    outer loop
      vertex 3.7781054732259123 63.264543735664525 1.9
      vertex 3.618402838039026 62.051481787630685 3.5
      vertex 4 63.25 1.9
    endloop
  endfacet
  facet normal 0.5977017340209402 0.5241703526263153 0.6066284518351951
    outer loop
      vertex 2.797918471982869 63.74791847198287 1.9
      vertex 1.6806081757368003 63.170268057545094 3.5
      vertex 1.9327525279428577 62.882752527942856 3.5
    endloop
  endfacet
  facet normal 0.5241703526263131 0.5977017340209423 0.6066284518351949
    outer loop
      vertex 2.965105570685175 63.601299321504904 1.9
      vertex 1.9327525279428577 62.882752527942856 3.5
      vertex 2.2202680575450926 62.6306081757368 3.5
    endloop
  endfacet
  facet normal 0.44167027117078256 0.661006273032233 0.606628451835194
    outer loop
      vertex 3.15 63.47775681356646 1.9
      vertex 2.2202680575450926 62.6306081757368 3.5
      vertex 2.538235294117647 62.418149260700794 3.5
    endloop
  endfacet
  facet normal 0.35161308892139653 0.7130008114463746 0.606628451835195
    outer loop
      vertex 3.3494381649793477 63.37940479473082 1.9
      vertex 2.538235294117647 62.418149260700794 3.5
      vertex 2.8812137300855905 62.24901101377583 3.5
    endloop
  endfacet
  facet normal 0.2555397092349788 0.7527957082955091 0.6066284518351948
    outer loop
      vertex 3.5600076233257147 63.30792609530859 1.9
      vertex 2.8812137300855905 62.24901101377583 3.5
      vertex 3.2433349093179245 62.126087437260786 3.5
    endloop
  endfacet
  facet normal 0.15509397427457441 0.7797100618613003 0.6066284518351945
    outer loop
      vertex 3.7781054732259123 63.264543735664525 1.9
      vertex 3.2433349093179245 62.126087437260786 3.5
      vertex 3.618402838039026 62.051481787630685 3.5
    endloop
  endfacet
  facet normal 0.051994538414142775 0.7932833600921785 0.6066284518351931
    outer loop
      vertex 4 63.25 1.9
      vertex 3.618402838039026 62.051481787630685 3.5
      vertex 4 62.0264705882353 3.5
    endloop
  endfacet
  facet normal 0.7932833600921773 -0.05199453841414939 0.6066284518351942
    outer loop
      vertex 2.3 64.95 1.9
      vertex 2.3145437356645227 65.1718945267741 1.9
      vertex 1.1014817876306837 65.33159716196097 3.5
    endloop
  endfacet
  facet normal 0.7797100618612998 -0.15509397427457589 0.6066284518351949
    outer loop
      vertex 2.3145437356645227 65.1718945267741 1.9
      vertex 2.357926095308584 65.38999237667429 1.9
      vertex 1.1760874372607824 65.70666509068208 3.5
    endloop
  endfacet
  facet normal 0.7932833600921771 -0.05199453841415044 0.6066284518351943
    outer loop
      vertex 2.3 64.95 1.9
      vertex 1.1014817876306837 65.33159716196097 3.5
      vertex 1.0764705882352938 64.95 3.5
    endloop
  endfacet
  facet normal 0.7797100618613023 -0.15509397427456728 0.6066284518351939
    outer loop
      vertex 2.3145437356645227 65.1718945267741 1.9
      vertex 1.1760874372607824 65.70666509068208 3.5
      vertex 1.1014817876306837 65.33159716196097 3.5
    endloop
  endfacet
  facet normal 0.7527957082955075 -0.25553970923498365 0.6066284518351949
    outer loop
      vertex 2.357926095308584 65.38999237667429 1.9
      vertex 1.2990110137758264 66.06878626991441 3.5
      vertex 1.1760874372607824 65.70666509068208 3.5
    endloop
  endfacet
  facet normal 0.7130008114463813 -0.3516130889213838 0.6066284518351944
    outer loop
      vertex 2.4294047947308126 65.60056183502066 1.9
      vertex 1.468149260700788 66.41176470588236 3.5
      vertex 1.2990110137758264 66.06878626991441 3.5
    endloop
  endfacet
  facet normal 0.6610062730322214 -0.4416702711707975 0.6066284518351961
    outer loop
      vertex 2.5277568135664543 65.8 1.9
      vertex 1.6806081757368003 66.7297319424549 3.5
      vertex 1.468149260700788 66.41176470588236 3.5
    endloop
  endfacet
  facet normal 0.7527957082955097 -0.2555397092349785 0.6066284518351941
    outer loop
      vertex 2.357926095308584 65.38999237667429 1.9
      vertex 2.4294047947308126 65.60056183502066 1.9
      vertex 1.2990110137758264 66.06878626991441 3.5
    endloop
  endfacet
  facet normal 0.7130008114463727 -0.35161308892139786 0.6066284518351963
    outer loop
      vertex 2.4294047947308126 65.60056183502066 1.9
      vertex 2.5277568135664543 65.8 1.9
      vertex 1.468149260700788 66.41176470588236 3.5
    endloop
  endfacet
  facet normal 0.6610062730322452 -0.4416702711707678 0.6066284518351915
    outer loop
      vertex 2.5277568135664543 65.8 1.9
      vertex 2.6512993215049003 65.98489442931483 1.9
      vertex 1.6806081757368003 66.7297319424549 3.5
    endloop
  endfacet
  facet normal 0.5977017340209284 -0.5241703526263282 0.6066284518351956
    outer loop
      vertex 2.6512993215049003 65.98489442931483 1.9
      vertex 2.797918471982869 66.15208152801713 1.9
      vertex 1.9327525279428577 67.01724747205715 3.5
    endloop
  endfacet
  facet normal 0.5241703526263313 -0.5977017340209305 0.6066284518351909
    outer loop
      vertex 2.797918471982869 66.15208152801713 1.9
      vertex 2.965105570685175 66.29870067849511 1.9
      vertex 2.2202680575450926 67.2693918242632 3.5
    endloop
  endfacet
  facet normal 0.4416702711707684 -0.6610062730322405 0.6066284518351963
    outer loop
      vertex 2.965105570685175 66.29870067849511 1.9
      vertex 3.15 66.42224318643355 1.9
      vertex 2.538235294117647 67.48185073929922 3.5
    endloop
  endfacet
  facet normal 0.3516130889213862 -0.7130008114463794 0.6066284518351953
    outer loop
      vertex 3.15 66.42224318643355 1.9
      vertex 3.3494381649793477 66.52059520526919 1.9
      vertex 2.8812137300855905 67.65098898622418 3.5
    endloop
  endfacet
  facet normal 0.2555397092349841 -0.7527957082955059 0.6066284518351965
    outer loop
      vertex 3.3494381649793477 66.52059520526919 1.9
      vertex 3.5600076233257147 66.59207390469142 1.9
      vertex 3.2433349093179245 67.77391256273923 3.5
    endloop
  endfacet
  facet normal 0.15509397427455138 -0.779710061861301 0.6066284518351996
    outer loop
      vertex 3.5600076233257147 66.59207390469142 1.9
      vertex 3.7781054732259123 66.63545626433547 1.9
      vertex 3.618402838039026 67.84851821236933 3.5
    endloop
  endfacet
  facet normal 0.05199453841418246 -0.7932833600921768 0.6066284518351919
    outer loop
      vertex 3.7781054732259123 66.63545626433547 1.9
      vertex 4 66.65 1.9
      vertex 4 67.87352941176471 3.5
    endloop
  endfacet
  facet normal 0.5977017340209481 -0.5241703526263095 0.6066284518351923
    outer loop
      vertex 2.6512993215049003 65.98489442931483 1.9
      vertex 1.9327525279428577 67.01724747205715 3.5
      vertex 1.6806081757368003 66.7297319424549 3.5
    endloop
  endfacet
  facet normal 0.5241703526263047 -0.5977017340209497 0.6066284518351948
    outer loop
      vertex 2.797918471982869 66.15208152801713 1.9
      vertex 2.2202680575450926 67.2693918242632 3.5
      vertex 1.9327525279428577 67.01724747205715 3.5
    endloop
  endfacet
  facet normal 0.44167027117080404 -0.6610062730322211 0.6066284518351915
    outer loop
      vertex 2.965105570685175 66.29870067849511 1.9
      vertex 2.538235294117647 67.48185073929922 3.5
      vertex 2.2202680575450926 67.2693918242632 3.5
    endloop
  endfacet
  facet normal 0.35161308892138465 -0.7130008114463801 0.6066284518351955
    outer loop
      vertex 3.15 66.42224318643355 1.9
      vertex 2.8812137300855905 67.65098898622418 3.5
      vertex 2.538235294117647 67.48185073929922 3.5
    endloop
  endfacet
  facet normal 0.25553970923499186 -0.7527957082955039 0.6066284518351956
    outer loop
      vertex 3.3494381649793477 66.52059520526919 1.9
      vertex 3.2433349093179245 67.77391256273923 3.5
      vertex 2.8812137300855905 67.65098898622418 3.5
    endloop
  endfacet
  facet normal 0.15509397427457428 -0.7797100618612984 0.6066284518351969
    outer loop
      vertex 3.5600076233257147 66.59207390469142 1.9
      vertex 3.618402838039026 67.84851821236933 3.5
      vertex 3.2433349093179245 67.77391256273923 3.5
    endloop
  endfacet
  facet normal 0.05199453841412762 -0.7932833600921755 0.6066284518351984
    outer loop
      vertex 3.7781054732259123 66.63545626433547 1.9
      vertex 4 67.87352941176471 3.5
      vertex 3.618402838039026 67.84851821236933 3.5
    endloop
  endfacet
  facet normal -0.051994538414157236 0.7932833600921779 0.6066284518351927
    outer loop
      vertex 4 63.25 1.9
      vertex 4 62.0264705882353 3.5
      vertex 4.221894526774087 63.264543735664525 1.9
    endloop
  endfacet
  facet normal -0.15509397427457658 0.7797100618612999 0.6066284518351944
    outer loop
      vertex 4.221894526774087 63.264543735664525 1.9
      vertex 4.381597161960975 62.051481787630685 3.5
      vertex 4.439992376674285 63.30792609530859 1.9
    endloop
  endfacet
  facet normal -0.2555397092349841 0.7527957082955075 0.6066284518351944
    outer loop
      vertex 4.439992376674285 63.30792609530859 1.9
      vertex 4.756665090682075 62.126087437260786 3.5
      vertex 4.650561835020652 63.37940479473082 1.9
    endloop
  endfacet
  facet normal -0.35161308892138693 0.7130008114463792 0.6066284518351953
    outer loop
      vertex 4.650561835020652 63.37940479473082 1.9
      vertex 5.118786269914409 62.24901101377583 3.5
      vertex 4.85 63.47775681356646 1.9
    endloop
  endfacet
  facet normal -0.4416702711707862 0.6610062730322307 0.606628451835194
    outer loop
      vertex 4.85 63.47775681356646 1.9
      vertex 5.461764705882353 62.418149260700794 3.5
      vertex 5.034894429314825 63.601299321504904 1.9
    endloop
  endfacet
  facet normal -0.524170352626315 0.5977017340209408 0.6066284518351948
    outer loop
      vertex 5.034894429314825 63.601299321504904 1.9
      vertex 5.779731942454907 62.6306081757368 3.5
      vertex 5.202081528017131 63.74791847198287 1.9
    endloop
  endfacet
  facet normal -0.5977017340209405 0.524170352626315 0.606628451835195
    outer loop
      vertex 5.202081528017131 63.74791847198287 1.9
      vertex 6.067247472057142 62.882752527942856 3.5
      vertex 5.348700678495099 63.91510557068518 1.9
    endloop
  endfacet
  facet normal -0.6610062730322347 0.4416702711707794 0.6066284518351945
    outer loop
      vertex 5.348700678495099 63.91510557068518 1.9
      vertex 6.3193918242631995 63.170268057545094 3.5
      vertex 5.472243186433546 64.10000000000001 1.9
    endloop
  endfacet
  facet normal -0.7130008114463733 0.35161308892139814 0.6066284518351954
    outer loop
      vertex 5.472243186433546 64.10000000000001 1.9
      vertex 6.5318507392992124 63.48823529411765 3.5
      vertex 5.570595205269187 64.29943816497935 1.9
    endloop
  endfacet
  facet normal -0.7527957082955096 0.25553970923497843 0.6066284518351943
    outer loop
      vertex 5.570595205269187 64.29943816497935 1.9
      vertex 6.700988986224174 63.831213730085594 3.5
      vertex 5.642073904691416 64.51000762332572 1.9
    endloop
  endfacet
  facet normal -0.051994538414142644 0.7932833600921776 0.6066284518351944
    outer loop
      vertex 4.221894526774087 63.264543735664525 1.9
      vertex 4 62.0264705882353 3.5
      vertex 4.381597161960975 62.051481787630685 3.5
    endloop
  endfacet
  facet normal -0.1550939742745749 0.7797100618613001 0.6066284518351946
    outer loop
      vertex 4.439992376674285 63.30792609530859 1.9
      vertex 4.381597161960975 62.051481787630685 3.5
      vertex 4.756665090682075 62.126087437260786 3.5
    endloop
  endfacet
  facet normal -0.25553970923497876 0.7527957082955088 0.6066284518351952
    outer loop
      vertex 4.650561835020652 63.37940479473082 1.9
      vertex 4.756665090682075 62.126087437260786 3.5
      vertex 5.118786269914409 62.24901101377583 3.5
    endloop
  endfacet
  facet normal -0.3516130889213966 0.7130008114463753 0.606628451835194
    outer loop
      vertex 4.85 63.47775681356646 1.9
      vertex 5.118786269914409 62.24901101377583 3.5
      vertex 5.461764705882353 62.418149260700794 3.5
    endloop
  endfacet
  facet normal -0.4416702711707829 0.6610062730322327 0.6066284518351943
    outer loop
      vertex 5.034894429314825 63.601299321504904 1.9
      vertex 5.461764705882353 62.418149260700794 3.5
      vertex 5.779731942454907 62.6306081757368 3.5
    endloop
  endfacet
  facet normal -0.524170352626313 0.5977017340209423 0.606628451835195
    outer loop
      vertex 5.202081528017131 63.74791847198287 1.9
      vertex 5.779731942454907 62.6306081757368 3.5
      vertex 6.067247472057142 62.882752527942856 3.5
    endloop
  endfacet
  facet normal -0.59770173402094 0.5241703526263157 0.606628451835195
    outer loop
      vertex 5.348700678495099 63.91510557068518 1.9
      vertex 6.067247472057142 62.882752527942856 3.5
      vertex 6.3193918242631995 63.170268057545094 3.5
    endloop
  endfacet
  facet normal -0.7797100618612997 0.15509397427457586 0.606628451835195
    outer loop
      vertex 5.642073904691416 64.51000762332572 1.9
      vertex 6.823912562739218 64.19333490931793 3.5
      vertex 5.685456264335477 64.72810547322591 1.9
    endloop
  endfacet
  facet normal -0.7932833600921774 0.051994538414149395 0.6066284518351941
    outer loop
      vertex 5.685456264335477 64.72810547322591 1.9
      vertex 6.898518212369316 64.56840283803903 3.5
      vertex 5.7 64.95 1.9
    endloop
  endfacet
  facet normal -0.6610062730322303 0.4416702711707849 0.6066284518351955
    outer loop
      vertex 5.472243186433546 64.10000000000001 1.9
      vertex 6.3193918242631995 63.170268057545094 3.5
      vertex 6.5318507392992124 63.48823529411765 3.5
    endloop
  endfacet
  facet normal -0.7130008114463784 0.3516130889213897 0.6066284518351943
    outer loop
      vertex 5.570595205269187 64.29943816497935 1.9
      vertex 6.5318507392992124 63.48823529411765 3.5
      vertex 6.700988986224174 63.831213730085594 3.5
    endloop
  endfacet
  facet normal -0.7527957082955076 0.2555397092349833 0.6066284518351949
    outer loop
      vertex 5.642073904691416 64.51000762332572 1.9
      vertex 6.700988986224174 63.831213730085594 3.5
      vertex 6.823912562739218 64.19333490931793 3.5
    endloop
  endfacet
  facet normal -0.7797100618613025 0.15509397427456656 0.6066284518351938
    outer loop
      vertex 5.685456264335477 64.72810547322591 1.9
      vertex 6.823912562739218 64.19333490931793 3.5
      vertex 6.898518212369316 64.56840283803903 3.5
    endloop
  endfacet
  facet normal -0.7932833600921771 0.05199453841415073 0.6066284518351943
    outer loop
      vertex 5.7 64.95 1.9
      vertex 6.898518212369316 64.56840283803903 3.5
      vertex 6.923529411764706 64.95 3.5
    endloop
  endfacet
  facet normal -0.05199453841418257 -0.7932833600921769 0.6066284518351919
    outer loop
      vertex 4 66.65 1.9
      vertex 4.221894526774087 66.63545626433547 1.9
      vertex 4 67.87352941176471 3.5
    endloop
  endfacet
  facet normal -0.1550939742745519 -0.7797100618613035 0.6066284518351962
    outer loop
      vertex 4.221894526774087 66.63545626433547 1.9
      vertex 4.439992376674285 66.59207390469142 1.9
      vertex 4.756665090682075 67.77391256273923 3.5
    endloop
  endfacet
  facet normal -0.2555397092349839 -0.752795708295507 0.6066284518351953
    outer loop
      vertex 4.439992376674285 66.59207390469142 1.9
      vertex 4.650561835020652 66.52059520526919 1.9
      vertex 5.118786269914409 67.65098898622418 3.5
    endloop
  endfacet
  facet normal -0.35161308892138676 -0.7130008114463788 0.6066284518351958
    outer loop
      vertex 4.650561835020652 66.52059520526919 1.9
      vertex 4.85 66.42224318643355 1.9
      vertex 5.461764705882353 67.48185073929922 3.5
    endloop
  endfacet
  facet normal -0.44167027117077035 -0.6610062730322449 0.6066284518351901
    outer loop
      vertex 4.85 66.42224318643355 1.9
      vertex 5.034894429314825 66.29870067849511 1.9
      vertex 5.779731942454907 67.2693918242632 3.5
    endloop
  endfacet
  facet normal -0.5241703526263288 -0.5977017340209277 0.6066284518351956
    outer loop
      vertex 5.034894429314825 66.29870067849511 1.9
      vertex 5.202081528017131 66.15208152801713 1.9
      vertex 6.067247472057142 67.01724747205715 3.5
    endloop
  endfacet
  facet normal -0.5977017340209315 -0.5241703526263293 0.6066284518351917
    outer loop
      vertex 5.202081528017131 66.15208152801713 1.9
      vertex 5.348700678495099 65.98489442931483 1.9
      vertex 6.3193918242631995 66.7297319424549 3.5
    endloop
  endfacet
  facet normal -0.6610062730322408 -0.44167027117076646 0.6066284518351974
    outer loop
      vertex 5.348700678495099 65.98489442931483 1.9
      vertex 5.472243186433546 65.8 1.9
      vertex 6.5318507392992124 66.41176470588236 3.5
    endloop
  endfacet
  facet normal -0.7130008114463744 -0.35161308892139864 0.606628451835194
    outer loop
      vertex 5.472243186433546 65.8 1.9
      vertex 5.570595205269187 65.60056183502066 1.9
      vertex 6.700988986224174 66.06878626991441 3.5
    endloop
  endfacet
  facet normal -0.051994538414127746 -0.7932833600921755 0.6066284518351984
    outer loop
      vertex 4.221894526774087 66.63545626433547 1.9
      vertex 4.381597161960975 67.84851821236933 3.5
      vertex 4 67.87352941176471 3.5
    endloop
  endfacet
  facet normal -0.15509397427457428 -0.779710061861297 0.606628451835199
    outer loop
      vertex 4.221894526774087 66.63545626433547 1.9
      vertex 4.756665090682075 67.77391256273923 3.5
      vertex 4.381597161960975 67.84851821236933 3.5
    endloop
  endfacet
  facet normal -0.2555397092349916 -0.7527957082955035 0.6066284518351964
    outer loop
      vertex 4.439992376674285 66.59207390469142 1.9
      vertex 5.118786269914409 67.65098898622418 3.5
      vertex 4.756665090682075 67.77391256273923 3.5
    endloop
  endfacet
  facet normal -0.35161308892138415 -0.7130008114463804 0.6066284518351953
    outer loop
      vertex 4.650561835020652 66.52059520526919 1.9
      vertex 5.461764705882353 67.48185073929922 3.5
      vertex 5.118786269914409 67.65098898622418 3.5
    endloop
  endfacet
  facet normal -0.4416702711708029 -0.6610062730322184 0.6066284518351951
    outer loop
      vertex 4.85 66.42224318643355 1.9
      vertex 5.779731942454907 67.2693918242632 3.5
      vertex 5.461764705882353 67.48185073929922 3.5
    endloop
  endfacet
  facet normal -0.5241703526263063 -0.5977017340209513 0.6066284518351918
    outer loop
      vertex 5.034894429314825 66.29870067849511 1.9
      vertex 6.067247472057142 67.01724747205715 3.5
      vertex 5.779731942454907 67.2693918242632 3.5
    endloop
  endfacet
  facet normal -0.5977017340209465 -0.5241703526263085 0.6066284518351945
    outer loop
      vertex 5.202081528017131 66.15208152801713 1.9
      vertex 6.3193918242631995 66.7297319424549 3.5
      vertex 6.067247472057142 67.01724747205715 3.5
    endloop
  endfacet
  facet normal -0.752795708295509 -0.25553970923497826 0.6066284518351951
    outer loop
      vertex 5.570595205269187 65.60056183502066 1.9
      vertex 5.642073904691416 65.38999237667429 1.9
      vertex 6.823912562739218 65.70666509068208 3.5
    endloop
  endfacet
  facet normal -0.7797100618613008 -0.15509397427457608 0.6066284518351934
    outer loop
      vertex 5.642073904691416 65.38999237667429 1.9
      vertex 5.685456264335477 65.1718945267741 1.9
      vertex 6.898518212369316 65.33159716196097 3.5
    endloop
  endfacet
  facet normal -0.7932833600921771 -0.05199453841414938 0.6066284518351943
    outer loop
      vertex 5.685456264335477 65.1718945267741 1.9
      vertex 5.7 64.95 1.9
      vertex 6.923529411764706 64.95 3.5
    endloop
  endfacet
  facet normal -0.6610062730322227 -0.44167027117079977 0.6066284518351929
    outer loop
      vertex 5.348700678495099 65.98489442931483 1.9
      vertex 6.5318507392992124 66.41176470588236 3.5
      vertex 6.3193918242631995 66.7297319424549 3.5
    endloop
  endfacet
  facet normal -0.7130008114463802 -0.35161308892138327 0.606628451835196
    outer loop
      vertex 5.472243186433546 65.8 1.9
      vertex 6.700988986224174 66.06878626991441 3.5
      vertex 6.5318507392992124 66.41176470588236 3.5
    endloop
  endfacet
  facet normal -0.7527957082955079 -0.25553970923498315 0.6066284518351944
    outer loop
      vertex 5.570595205269187 65.60056183502066 1.9
      vertex 6.823912562739218 65.70666509068208 3.5
      vertex 6.700988986224174 66.06878626991441 3.5
    endloop
  endfacet
  facet normal -0.7797100618613019 -0.1550939742745664 0.6066284518351946
    outer loop
      vertex 5.642073904691416 65.38999237667429 1.9
      vertex 6.898518212369316 65.33159716196097 3.5
      vertex 6.823912562739218 65.70666509068208 3.5
    endloop
  endfacet
  facet normal -0.7932833600921773 -0.051994538414150866 0.6066284518351941
    outer loop
      vertex 5.685456264335477 65.1718945267741 1.9
      vertex 6.923529411764706 64.95 3.5
      vertex 6.898518212369316 65.33159716196097 3.5
    endloop
  endfacet
  facet normal 0.9978589232386035 0.06540312923014373 0
    outer loop
      vertex 2.3 125.4 1.9
      vertex 2.3145437356645227 125.17810547322591 0
      vertex 2.3 125.4 0
    endloop
  endfacet
  facet normal 0.9978589232386035 -0.06540312923014373 0
    outer loop
      vertex 2.3145437356645227 125.6218945267741 1.9
      vertex 2.3 125.4 0
      vertex 2.3145437356645227 125.6218945267741 0
    endloop
  endfacet
  facet normal 0.9807852804032293 0.19509032201613452 0
    outer loop
      vertex 2.3145437356645227 125.17810547322591 1.9
      vertex 2.357926095308584 124.96000762332572 0
      vertex 2.3145437356645227 125.17810547322591 0
    endloop
  endfacet
  facet normal 0.9807852804032293 -0.19509032201613452 0
    outer loop
      vertex 2.357926095308584 125.83999237667429 1.9
      vertex 2.3145437356645227 125.6218945267741 0
      vertex 2.357926095308584 125.83999237667429 0
    endloop
  endfacet
  facet normal 0.9469301294951071 0.32143946530315726 0
    outer loop
      vertex 2.357926095308584 124.96000762332572 1.9
      vertex 2.4294047947308126 124.74943816497935 0
      vertex 2.357926095308584 124.96000762332572 0
    endloop
  endfacet
  facet normal 0.8968727415326828 0.44228869021901224 0
    outer loop
      vertex 2.4294047947308126 124.74943816497935 1.9
      vertex 2.5277568135664543 124.55000000000001 0
      vertex 2.4294047947308126 124.74943816497935 0
    endloop
  endfacet
  facet normal 0.9469301294951071 -0.32143946530315726 0
    outer loop
      vertex 2.4294047947308126 126.05056183502066 1.9
      vertex 2.357926095308584 125.83999237667429 0
      vertex 2.4294047947308126 126.05056183502066 0
    endloop
  endfacet
  facet normal 0.8968727415326828 -0.44228869021901224 0
    outer loop
      vertex 2.5277568135664543 126.25 1.9
      vertex 2.4294047947308126 126.05056183502066 0
      vertex 2.5277568135664543 126.25 0
    endloop
  endfacet
  facet normal 0.831469612302543 0.5555702330196056 0
    outer loop
      vertex 2.5277568135664543 124.55000000000001 1.9
      vertex 2.6512993215049003 124.36510557068519 0
      vertex 2.5277568135664543 124.55000000000001 0
    endloop
  endfacet
  facet normal 0.7518398074789947 0.6593458151000493 0
    outer loop
      vertex 2.6512993215049003 124.36510557068519 1.9
      vertex 2.797918471982869 124.19791847198287 0
      vertex 2.6512993215049003 124.36510557068519 0
    endloop
  endfacet
  facet normal 0.831469612302543 -0.5555702330196056 0
    outer loop
      vertex 2.6512993215049003 126.43489442931482 1.9
      vertex 2.5277568135664543 126.25 0
      vertex 2.6512993215049003 126.43489442931482 0
    endloop
  endfacet
  facet normal 0.7518398074789947 -0.6593458151000493 0
    outer loop
      vertex 2.797918471982869 126.60208152801714 1.9
      vertex 2.6512993215049003 126.43489442931482 0
      vertex 2.797918471982869 126.60208152801714 0
    endloop
  endfacet
  facet normal 0.6593458151000817 0.7518398074789662 0
    outer loop
      vertex 2.797918471982869 124.19791847198287 1.9
      vertex 2.965105570685175 124.0512993215049 0
      vertex 2.797918471982869 124.19791847198287 0
    endloop
  endfacet
  facet normal 0.6593458151000817 -0.7518398074789662 0
    outer loop
      vertex 2.965105570685175 126.74870067849511 1.9
      vertex 2.797918471982869 126.60208152801714 0
      vertex 2.965105570685175 126.74870067849511 0
    endloop
  endfacet
  facet normal 0.5555702330195793 0.8314696123025604 0
    outer loop
      vertex 2.965105570685175 124.0512993215049 1.9
      vertex 3.15 123.92775681356646 0
      vertex 2.965105570685175 124.0512993215049 0
    endloop
  endfacet
  facet normal 0.44228869021899714 0.8968727415326904 0
    outer loop
      vertex 3.15 123.92775681356646 1.9
      vertex 3.3494381649793477 123.82940479473082 0
      vertex 3.15 123.92775681356646 0
    endloop
  endfacet
  facet normal 0.5555702330195793 -0.8314696123025604 0
    outer loop
      vertex 3.15 126.87224318643355 1.9
      vertex 2.965105570685175 126.74870067849511 0
      vertex 3.15 126.87224318643355 0
    endloop
  endfacet
  facet normal 0.32143946530316514 0.9469301294951045 0
    outer loop
      vertex 3.3494381649793477 123.82940479473082 1.9
      vertex 3.5600076233257147 123.75792609530859 0
      vertex 3.3494381649793477 123.82940479473082 0
    endloop
  endfacet
  facet normal 0.44228869021899714 -0.8968727415326904 0
    outer loop
      vertex 3.3494381649793477 126.97059520526919 1.9
      vertex 3.15 126.87224318643355 0
      vertex 3.3494381649793477 126.97059520526919 0
    endloop
  endfacet
  facet normal 0.32143946530316514 -0.9469301294951045 0
    outer loop
      vertex 3.5600076233257147 127.04207390469142 1.9
      vertex 3.3494381649793477 126.97059520526919 0
      vertex 3.5600076233257147 127.04207390469142 0
    endloop
  endfacet
  facet normal 0.19509032201610457 0.9807852804032352 0
    outer loop
      vertex 3.5600076233257147 123.75792609530859 1.9
      vertex 3.7781054732259123 123.71454373566453 0
      vertex 3.5600076233257147 123.75792609530859 0
    endloop
  endfacet
  facet normal 0.19509032201610457 -0.9807852804032352 0
    outer loop
      vertex 3.7781054732259123 127.08545626433548 1.9
      vertex 3.5600076233257147 127.04207390469142 0
      vertex 3.7781054732259123 127.08545626433548 0
    endloop
  endfacet
  facet normal 0.0654031292301852 0.9978589232386007 0
    outer loop
      vertex 3.7781054732259123 123.71454373566453 1.9
      vertex 4 123.7 0
      vertex 3.7781054732259123 123.71454373566453 0
    endloop
  endfacet
  facet normal 0.0654031292301852 -0.9978589232386007 0
    outer loop
      vertex 4 127.10000000000001 1.9
      vertex 3.7781054732259123 127.08545626433548 0
      vertex 4 127.10000000000001 0
    endloop
  endfacet
  facet normal 0.9978589232386035 0.06540312923014373 2.2184927558437427e-19
    outer loop
      vertex 2.3 125.4 1.9
      vertex 2.3145437356645227 125.17810547322591 1.9
      vertex 2.3145437356645227 125.17810547322591 0
    endloop
  endfacet
  facet normal 0.9978589232386035 -0.06540312923014373 0
    outer loop
      vertex 2.3 125.4 1.9
      vertex 2.3 125.4 0
      vertex 2.3145437356645227 125.6218945267741 1.9
    endloop
  endfacet
  facet normal 0.9807852804032293 0.19509032201613452 2.7768814497986186e-19
    outer loop
      vertex 2.3145437356645227 125.17810547322591 1.9
      vertex 2.357926095308584 124.96000762332572 1.9
      vertex 2.357926095308584 124.96000762332572 0
    endloop
  endfacet
  facet normal 0.9807852804032293 -0.19509032201613452 0
    outer loop
      vertex 2.3145437356645227 125.6218945267741 1.9
      vertex 2.3145437356645227 125.6218945267741 0
      vertex 2.357926095308584 125.83999237667429 1.9
    endloop
  endfacet
  facet normal 0.9469301294951071 0.32143946530315726 1.1659485760558963e-18
    outer loop
      vertex 2.357926095308584 124.96000762332572 1.9
      vertex 2.4294047947308126 124.74943816497935 1.9
      vertex 2.4294047947308126 124.74943816497935 0
    endloop
  endfacet
  facet normal 0.8968727415326828 0.44228869021901224 -2.9467360330163215e-18
    outer loop
      vertex 2.4294047947308126 124.74943816497935 1.9
      vertex 2.5277568135664543 124.55000000000001 1.9
      vertex 2.5277568135664543 124.55000000000001 0
    endloop
  endfacet
  facet normal 0.9469301294951071 -0.32143946530315726 0
    outer loop
      vertex 2.357926095308584 125.83999237667429 1.9
      vertex 2.357926095308584 125.83999237667429 0
      vertex 2.4294047947308126 126.05056183502066 1.9
    endloop
  endfacet
  facet normal 0.8968727415326828 -0.44228869021901224 0
    outer loop
      vertex 2.4294047947308126 126.05056183502066 1.9
      vertex 2.4294047947308126 126.05056183502066 0
      vertex 2.5277568135664543 126.25 1.9
    endloop
  endfacet
  facet normal 0.831469612302543 0.5555702330196056 0
    outer loop
      vertex 2.6512993215049003 124.36510557068519 1.9
      vertex 2.6512993215049003 124.36510557068519 0
      vertex 2.5277568135664543 124.55000000000001 1.9
    endloop
  endfacet
  facet normal 0.7518398074789947 0.6593458151000493 4.0538098939940545e-18
    outer loop
      vertex 2.6512993215049003 124.36510557068519 1.9
      vertex 2.797918471982869 124.19791847198287 1.9
      vertex 2.797918471982869 124.19791847198287 0
    endloop
  endfacet
  facet normal 0.831469612302543 -0.5555702330196056 0
    outer loop
      vertex 2.5277568135664543 126.25 1.9
      vertex 2.5277568135664543 126.25 0
      vertex 2.6512993215049003 126.43489442931482 1.9
    endloop
  endfacet
  facet normal 0.7518398074789947 -0.6593458151000493 0
    outer loop
      vertex 2.6512993215049003 126.43489442931482 1.9
      vertex 2.6512993215049003 126.43489442931482 0
      vertex 2.797918471982869 126.60208152801714 1.9
    endloop
  endfacet
  facet normal 0.6593458151000817 0.7518398074789662 8.610510432757944e-19
    outer loop
      vertex 2.797918471982869 124.19791847198287 1.9
      vertex 2.965105570685175 124.0512993215049 1.9
      vertex 2.965105570685175 124.0512993215049 0
    endloop
  endfacet
  facet normal 0.6593458151000817 -0.7518398074789662 0
    outer loop
      vertex 2.797918471982869 126.60208152801714 1.9
      vertex 2.797918471982869 126.60208152801714 0
      vertex 2.965105570685175 126.74870067849511 1.9
    endloop
  endfacet
  facet normal 0.5555702330195793 0.8314696123025604 -5.908189628611467e-19
    outer loop
      vertex 2.965105570685175 124.0512993215049 1.9
      vertex 3.15 123.92775681356646 1.9
      vertex 3.15 123.92775681356646 0
    endloop
  endfacet
  facet normal 0.5555702330195793 -0.8314696123025604 0
    outer loop
      vertex 2.965105570685175 126.74870067849511 1.9
      vertex 2.965105570685175 126.74870067849511 0
      vertex 3.15 126.87224318643355 1.9
    endloop
  endfacet
  facet normal 0.44228869021899714 -0.8968727415326904 0
    outer loop
      vertex 3.15 126.87224318643355 1.9
      vertex 3.15 126.87224318643355 0
      vertex 3.3494381649793477 126.97059520526919 1.9
    endloop
  endfacet
  facet normal 0.44228869021899714 0.8968727415326904 -1.1377633320382848e-18
    outer loop
      vertex 3.15 123.92775681356646 1.9
      vertex 3.3494381649793477 123.82940479473082 1.9
      vertex 3.3494381649793477 123.82940479473082 0
    endloop
  endfacet
  facet normal 0.32143946530316514 0.9469301294951045 -1.797353729747083e-18
    outer loop
      vertex 3.3494381649793477 123.82940479473082 1.9
      vertex 3.5600076233257147 123.75792609530859 1.9
      vertex 3.5600076233257147 123.75792609530859 0
    endloop
  endfacet
  facet normal 0.32143946530316514 -0.9469301294951045 0
    outer loop
      vertex 3.3494381649793477 126.97059520526919 1.9
      vertex 3.3494381649793477 126.97059520526919 0
      vertex 3.5600076233257147 127.04207390469142 1.9
    endloop
  endfacet
  facet normal 0.19509032201610457 0.9807852804032352 6.500100953198694e-19
    outer loop
      vertex 3.5600076233257147 123.75792609530859 1.9
      vertex 3.7781054732259123 123.71454373566453 1.9
      vertex 3.7781054732259123 123.71454373566453 0
    endloop
  endfacet
  facet normal 0.19509032201610457 -0.9807852804032352 0
    outer loop
      vertex 3.5600076233257147 127.04207390469142 1.9
      vertex 3.5600076233257147 127.04207390469142 0
      vertex 3.7781054732259123 127.08545626433548 1.9
    endloop
  endfacet
  facet normal 0.0654031292301852 0.9978589232386007 4.3360745765261063e-19
    outer loop
      vertex 3.7781054732259123 123.71454373566453 1.9
      vertex 4 123.7 1.9
      vertex 4 123.7 0
    endloop
  endfacet
  facet normal 0.0654031292301852 -0.9978589232386007 0
    outer loop
      vertex 3.7781054732259123 127.08545626433548 1.9
      vertex 3.7781054732259123 127.08545626433548 0
      vertex 4 127.10000000000001 1.9
    endloop
  endfacet
  facet normal -0.06540312923018532 0.9978589232386007 0
    outer loop
      vertex 4 123.7 1.9
      vertex 4.221894526774087 123.71454373566453 0
      vertex 4 123.7 0
    endloop
  endfacet
  facet normal -0.06540312923018532 -0.9978589232386007 0
    outer loop
      vertex 4.221894526774087 127.08545626433548 1.9
      vertex 4 127.10000000000001 0
      vertex 4.221894526774087 127.08545626433548 0
    endloop
  endfacet
  facet normal -0.19509032201610457 0.9807852804032352 0
    outer loop
      vertex 4.221894526774087 123.71454373566453 1.9
      vertex 4.439992376674285 123.75792609530859 0
      vertex 4.221894526774087 123.71454373566453 0
    endloop
  endfacet
  facet normal -0.19509032201610457 -0.9807852804032352 0
    outer loop
      vertex 4.439992376674285 127.04207390469142 1.9
      vertex 4.221894526774087 127.08545626433548 0
      vertex 4.439992376674285 127.04207390469142 0
    endloop
  endfacet
  facet normal -0.32143946530316453 0.9469301294951046 0
    outer loop
      vertex 4.439992376674285 123.75792609530859 1.9
      vertex 4.650561835020652 123.82940479473082 0
      vertex 4.439992376674285 123.75792609530859 0
    endloop
  endfacet
  facet normal -0.4422886902189979 0.8968727415326899 0
    outer loop
      vertex 4.650561835020652 123.82940479473082 1.9
      vertex 4.85 123.92775681356646 0
      vertex 4.650561835020652 123.82940479473082 0
    endloop
  endfacet
  facet normal -0.32143946530316453 -0.9469301294951046 0
    outer loop
      vertex 4.650561835020652 126.97059520526919 1.9
      vertex 4.439992376674285 127.04207390469142 0
      vertex 4.650561835020652 126.97059520526919 0
    endloop
  endfacet
  facet normal -0.5555702330195784 0.8314696123025611 0
    outer loop
      vertex 4.85 123.92775681356646 1.9
      vertex 5.034894429314825 124.0512993215049 0
      vertex 4.85 123.92775681356646 0
    endloop
  endfacet
  facet normal -0.4422886902189979 -0.8968727415326899 0
    outer loop
      vertex 4.85 126.87224318643355 1.9
      vertex 4.650561835020652 126.97059520526919 0
      vertex 4.85 126.87224318643355 0
    endloop
  endfacet
  facet normal -0.5555702330195784 -0.8314696123025611 0
    outer loop
      vertex 5.034894429314825 126.74870067849511 1.9
      vertex 4.85 126.87224318643355 0
      vertex 5.034894429314825 126.74870067849511 0
    endloop
  endfacet
  facet normal -0.6593458151000817 0.7518398074789662 0
    outer loop
      vertex 5.034894429314825 124.0512993215049 1.9
      vertex 5.202081528017131 124.19791847198287 0
      vertex 5.034894429314825 124.0512993215049 0
    endloop
  endfacet
  facet normal -0.6593458151000817 -0.7518398074789662 0
    outer loop
      vertex 5.202081528017131 126.60208152801714 1.9
      vertex 5.034894429314825 126.74870067849511 0
      vertex 5.202081528017131 126.60208152801714 0
    endloop
  endfacet
  facet normal -0.7518398074789957 0.6593458151000481 0
    outer loop
      vertex 5.202081528017131 124.19791847198287 1.9
      vertex 5.348700678495099 124.36510557068519 0
      vertex 5.202081528017131 124.19791847198287 0
    endloop
  endfacet
  facet normal -0.831469612302542 0.555570233019607 0
    outer loop
      vertex 5.348700678495099 124.36510557068519 1.9
      vertex 5.472243186433546 124.55000000000001 0
      vertex 5.348700678495099 124.36510557068519 0
    endloop
  endfacet
  facet normal -0.7518398074789957 -0.6593458151000481 0
    outer loop
      vertex 5.348700678495099 126.43489442931482 1.9
      vertex 5.202081528017131 126.60208152801714 0
      vertex 5.348700678495099 126.43489442931482 0
    endloop
  endfacet
  facet normal -0.831469612302542 -0.555570233019607 0
    outer loop
      vertex 5.472243186433546 126.25 1.9
      vertex 5.348700678495099 126.43489442931482 0
      vertex 5.472243186433546 126.25 0
    endloop
  endfacet
  facet normal -0.8968727415326828 0.44228869021901224 0
    outer loop
      vertex 5.472243186433546 124.55000000000001 1.9
      vertex 5.570595205269187 124.74943816497935 0
      vertex 5.472243186433546 124.55000000000001 0
    endloop
  endfacet
  facet normal -0.9469301294951071 0.32143946530315726 0
    outer loop
      vertex 5.570595205269187 124.74943816497935 1.9
      vertex 5.642073904691416 124.96000762332572 0
      vertex 5.570595205269187 124.74943816497935 0
    endloop
  endfacet
  facet normal -0.9807852804032293 0.19509032201613452 0
    outer loop
      vertex 5.642073904691416 124.96000762332572 1.9
      vertex 5.685456264335477 125.17810547322591 0
      vertex 5.642073904691416 124.96000762332572 0
    endloop
  endfacet
  facet normal -0.9807852804032293 -0.19509032201613452 0
    outer loop
      vertex 5.685456264335477 125.6218945267741 1.9
      vertex 5.642073904691416 125.83999237667429 0
      vertex 5.685456264335477 125.6218945267741 0
    endloop
  endfacet
  facet normal -0.9978589232386035 0.06540312923014373 0
    outer loop
      vertex 5.685456264335477 125.17810547322591 1.9
      vertex 5.7 125.4 0
      vertex 5.685456264335477 125.17810547322591 0
    endloop
  endfacet
  facet normal -0.9978589232386035 -0.06540312923014373 0
    outer loop
      vertex 5.7 125.4 1.9
      vertex 5.685456264335477 125.6218945267741 0
      vertex 5.7 125.4 0
    endloop
  endfacet
  facet normal -0.8968727415326828 -0.44228869021901224 0
    outer loop
      vertex 5.570595205269187 126.05056183502066 1.9
      vertex 5.472243186433546 126.25 0
      vertex 5.570595205269187 126.05056183502066 0
    endloop
  endfacet
  facet normal -0.9469301294951071 -0.32143946530315726 0
    outer loop
      vertex 5.642073904691416 125.83999237667429 1.9
      vertex 5.570595205269187 126.05056183502066 0
      vertex 5.642073904691416 125.83999237667429 0
    endloop
  endfacet
  facet normal -0.06540312923018532 0.9978589232386007 -3.235565901079327e-19
    outer loop
      vertex 4 123.7 1.9
      vertex 4.221894526774087 123.71454373566453 1.9
      vertex 4.221894526774087 123.71454373566453 0
    endloop
  endfacet
  facet normal -0.06540312923018532 -0.9978589232386007 0
    outer loop
      vertex 4 127.10000000000001 1.9
      vertex 4 127.10000000000001 0
      vertex 4.221894526774087 127.08545626433548 1.9
    endloop
  endfacet
  facet normal -0.19509032201610457 0.9807852804032352 -6.500100953198694e-19
    outer loop
      vertex 4.221894526774087 123.71454373566453 1.9
      vertex 4.439992376674285 123.75792609530859 1.9
      vertex 4.439992376674285 123.75792609530859 0
    endloop
  endfacet
  facet normal -0.19509032201610457 -0.9807852804032352 0
    outer loop
      vertex 4.221894526774087 127.08545626433548 1.9
      vertex 4.221894526774087 127.08545626433548 0
      vertex 4.439992376674285 127.04207390469142 1.9
    endloop
  endfacet
  facet normal -0.32143946530316453 0.9469301294951046 -1.08268119849711e-18
    outer loop
      vertex 4.439992376674285 123.75792609530859 1.9
      vertex 4.650561835020652 123.82940479473082 1.9
      vertex 4.650561835020652 123.82940479473082 0
    endloop
  endfacet
  facet normal -0.32143946530316453 -0.9469301294951046 0
    outer loop
      vertex 4.439992376674285 127.04207390469142 1.9
      vertex 4.439992376674285 127.04207390469142 0
      vertex 4.650561835020652 126.97059520526919 1.9
    endloop
  endfacet
  facet normal -0.4422886902189979 -0.8968727415326899 0
    outer loop
      vertex 4.650561835020652 126.97059520526919 1.9
      vertex 4.650561835020652 126.97059520526919 0
      vertex 4.85 126.87224318643355 1.9
    endloop
  endfacet
  facet normal -0.4422886902189979 0.8968727415326899 -3.69936452779383e-18
    outer loop
      vertex 4.650561835020652 123.82940479473082 1.9
      vertex 4.85 123.92775681356646 1.9
      vertex 4.85 123.92775681356646 0
    endloop
  endfacet
  facet normal -0.5555702330195784 0.8314696123025611 -9.411337970588094e-19
    outer loop
      vertex 4.85 123.92775681356646 1.9
      vertex 5.034894429314825 124.0512993215049 1.9
      vertex 5.034894429314825 124.0512993215049 0
    endloop
  endfacet
  facet normal -0.5555702330195784 -0.8314696123025611 0
    outer loop
      vertex 4.85 126.87224318643355 1.9
      vertex 4.85 126.87224318643355 0
      vertex 5.034894429314825 126.74870067849511 1.9
    endloop
  endfacet
  facet normal -0.6593458151000817 0.7518398074789662 -8.610510432757944e-19
    outer loop
      vertex 5.034894429314825 124.0512993215049 1.9
      vertex 5.202081528017131 124.19791847198287 1.9
      vertex 5.202081528017131 124.19791847198287 0
    endloop
  endfacet
  facet normal -0.6593458151000817 -0.7518398074789662 0
    outer loop
      vertex 5.034894429314825 126.74870067849511 1.9
      vertex 5.034894429314825 126.74870067849511 0
      vertex 5.202081528017131 126.60208152801714 1.9
    endloop
  endfacet
  facet normal -0.7518398074789957 0.6593458151000481 8.735880113692542e-19
    outer loop
      vertex 5.202081528017131 124.19791847198287 1.9
      vertex 5.348700678495099 124.36510557068519 1.9
      vertex 5.348700678495099 124.36510557068519 0
    endloop
  endfacet
  facet normal -0.831469612302542 0.555570233019607 -3.0515130529530013e-18
    outer loop
      vertex 5.348700678495099 124.36510557068519 1.9
      vertex 5.472243186433546 124.55000000000001 1.9
      vertex 5.472243186433546 124.55000000000001 0
    endloop
  endfacet
  facet normal -0.7518398074789957 -0.6593458151000481 0
    outer loop
      vertex 5.202081528017131 126.60208152801714 1.9
      vertex 5.202081528017131 126.60208152801714 0
      vertex 5.348700678495099 126.43489442931482 1.9
    endloop
  endfacet
  facet normal -0.831469612302542 -0.555570233019607 0
    outer loop
      vertex 5.348700678495099 126.43489442931482 1.9
      vertex 5.348700678495099 126.43489442931482 0
      vertex 5.472243186433546 126.25 1.9
    endloop
  endfacet
  facet normal -0.8968727415326828 0.44228869021901224 2.9467360330163215e-18
    outer loop
      vertex 5.472243186433546 124.55000000000001 1.9
      vertex 5.570595205269187 124.74943816497935 1.9
      vertex 5.570595205269187 124.74943816497935 0
    endloop
  endfacet
  facet normal -0.9469301294951071 0.32143946530315726 -1.1659485760558963e-18
    outer loop
      vertex 5.570595205269187 124.74943816497935 1.9
      vertex 5.642073904691416 124.96000762332572 1.9
      vertex 5.642073904691416 124.96000762332572 0
    endloop
  endfacet
  facet normal -0.9807852804032293 0.19509032201613452 -2.7768814497986186e-19
    outer loop
      vertex 5.642073904691416 124.96000762332572 1.9
      vertex 5.685456264335477 125.17810547322591 1.9
      vertex 5.685456264335477 125.17810547322591 0
    endloop
  endfacet
  facet normal -0.9807852804032293 -0.19509032201613452 0
    outer loop
      vertex 5.642073904691416 125.83999237667429 1.9
      vertex 5.642073904691416 125.83999237667429 0
      vertex 5.685456264335477 125.6218945267741 1.9
    endloop
  endfacet
  facet normal -0.9978589232386035 0.06540312923014373 -2.2184927558437427e-19
    outer loop
      vertex 5.685456264335477 125.17810547322591 1.9
      vertex 5.7 125.4 1.9
      vertex 5.7 125.4 0
    endloop
  endfacet
  facet normal -0.9978589232386035 -0.06540312923014373 0
    outer loop
      vertex 5.685456264335477 125.6218945267741 1.9
      vertex 5.685456264335477 125.6218945267741 0
      vertex 5.7 125.4 1.9
    endloop
  endfacet
  facet normal -0.8968727415326828 -0.44228869021901224 0
    outer loop
      vertex 5.472243186433546 126.25 1.9
      vertex 5.472243186433546 126.25 0
      vertex 5.570595205269187 126.05056183502066 1.9
    endloop
  endfacet
  facet normal -0.9469301294951071 -0.32143946530315726 0
    outer loop
      vertex 5.570595205269187 126.05056183502066 1.9
      vertex 5.570595205269187 126.05056183502066 0
      vertex 5.642073904691416 125.83999237667429 1.9
    endloop
  endfacet
  facet normal 0.793283360092177 0.051994538414149374 0.6066284518351945
    outer loop
      vertex 2.3 125.4 1.9
      vertex 1.0764705882352934 125.4 3.5
      vertex 2.3145437356645227 125.17810547322591 1.9
    endloop
  endfacet
  facet normal 0.7932833600921769 -0.05199453841414937 0.6066284518351945
    outer loop
      vertex 2.3 125.4 1.9
      vertex 2.3145437356645227 125.6218945267741 1.9
      vertex 1.1014817876306835 125.78159716196099 3.5
    endloop
  endfacet
  facet normal 0.7797100618613008 0.15509397427457608 0.6066284518351935
    outer loop
      vertex 2.3145437356645227 125.17810547322591 1.9
      vertex 1.1014817876306837 125.01840283803904 3.5
      vertex 2.357926095308584 124.96000762332572 1.9
    endloop
  endfacet
  facet normal 0.7527957082955091 0.2555397092349783 0.606628451835195
    outer loop
      vertex 2.357926095308584 124.96000762332572 1.9
      vertex 1.1760874372607824 124.64333490931793 3.5
      vertex 2.4294047947308126 124.74943816497935 1.9
    endloop
  endfacet
  facet normal 0.7797100618612998 -0.15509397427457589 0.6066284518351949
    outer loop
      vertex 2.3145437356645227 125.6218945267741 1.9
      vertex 2.357926095308584 125.83999237667429 1.9
      vertex 1.1760874372607824 126.15666509068208 3.5
    endloop
  endfacet
  facet normal 0.7932833600921771 0.051994538414151255 0.6066284518351942
    outer loop
      vertex 2.3145437356645227 125.17810547322591 1.9
      vertex 1.0764705882352934 125.4 3.5
      vertex 1.1014817876306837 125.01840283803904 3.5
    endloop
  endfacet
  facet normal 0.793283360092177 -0.05199453841414885 0.6066284518351945
    outer loop
      vertex 2.3 125.4 1.9
      vertex 1.1014817876306835 125.78159716196099 3.5
      vertex 1.0764705882352934 125.4 3.5
    endloop
  endfacet
  facet normal 0.7797100618613017 0.1550939742745674 0.6066284518351945
    outer loop
      vertex 2.357926095308584 124.96000762332572 1.9
      vertex 1.1014817876306837 125.01840283803904 3.5
      vertex 1.1760874372607824 124.64333490931793 3.5
    endloop
  endfacet
  facet normal 0.7527957082955078 0.25553970923498404 0.6066284518351943
    outer loop
      vertex 2.4294047947308126 124.74943816497935 1.9
      vertex 1.1760874372607824 124.64333490931793 3.5
      vertex 1.2990110137758264 124.2812137300856 3.5
    endloop
  endfacet
  facet normal 0.7797100618613007 -0.15509397427457328 0.6066284518351946
    outer loop
      vertex 2.3145437356645227 125.6218945267741 1.9
      vertex 1.1760874372607824 126.15666509068208 3.5
      vertex 1.1014817876306835 125.78159716196099 3.5
    endloop
  endfacet
  facet normal 0.7527957082955075 -0.25553970923498365 0.6066284518351949
    outer loop
      vertex 2.357926095308584 125.83999237667429 1.9
      vertex 1.2990110137758264 126.51878626991441 3.5
      vertex 1.1760874372607824 126.15666509068208 3.5
    endloop
  endfacet
  facet normal 0.7130008114463815 -0.3516130889213834 0.6066284518351944
    outer loop
      vertex 2.4294047947308126 126.05056183502066 1.9
      vertex 1.4681492607007878 126.86176470588236 3.5
      vertex 1.2990110137758264 126.51878626991441 3.5
    endloop
  endfacet
  facet normal 0.7130008114463803 0.3516130889213834 0.6066284518351959
    outer loop
      vertex 2.5277568135664543 124.55000000000001 1.9
      vertex 1.2990110137758264 124.2812137300856 3.5
      vertex 1.468149260700788 123.93823529411765 3.5
    endloop
  endfacet
  facet normal 0.6610062730322219 0.44167027117079766 0.6066284518351953
    outer loop
      vertex 2.6512993215049003 124.36510557068519 1.9
      vertex 1.468149260700788 123.93823529411765 3.5
      vertex 1.6806081757368003 123.6202680575451 3.5
    endloop
  endfacet
  facet normal 0.661006273032221 -0.4416702711707977 0.6066284518351961
    outer loop
      vertex 2.5277568135664543 126.25 1.9
      vertex 1.6806081757368003 127.17973194245491 3.5
      vertex 1.4681492607007878 126.86176470588236 3.5
    endloop
  endfacet
  facet normal 0.7130008114463744 0.35161308892139864 0.6066284518351939
    outer loop
      vertex 2.4294047947308126 124.74943816497935 1.9
      vertex 1.2990110137758264 124.2812137300856 3.5
      vertex 2.5277568135664543 124.55000000000001 1.9
    endloop
  endfacet
  facet normal 0.6610062730322265 0.4416702711707892 0.6066284518351964
    outer loop
      vertex 2.6512993215049003 124.36510557068519 1.9
      vertex 2.5277568135664543 124.55000000000001 1.9
      vertex 1.468149260700788 123.93823529411765 3.5
    endloop
  endfacet
  facet normal 0.7527957082955097 -0.2555397092349785 0.6066284518351941
    outer loop
      vertex 2.357926095308584 125.83999237667429 1.9
      vertex 2.4294047947308126 126.05056183502066 1.9
      vertex 1.2990110137758264 126.51878626991441 3.5
    endloop
  endfacet
  facet normal 0.7130008114463727 -0.35161308892139786 0.6066284518351964
    outer loop
      vertex 2.4294047947308126 126.05056183502066 1.9
      vertex 2.5277568135664543 126.25 1.9
      vertex 1.4681492607007878 126.86176470588236 3.5
    endloop
  endfacet
  facet normal 0.5977017340209505 0.524170352626303 0.6066284518351954
    outer loop
      vertex 2.6512993215049003 124.36510557068519 1.9
      vertex 1.6806081757368003 123.6202680575451 3.5
      vertex 2.797918471982869 124.19791847198287 1.9
    endloop
  endfacet
  facet normal 0.6610062730322275 -0.4416702711707899 0.6066284518351949
    outer loop
      vertex 2.5277568135664543 126.25 1.9
      vertex 2.6512993215049003 126.43489442931482 1.9
      vertex 1.6806081757368003 127.17973194245491 3.5
    endloop
  endfacet
  facet normal 0.5977017340209527 -0.524170352626305 0.6066284518351917
    outer loop
      vertex 2.6512993215049003 126.43489442931482 1.9
      vertex 2.797918471982869 126.60208152801714 1.9
      vertex 1.9327525279428577 127.46724747205714 3.5
    endloop
  endfacet
  facet normal 0.5241703526263287 0.5977017340209276 0.6066284518351959
    outer loop
      vertex 2.797918471982869 124.19791847198287 1.9
      vertex 1.9327525279428577 123.33275252794286 3.5
      vertex 2.965105570685175 124.0512993215049 1.9
    endloop
  endfacet
  facet normal 0.5241703526263313 -0.5977017340209305 0.6066284518351909
    outer loop
      vertex 2.797918471982869 126.60208152801714 1.9
      vertex 2.965105570685175 126.74870067849511 1.9
      vertex 2.2202680575450926 127.7193918242632 3.5
    endloop
  endfacet
  facet normal 0.44167027117077096 0.6610062730322444 0.6066284518351902
    outer loop
      vertex 2.965105570685175 124.0512993215049 1.9
      vertex 2.2202680575450926 123.08060817573681 3.5
      vertex 3.15 123.92775681356646 1.9
    endloop
  endfacet
  facet normal 0.4416702711707684 -0.6610062730322405 0.6066284518351963
    outer loop
      vertex 2.965105570685175 126.74870067849511 1.9
      vertex 3.15 126.87224318643355 1.9
      vertex 2.538235294117647 127.93185073929922 3.5
    endloop
  endfacet
  facet normal 0.35161308892138615 0.7130008114463792 0.6066284518351956
    outer loop
      vertex 3.15 123.92775681356646 1.9
      vertex 2.538235294117647 122.86814926070079 3.5
      vertex 3.3494381649793477 123.82940479473082 1.9
    endloop
  endfacet
  facet normal 0.3516130889213849 -0.7130008114463766 0.6066284518351993
    outer loop
      vertex 3.15 126.87224318643355 1.9
      vertex 3.3494381649793477 126.97059520526919 1.9
      vertex 2.8812137300855905 128.1009889862242 3.5
    endloop
  endfacet
  facet normal 0.25553970923498437 0.7527957082955067 0.6066284518351954
    outer loop
      vertex 3.3494381649793477 123.82940479473082 1.9
      vertex 2.8812137300855905 122.69901101377583 3.5
      vertex 3.5600076233257147 123.75792609530859 1.9
    endloop
  endfacet
  facet normal 0.2555397092349841 -0.7527957082955059 0.6066284518351965
    outer loop
      vertex 3.3494381649793477 126.97059520526919 1.9
      vertex 3.5600076233257147 127.04207390469142 1.9
      vertex 3.2433349093179245 128.22391256273923 3.5
    endloop
  endfacet
  facet normal 0.15509397427455254 0.7797100618613069 0.6066284518351918
    outer loop
      vertex 3.5600076233257147 123.75792609530859 1.9
      vertex 3.2433349093179245 122.5760874372608 3.5
      vertex 3.7781054732259123 123.71454373566453 1.9
    endloop
  endfacet
  facet normal 0.15509397427455204 -0.7797100618613042 0.6066284518351952
    outer loop
      vertex 3.5600076233257147 127.04207390469142 1.9
      vertex 3.7781054732259123 127.08545626433548 1.9
      vertex 3.618402838039026 128.29851821236932 3.5
    endloop
  endfacet
  facet normal 0.05199453841418205 0.7932833600921706 0.6066284518352001
    outer loop
      vertex 3.7781054732259123 123.71454373566453 1.9
      vertex 3.618402838039026 122.50148178763068 3.5
      vertex 4 123.7 1.9
    endloop
  endfacet
  facet normal 0.05199453841418224 -0.7932833600921734 0.6066284518351963
    outer loop
      vertex 3.7781054732259123 127.08545626433548 1.9
      vertex 4 127.10000000000001 1.9
      vertex 4 128.32352941176472 3.5
    endloop
  endfacet
  facet normal 0.5977017340209467 0.5241703526263081 0.6066284518351948
    outer loop
      vertex 2.797918471982869 124.19791847198287 1.9
      vertex 1.6806081757368003 123.6202680575451 3.5
      vertex 1.9327525279428577 123.33275252794286 3.5
    endloop
  endfacet
  facet normal 0.5977017340209339 -0.5241703526263228 0.6066284518351945
    outer loop
      vertex 2.6512993215049003 126.43489442931482 1.9
      vertex 1.9327525279428577 127.46724747205714 3.5
      vertex 1.6806081757368003 127.17973194245491 3.5
    endloop
  endfacet
  facet normal 0.5241703526263063 0.5977017340209513 0.6066284518351919
    outer loop
      vertex 2.965105570685175 124.0512993215049 1.9
      vertex 1.9327525279428577 123.33275252794286 3.5
      vertex 2.2202680575450926 123.08060817573681 3.5
    endloop
  endfacet
  facet normal 0.5241703526263227 -0.5977017340209366 0.6066284518351921
    outer loop
      vertex 2.797918471982869 126.60208152801714 1.9
      vertex 2.2202680575450926 127.7193918242632 3.5
      vertex 1.9327525279428577 127.46724747205714 3.5
    endloop
  endfacet
  facet normal 0.4416702711708026 0.6610062730322188 0.6066284518351952
    outer loop
      vertex 3.15 123.92775681356646 1.9
      vertex 2.2202680575450926 123.08060817573681 3.5
      vertex 2.538235294117647 122.86814926070079 3.5
    endloop
  endfacet
  facet normal 0.44167027117080404 -0.6610062730322211 0.6066284518351915
    outer loop
      vertex 2.965105570685175 126.74870067849511 1.9
      vertex 2.538235294117647 127.93185073929922 3.5
      vertex 2.2202680575450926 127.7193918242632 3.5
    endloop
  endfacet
  facet normal 0.3516130889213846 0.7130008114463803 0.6066284518351954
    outer loop
      vertex 3.3494381649793477 123.82940479473082 1.9
      vertex 2.538235294117647 122.86814926070079 3.5
      vertex 2.8812137300855905 122.69901101377583 3.5
    endloop
  endfacet
  facet normal 0.351613088921408 -0.7130008114463677 0.6066284518351963
    outer loop
      vertex 3.15 126.87224318643355 1.9
      vertex 2.8812137300855905 128.1009889862242 3.5
      vertex 2.538235294117647 127.93185073929922 3.5
    endloop
  endfacet
  facet normal 0.25553970923496605 0.7527957082955149 0.6066284518351931
    outer loop
      vertex 3.5600076233257147 123.75792609530859 1.9
      vertex 2.8812137300855905 122.69901101377583 3.5
      vertex 3.2433349093179245 122.5760874372608 3.5
    endloop
  endfacet
  facet normal 0.25553970923496466 -0.7527957082955106 0.606628451835199
    outer loop
      vertex 3.3494381649793477 126.97059520526919 1.9
      vertex 3.2433349093179245 128.22391256273923 3.5
      vertex 2.8812137300855905 128.1009889862242 3.5
    endloop
  endfacet
  facet normal 0.15509397427454596 -0.7797100618613048 0.606628451835196
    outer loop
      vertex 3.5600076233257147 127.04207390469142 1.9
      vertex 3.618402838039026 128.29851821236932 3.5
      vertex 3.2433349093179245 128.22391256273923 3.5
    endloop
  endfacet
  facet normal 0.1550939742746025 0.7797100618612921 0.606628451835198
    outer loop
      vertex 3.7781054732259123 123.71454373566453 1.9
      vertex 3.2433349093179245 122.5760874372608 3.5
      vertex 3.618402838039026 122.50148178763068 3.5
    endloop
  endfacet
  facet normal 0.05199453841412804 0.793283360092179 0.6066284518351935
    outer loop
      vertex 4 123.7 1.9
      vertex 3.618402838039026 122.50148178763068 3.5
      vertex 4 122.4764705882353 3.5
    endloop
  endfacet
  facet normal 0.051994538414186754 -0.7932833600921736 0.6066284518351958
    outer loop
      vertex 3.7781054732259123 127.08545626433548 1.9
      vertex 4 128.32352941176472 3.5
      vertex 3.618402838039026 128.29851821236932 3.5
    endloop
  endfacet
  facet normal -0.05199453841418257 0.7932833600921769 0.6066284518351919
    outer loop
      vertex 4 123.7 1.9
      vertex 4 122.4764705882353 3.5
      vertex 4.221894526774087 123.71454373566453 1.9
    endloop
  endfacet
  facet normal -0.051994538414182376 -0.7932833600921739 0.6066284518351958
    outer loop
      vertex 4 127.10000000000001 1.9
      vertex 4.221894526774087 127.08545626433548 1.9
      vertex 4.381597161960975 128.29851821236932 3.5
    endloop
  endfacet
  facet normal -0.15509397427455138 0.779710061861301 0.6066284518351996
    outer loop
      vertex 4.221894526774087 123.71454373566453 1.9
      vertex 4.381597161960975 122.50148178763068 3.5
      vertex 4.439992376674285 123.75792609530859 1.9
    endloop
  endfacet
  facet normal -0.15509397427455318 -0.77971006186131 0.6066284518351873
    outer loop
      vertex 4.221894526774087 127.08545626433548 1.9
      vertex 4.439992376674285 127.04207390469142 1.9
      vertex 4.756665090682075 128.2239125627392 3.5
    endloop
  endfacet
  facet normal -0.25553970923498465 0.752795708295509 0.6066284518351924
    outer loop
      vertex 4.439992376674285 123.75792609530859 1.9
      vertex 4.756665090682075 122.5760874372608 3.5
      vertex 4.650561835020652 123.82940479473082 1.9
    endloop
  endfacet
  facet normal -0.25553970923498287 -0.7527957082955039 0.6066284518351995
    outer loop
      vertex 4.439992376674285 127.04207390469142 1.9
      vertex 4.650561835020652 126.97059520526919 1.9
      vertex 5.118786269914409 128.1009889862242 3.5
    endloop
  endfacet
  facet normal -0.35161308892138693 0.7130008114463792 0.6066284518351953
    outer loop
      vertex 4.650561835020652 123.82940479473082 1.9
      vertex 5.118786269914409 122.69901101377583 3.5
      vertex 4.85 123.92775681356646 1.9
    endloop
  endfacet
  facet normal -0.35161308892138676 -0.7130008114463788 0.6066284518351958
    outer loop
      vertex 4.650561835020652 126.97059520526919 1.9
      vertex 4.85 126.87224318643355 1.9
      vertex 5.461764705882353 127.93185073929922 3.5
    endloop
  endfacet
  facet normal -0.4416702711707677 0.6610062730322409 0.6066284518351965
    outer loop
      vertex 4.85 123.92775681356646 1.9
      vertex 5.461764705882353 122.86814926070079 3.5
      vertex 5.034894429314825 124.0512993215049 1.9
    endloop
  endfacet
  facet normal -0.44167027117077035 -0.6610062730322449 0.6066284518351901
    outer loop
      vertex 4.85 126.87224318643355 1.9
      vertex 5.034894429314825 126.74870067849511 1.9
      vertex 5.779731942454907 127.7193918242632 3.5
    endloop
  endfacet
  facet normal -0.5241703526263313 0.5977017340209305 0.6066284518351909
    outer loop
      vertex 5.034894429314825 124.0512993215049 1.9
      vertex 5.779731942454907 123.08060817573681 3.5
      vertex 5.202081528017131 124.19791847198287 1.9
    endloop
  endfacet
  facet normal -0.5241703526263288 -0.5977017340209277 0.6066284518351956
    outer loop
      vertex 5.034894429314825 126.74870067849511 1.9
      vertex 5.202081528017131 126.60208152801714 1.9
      vertex 6.067247472057142 127.46724747205715 3.5
    endloop
  endfacet
  facet normal -0.597701734020952 0.5241703526263026 0.6066284518351943
    outer loop
      vertex 5.202081528017131 124.19791847198287 1.9
      vertex 6.067247472057142 123.33275252794286 3.5
      vertex 5.348700678495099 124.36510557068519 1.9
    endloop
  endfacet
  facet normal -0.6610062730322266 0.44167027117079094 0.606628451835195
    outer loop
      vertex 5.348700678495099 124.36510557068519 1.9
      vertex 6.3193918242631995 123.6202680575451 3.5
      vertex 5.472243186433546 124.55000000000001 1.9
    endloop
  endfacet
  facet normal -0.5977017340209513 -0.5241703526263021 0.6066284518351956
    outer loop
      vertex 5.202081528017131 126.60208152801714 1.9
      vertex 5.348700678495099 126.43489442931482 1.9
      vertex 6.3193918242631995 127.17973194245491 3.5
    endloop
  endfacet
  facet normal -0.7130008114463726 0.3516130889213978 0.6066284518351964
    outer loop
      vertex 5.472243186433546 124.55000000000001 1.9
      vertex 6.5318507392992124 123.93823529411765 3.5
      vertex 5.570595205269187 124.74943816497935 1.9
    endloop
  endfacet
  facet normal -0.7527957082955096 0.25553970923497843 0.6066284518351943
    outer loop
      vertex 5.570595205269187 124.74943816497935 1.9
      vertex 6.700988986224174 124.2812137300856 3.5
      vertex 5.642073904691416 124.96000762332572 1.9
    endloop
  endfacet
  facet normal -0.6610062730322257 -0.44167027117079033 0.6066284518351964
    outer loop
      vertex 5.348700678495099 126.43489442931482 1.9
      vertex 5.472243186433546 126.25 1.9
      vertex 6.5318507392992124 126.86176470588236 3.5
    endloop
  endfacet
  facet normal -0.7130008114463744 -0.35161308892139864 0.606628451835194
    outer loop
      vertex 5.472243186433546 126.25 1.9
      vertex 5.570595205269187 126.05056183502066 1.9
      vertex 6.700988986224174 126.51878626991441 3.5
    endloop
  endfacet
  facet normal -0.051994538414127565 0.7932833600921755 0.6066284518351984
    outer loop
      vertex 4.221894526774087 123.71454373566453 1.9
      vertex 4 122.4764705882353 3.5
      vertex 4.381597161960975 122.50148178763068 3.5
    endloop
  endfacet
  facet normal -0.051994538414186574 -0.7932833600921733 0.6066284518351962
    outer loop
      vertex 4 127.10000000000001 1.9
      vertex 4.381597161960975 128.29851821236932 3.5
      vertex 4 128.32352941176472 3.5
    endloop
  endfacet
  facet normal -0.15509397427460334 -0.7797100618612952 0.6066284518351938
    outer loop
      vertex 4.221894526774087 127.08545626433548 1.9
      vertex 4.756665090682075 128.2239125627392 3.5
      vertex 4.381597161960975 128.29851821236932 3.5
    endloop
  endfacet
  facet normal -0.15509397427460342 0.7797100618612954 0.6066284518351934
    outer loop
      vertex 4.439992376674285 123.75792609530859 1.9
      vertex 4.381597161960975 122.50148178763068 3.5
      vertex 4.756665090682075 122.5760874372608 3.5
    endloop
  endfacet
  facet normal -0.2555397092349656 0.7527957082955136 0.6066284518351946
    outer loop
      vertex 4.650561835020652 123.82940479473082 1.9
      vertex 4.756665090682075 122.5760874372608 3.5
      vertex 5.118786269914409 122.69901101377583 3.5
    endloop
  endfacet
  facet normal -0.2555397092349138 -0.7527957082955347 0.6066284518351907
    outer loop
      vertex 4.439992376674285 127.04207390469142 1.9
      vertex 5.118786269914409 128.1009889862242 3.5
      vertex 4.756665090682075 128.2239125627392 3.5
    endloop
  endfacet
  facet normal -0.35161308892138426 0.7130008114463802 0.6066284518351956
    outer loop
      vertex 4.85 123.92775681356646 1.9
      vertex 5.118786269914409 122.69901101377583 3.5
      vertex 5.461764705882353 122.86814926070079 3.5
    endloop
  endfacet
  facet normal -0.35161308892140675 -0.7130008114463665 0.6066284518351985
    outer loop
      vertex 4.650561835020652 126.97059520526919 1.9
      vertex 5.461764705882353 127.93185073929922 3.5
      vertex 5.118786269914409 128.1009889862242 3.5
    endloop
  endfacet
  facet normal -0.44167027117080443 0.6610062730322208 0.6066284518351913
    outer loop
      vertex 5.034894429314825 124.0512993215049 1.9
      vertex 5.461764705882353 122.86814926070079 3.5
      vertex 5.779731942454907 123.08060817573681 3.5
    endloop
  endfacet
  facet normal -0.4416702711708029 -0.6610062730322184 0.6066284518351951
    outer loop
      vertex 4.85 126.87224318643355 1.9
      vertex 5.779731942454907 127.7193918242632 3.5
      vertex 5.461764705882353 127.93185073929922 3.5
    endloop
  endfacet
  facet normal -0.5241703526263048 0.5977017340209498 0.6066284518351946
    outer loop
      vertex 5.202081528017131 124.19791847198287 1.9
      vertex 5.779731942454907 123.08060817573681 3.5
      vertex 6.067247472057142 123.33275252794286 3.5
    endloop
  endfacet
  facet normal -0.5241703526263063 -0.5977017340209513 0.6066284518351918
    outer loop
      vertex 5.034894429314825 126.74870067849511 1.9
      vertex 6.067247472057142 127.46724747205715 3.5
      vertex 5.779731942454907 127.7193918242632 3.5
    endloop
  endfacet
  facet normal -0.5977017340209462 0.5241703526263082 0.6066284518351952
    outer loop
      vertex 5.348700678495099 124.36510557068519 1.9
      vertex 6.067247472057142 123.33275252794286 3.5
      vertex 6.3193918242631995 123.6202680575451 3.5
    endloop
  endfacet
  facet normal -0.5977017340209465 -0.5241703526263085 0.6066284518351945
    outer loop
      vertex 5.202081528017131 126.60208152801714 1.9
      vertex 6.3193918242631995 127.17973194245491 3.5
      vertex 6.067247472057142 127.46724747205715 3.5
    endloop
  endfacet
  facet normal -0.7797100618612997 0.15509397427457586 0.606628451835195
    outer loop
      vertex 5.642073904691416 124.96000762332572 1.9
      vertex 6.823912562739218 124.64333490931793 3.5
      vertex 5.685456264335477 125.17810547322591 1.9
    endloop
  endfacet
  facet normal -0.7797100618613008 -0.15509397427457608 0.6066284518351934
    outer loop
      vertex 5.642073904691416 125.83999237667429 1.9
      vertex 5.685456264335477 125.6218945267741 1.9
      vertex 6.898518212369316 125.78159716196097 3.5
    endloop
  endfacet
  facet normal -0.7932833600921774 0.051994538414149395 0.6066284518351941
    outer loop
      vertex 5.685456264335477 125.17810547322591 1.9
      vertex 6.898518212369316 125.01840283803904 3.5
      vertex 5.7 125.4 1.9
    endloop
  endfacet
  facet normal -0.7932833600921771 -0.05199453841414938 0.6066284518351943
    outer loop
      vertex 5.685456264335477 125.6218945267741 1.9
      vertex 5.7 125.4 1.9
      vertex 6.923529411764706 125.4 3.5
    endloop
  endfacet
  facet normal -0.752795708295509 -0.25553970923497826 0.6066284518351951
    outer loop
      vertex 5.570595205269187 126.05056183502066 1.9
      vertex 5.642073904691416 125.83999237667429 1.9
      vertex 6.823912562739218 126.15666509068208 3.5
    endloop
  endfacet
  facet normal -0.6610062730322207 0.44167027117079827 0.6066284518351962
    outer loop
      vertex 5.472243186433546 124.55000000000001 1.9
      vertex 6.3193918242631995 123.6202680575451 3.5
      vertex 6.5318507392992124 123.93823529411765 3.5
    endloop
  endfacet
  facet normal -0.6610062730322211 -0.4416702711707987 0.6066284518351953
    outer loop
      vertex 5.348700678495099 126.43489442931482 1.9
      vertex 6.5318507392992124 126.86176470588236 3.5
      vertex 6.3193918242631995 127.17973194245491 3.5
    endloop
  endfacet
  facet normal -0.7130008114463802 -0.35161308892138327 0.606628451835196
    outer loop
      vertex 5.472243186433546 126.25 1.9
      vertex 6.700988986224174 126.51878626991441 3.5
      vertex 6.5318507392992124 126.86176470588236 3.5
    endloop
  endfacet
  facet normal -0.7130008114463813 0.3516130889213838 0.6066284518351945
    outer loop
      vertex 5.570595205269187 124.74943816497935 1.9
      vertex 6.5318507392992124 123.93823529411765 3.5
      vertex 6.700988986224174 124.2812137300856 3.5
    endloop
  endfacet
  facet normal -0.7527957082955076 0.2555397092349833 0.6066284518351949
    outer loop
      vertex 5.642073904691416 124.96000762332572 1.9
      vertex 6.700988986224174 124.2812137300856 3.5
      vertex 6.823912562739218 124.64333490931793 3.5
    endloop
  endfacet
  facet normal -0.7797100618613025 0.15509397427456656 0.6066284518351938
    outer loop
      vertex 5.685456264335477 125.17810547322591 1.9
      vertex 6.823912562739218 124.64333490931793 3.5
      vertex 6.898518212369316 125.01840283803904 3.5
    endloop
  endfacet
  facet normal -0.7527957082955079 -0.25553970923498315 0.6066284518351944
    outer loop
      vertex 5.570595205269187 126.05056183502066 1.9
      vertex 6.823912562739218 126.15666509068208 3.5
      vertex 6.700988986224174 126.51878626991441 3.5
    endloop
  endfacet
  facet normal -0.7797100618613019 -0.1550939742745664 0.6066284518351946
    outer loop
      vertex 5.642073904691416 125.83999237667429 1.9
      vertex 6.898518212369316 125.78159716196097 3.5
      vertex 6.823912562739218 126.15666509068208 3.5
    endloop
  endfacet
  facet normal -0.7932833600921771 0.05199453841415073 0.6066284518351943
    outer loop
      vertex 5.7 125.4 1.9
      vertex 6.898518212369316 125.01840283803904 3.5
      vertex 6.923529411764706 125.4 3.5
    endloop
  endfacet
  facet normal -0.7932833600921773 -0.051994538414150866 0.6066284518351941
    outer loop
      vertex 5.685456264335477 125.6218945267741 1.9
      vertex 6.923529411764706 125.4 3.5
      vertex 6.898518212369316 125.78159716196097 3.5
    endloop
  endfacet
endsolid OpenSCAD_Model
